id,path,action,label
0,data/k400/train/-WKCwDRp_jk_000000_000010.mp4,abseiling,0
1,data/k400/train/0N3Jb5UHg8Y_000068_000078.mp4,abseiling,0
2,data/k400/train/3L60SisVlbI_000033_000043.mp4,abseiling,0
3,data/k400/train/3piYTVCzh98_000030_000040.mp4,abseiling,0
4,data/k400/train/3xZcUCuw1Bg_000332_000342.mp4,abseiling,0
5,data/k400/train/51GJ2uVXjvM_001007_001017.mp4,abseiling,0
6,data/k400/train/6suYmw7VEKY_000015_000025.mp4,abseiling,0
7,data/k400/train/7oeEglzbXhM_000267_000277.mp4,abseiling,0
8,data/k400/train/7rGHBHnBB-g_000014_000024.mp4,abseiling,0
9,data/k400/train/82eVvB2tzXo_000045_000055.mp4,abseiling,0
10,data/k400/train/CAjyU8BTfxc_000821_000831.mp4,abseiling,0
11,data/k400/train/Foa5N7B6cHE_000124_000134.mp4,abseiling,0
12,data/k400/train/GOxna0lmElI_000026_000036.mp4,abseiling,0
13,data/k400/train/I1k-vFHsFD0_000114_000124.mp4,abseiling,0
14,data/k400/train/J3rmtvEl4yI_000057_000067.mp4,abseiling,0
15,data/k400/train/KA5UeZwbiXI_000028_000038.mp4,abseiling,0
16,data/k400/train/KCVCpI324yQ_000000_000010.mp4,abseiling,0
17,data/k400/train/K_Tnt0nVJBY_000027_000037.mp4,abseiling,0
18,data/k400/train/MP-Op52e84g_000176_000186.mp4,abseiling,0
19,data/k400/train/N6i1lBKv6dg_000004_000014.mp4,abseiling,0
20,data/k400/train/Q43ZZzEc8TM_000675_000685.mp4,abseiling,0
21,data/k400/train/QynzC6ptRcQ_000429_000439.mp4,abseiling,0
22,data/k400/train/R0-3bOyUhug_000344_000354.mp4,abseiling,0
23,data/k400/train/S2L8AknYPrA_000162_000172.mp4,abseiling,0
24,data/k400/train/SBEN9in3HZk_000003_000013.mp4,abseiling,0
25,data/k400/train/SElYH9O8pBc_000036_000046.mp4,abseiling,0
26,data/k400/train/STzYXorJ3Pg_000245_000255.mp4,abseiling,0
27,data/k400/train/TrE4NBQOw_w_000559_000569.mp4,abseiling,0
28,data/k400/train/XvQnWDCC3zw_000370_000380.mp4,abseiling,0
29,data/k400/train/_IkgLzKQVzk_000020_000030.mp4,abseiling,0
30,data/k400/train/_WWyCxEok2I_000078_000088.mp4,abseiling,0
31,data/k400/train/aOzyY4Vy0NQ_000138_000148.mp4,abseiling,0
32,data/k400/train/cf6AuT58Zk0_000052_000062.mp4,abseiling,0
33,data/k400/train/dVPMgzG03iY_000011_000021.mp4,abseiling,0
34,data/k400/train/dvEr9R6qkuQ_000026_000036.mp4,abseiling,0
35,data/k400/train/dxiQHHuWisA_000096_000106.mp4,abseiling,0
36,data/k400/train/eTKXXDATOLc_000032_000042.mp4,abseiling,0
37,data/k400/train/hglYLaek53E_000158_000168.mp4,abseiling,0
38,data/k400/train/ilaF4-FUp6s_000122_000132.mp4,abseiling,0
39,data/k400/train/mXoPnA5weqE_000066_000076.mp4,abseiling,0
40,data/k400/train/p27S3Eg9O-A_000073_000083.mp4,abseiling,0
41,data/k400/train/p6F0rA7G1qs_000517_000527.mp4,abseiling,0
42,data/k400/train/pRlncfoT-Dg_000080_000090.mp4,abseiling,0
43,data/k400/train/sN80RbKSei0_000014_000024.mp4,abseiling,0
44,data/k400/train/u8TIx2f7fgk_000063_000073.mp4,abseiling,0
45,data/k400/train/u8Y0WHT1gA0_000264_000274.mp4,abseiling,0
46,data/k400/train/vjsJ3nfhddE_000223_000233.mp4,abseiling,0
47,data/k400/train/wL3gh8PxdnM_001373_001383.mp4,abseiling,0
48,data/k400/train/zxN5n-ferOM_000800_000810.mp4,abseiling,0
49,data/k400/train/-t7I9PRPwQI_000005_000015.mp4,air drumming,1
50,data/k400/train/3F0kKu91StY_000002_000012.mp4,air drumming,1
51,data/k400/train/5J9c8-mG16E_000084_000094.mp4,air drumming,1
52,data/k400/train/5x93jandIkw_000016_000026.mp4,air drumming,1
53,data/k400/train/6MqfdNXB2EY_000020_000030.mp4,air drumming,1
54,data/k400/train/7nzx9ajUwH4_000006_000016.mp4,air drumming,1
55,data/k400/train/A4yvEpvHwQM_000002_000012.mp4,air drumming,1
56,data/k400/train/CT0uGx3JkY0_000002_000012.mp4,air drumming,1
57,data/k400/train/Fekzzm7ur-0_000037_000047.mp4,air drumming,1
58,data/k400/train/HN7CKY9OvYI_000126_000136.mp4,air drumming,1
59,data/k400/train/J3LEb8k9gkY_000000_000010.mp4,air drumming,1
60,data/k400/train/RJNxhAF0t4k_000007_000017.mp4,air drumming,1
61,data/k400/train/RlZDyC2vc3E_000008_000018.mp4,air drumming,1
62,data/k400/train/SJaWXZYOHwk_000040_000050.mp4,air drumming,1
63,data/k400/train/Sxx7GytdwMg_000030_000040.mp4,air drumming,1
64,data/k400/train/UT4JPsEt_1I_000000_000010.mp4,air drumming,1
65,data/k400/train/VXHuIjC5tvY_000030_000040.mp4,air drumming,1
66,data/k400/train/Zv_3WVKyQ3k_000279_000289.mp4,air drumming,1
67,data/k400/train/_V6KWhXcTOQ_000103_000113.mp4,air drumming,1
68,data/k400/train/dpIq1HOcgxY_000043_000053.mp4,air drumming,1
69,data/k400/train/eGBNbBn0oHA_000033_000043.mp4,air drumming,1
70,data/k400/train/h8LN3hK-M6M_000008_000018.mp4,air drumming,1
71,data/k400/train/jD408xUqi7s_000019_000029.mp4,air drumming,1
72,data/k400/train/m7Gn2VhYw4g_000073_000083.mp4,air drumming,1
73,data/k400/train/nQZuwDzbPk8_000009_000019.mp4,air drumming,1
74,data/k400/train/nRQ7gNyDSPA_000005_000015.mp4,air drumming,1
75,data/k400/train/nZh2A07DVrI_000008_000018.mp4,air drumming,1
76,data/k400/train/nx_LPNJNkgo_000001_000011.mp4,air drumming,1
77,data/k400/train/oT39MOrx-GA_000016_000026.mp4,air drumming,1
78,data/k400/train/qKjyjh5RJmE_000020_000030.mp4,air drumming,1
79,data/k400/train/r43AJXLXqjI_000003_000013.mp4,air drumming,1
80,data/k400/train/tpWp3nJFYXM_000010_000020.mp4,air drumming,1
81,data/k400/train/v0P1SpwOD5o_000000_000010.mp4,air drumming,1
82,data/k400/train/vFxGB072s8k_000063_000073.mp4,air drumming,1
83,data/k400/train/vKBFH7opCcw_000003_000013.mp4,air drumming,1
84,data/k400/train/vkIYQBmNKUo_000068_000078.mp4,air drumming,1
85,data/k400/train/xUlCZpHSwFI_000010_000020.mp4,air drumming,1
86,data/k400/train/zKfQuE1Cky4_000000_000010.mp4,air drumming,1
87,data/k400/train/zMf9qbBRw8w_000009_000019.mp4,air drumming,1
88,data/k400/train/-g3JhkJRVY4_000333_000343.mp4,answering questions,2
89,data/k400/train/5J1VA-S1vL4_002002_002012.mp4,answering questions,2
90,data/k400/train/ANWy77ag6Yk_000158_000168.mp4,answering questions,2
91,data/k400/train/IPiVhvobc3s_000631_000641.mp4,answering questions,2
92,data/k400/train/SLB5qNYg_jU_000102_000112.mp4,answering questions,2
93,data/k400/train/UPcnS8KLTYk_000231_000241.mp4,answering questions,2
94,data/k400/train/do7L4o6G9n8_000037_000047.mp4,answering questions,2
95,data/k400/train/lsjK07FUihM_000271_000281.mp4,answering questions,2
96,data/k400/train/wdWztGjpOOI_000009_000019.mp4,answering questions,2
97,data/k400/train/zeQKU2L173M_000088_000098.mp4,answering questions,2
98,data/k400/train/zvaolf6EzHo_000247_000257.mp4,answering questions,2
99,data/k400/train/zvdzRkmIoIM_000023_000033.mp4,answering questions,2
100,data/k400/train/AHrhK327SDQ_000003_000013.mp4,applauding,3
101,data/k400/train/Mj-QZdQZV-c_000003_000013.mp4,applauding,3
102,data/k400/train/MjK1qr2Ua6s_000078_000088.mp4,applauding,3
103,data/k400/train/NDThI9M9FfE_000016_000026.mp4,applauding,3
104,data/k400/train/T4tAxuQylrs_000005_000015.mp4,applauding,3
105,data/k400/train/TIvS6sgiFgo_000003_000013.mp4,applauding,3
106,data/k400/train/V61QI5VXq9c_000003_000013.mp4,applauding,3
107,data/k400/train/bsrciTVLsHs_000036_000046.mp4,applauding,3
108,data/k400/train/gwmAnMqalxk_000018_000028.mp4,applauding,3
109,data/k400/train/q2kSLavBI_I_000002_000012.mp4,applauding,3
110,data/k400/train/rDYCu_ekML0_000000_000010.mp4,applauding,3
111,data/k400/train/rbnXQ7O-GZM_000017_000027.mp4,applauding,3
112,data/k400/train/s3eMRlBgKYU_000105_000115.mp4,applauding,3
113,data/k400/train/sqFK7QIGp7c_000001_000011.mp4,applauding,3
114,data/k400/train/4i3OTta8DZ4_000132_000142.mp4,applying cream,4
115,data/k400/train/7sjwztdMe04_000143_000153.mp4,applying cream,4
116,data/k400/train/AS9aL92iAbQ_000005_000015.mp4,applying cream,4
117,data/k400/train/MIeir8eca0g_000014_000024.mp4,applying cream,4
118,data/k400/train/OGGWg1uTEaY_000031_000041.mp4,applying cream,4
119,data/k400/train/QX1K8DMRLAg_000026_000036.mp4,applying cream,4
120,data/k400/train/Qal6R1kQAno_000054_000064.mp4,applying cream,4
121,data/k400/train/beULMF0cLJg_000024_000034.mp4,applying cream,4
122,data/k400/train/ew_jlZttrPU_000012_000022.mp4,applying cream,4
123,data/k400/train/fv-c5W0QS3k_000003_000013.mp4,applying cream,4
124,data/k400/train/ihy-xjaNQY4_000146_000156.mp4,applying cream,4
125,data/k400/train/n7FfERb7wzQ_000063_000073.mp4,applying cream,4
126,data/k400/train/s0vm-e6Hdn8_000006_000016.mp4,applying cream,4
127,data/k400/train/t_0T9095PC4_000053_000063.mp4,applying cream,4
128,data/k400/train/txsIDkKsen4_000050_000060.mp4,applying cream,4
129,data/k400/train/uAKpFIpePIo_000045_000055.mp4,applying cream,4
130,data/k400/train/-5NN5hdIwTc_000036_000046.mp4,archery,5
131,data/k400/train/-Njxj40a0OQ_000000_000010.mp4,archery,5
132,data/k400/train/0_tYPHX5_oc_000061_000071.mp4,archery,5
133,data/k400/train/1Y3VfZz-sYc_000029_000039.mp4,archery,5
134,data/k400/train/4AMpYk39ezw_000014_000024.mp4,archery,5
135,data/k400/train/4sBziFzNBu0_000170_000180.mp4,archery,5
136,data/k400/train/65ZJIYEVVOQ_000016_000026.mp4,archery,5
137,data/k400/train/70WfvquO7Lc_001141_001151.mp4,archery,5
138,data/k400/train/7AhEDr0QwBY_000000_000010.mp4,archery,5
139,data/k400/train/8sWjY7Ht0lE_000027_000037.mp4,archery,5
140,data/k400/train/9A9UguIgWZw_000002_000012.mp4,archery,5
141,data/k400/train/BpzFd6wBWq8_000089_000099.mp4,archery,5
142,data/k400/train/CAaFl44rKfI_000051_000061.mp4,archery,5
143,data/k400/train/EqFsveoCNAo_000045_000055.mp4,archery,5
144,data/k400/train/HKGOrOBBaFk_000037_000047.mp4,archery,5
145,data/k400/train/LJfFTDv_iFE_000115_000125.mp4,archery,5
146,data/k400/train/MlBbXgfpl8o_000101_000111.mp4,archery,5
147,data/k400/train/QVCATgq1SIs_000684_000694.mp4,archery,5
148,data/k400/train/RKqWEYvO2Uw_000002_000012.mp4,archery,5
149,data/k400/train/S2nSHiyEcX0_000009_000019.mp4,archery,5
150,data/k400/train/UrZBJvqDxqg_000006_000016.mp4,archery,5
151,data/k400/train/XWuyWuP4O50_000004_000014.mp4,archery,5
152,data/k400/train/XXSqpdIXsns_000010_000020.mp4,archery,5
153,data/k400/train/Yp4IRsaGQ0k_000056_000066.mp4,archery,5
154,data/k400/train/_hQ2FOzyOJg_000046_000056.mp4,archery,5
155,data/k400/train/_illgqeqjzg_000039_000049.mp4,archery,5
156,data/k400/train/e21q98CSihI_000044_000054.mp4,archery,5
157,data/k400/train/iducPs7Krkw_000080_000090.mp4,archery,5
158,data/k400/train/jZWw-UTrf54_000000_000010.mp4,archery,5
159,data/k400/train/la6YAk2hLrg_000183_000193.mp4,archery,5
160,data/k400/train/mlzLheUjm6s_000634_000644.mp4,archery,5
161,data/k400/train/oW_409oL9Vs_000036_000046.mp4,archery,5
162,data/k400/train/tS6kVppxnz0_000027_000037.mp4,archery,5
163,data/k400/train/uzoWb0RByWM_000035_000045.mp4,archery,5
164,data/k400/train/wHsLROBhB7Y_000000_000010.mp4,archery,5
165,data/k400/train/wVQqcz4JfvY_000095_000105.mp4,archery,5
166,data/k400/train/1LYbyjgFvOY_000000_000010.mp4,arm wrestling,6
167,data/k400/train/5aR6BEiaQW0_000014_000024.mp4,arm wrestling,6
168,data/k400/train/9WHuN2XPz7M_000030_000040.mp4,arm wrestling,6
169,data/k400/train/BnItVNsYK7g_000010_000020.mp4,arm wrestling,6
170,data/k400/train/BnWkSyszGXo_000141_000151.mp4,arm wrestling,6
171,data/k400/train/C0rS8-OSzHc_000001_000011.mp4,arm wrestling,6
172,data/k400/train/DXtNQS-WfaE_000005_000015.mp4,arm wrestling,6
173,data/k400/train/E1U9R9cmONw_000006_000016.mp4,arm wrestling,6
174,data/k400/train/F1yRl0-FDxs_000066_000076.mp4,arm wrestling,6
175,data/k400/train/GZp0Pf1fwuM_000151_000161.mp4,arm wrestling,6
176,data/k400/train/GlpS0UPEVRQ_000002_000012.mp4,arm wrestling,6
177,data/k400/train/HBNogYHTeEY_000174_000184.mp4,arm wrestling,6
178,data/k400/train/HTZYyhUjPq8_000004_000014.mp4,arm wrestling,6
179,data/k400/train/JpzFr9pamA8_000017_000027.mp4,arm wrestling,6
180,data/k400/train/Jt7u-nE2ABQ_000001_000011.mp4,arm wrestling,6
181,data/k400/train/KhEA99RedqE_000015_000025.mp4,arm wrestling,6
182,data/k400/train/Nf2UO3RgZKc_000004_000014.mp4,arm wrestling,6
183,data/k400/train/P9Tm_Y_A2T4_000003_000013.mp4,arm wrestling,6
184,data/k400/train/Qb0XX5GrAEY_000004_000014.mp4,arm wrestling,6
185,data/k400/train/RI_F_wPQeBI_000001_000011.mp4,arm wrestling,6
186,data/k400/train/STpPgl4coe4_000010_000020.mp4,arm wrestling,6
187,data/k400/train/U67C-ys5FKU_000000_000010.mp4,arm wrestling,6
188,data/k400/train/VORNvdALcGU_000019_000029.mp4,arm wrestling,6
189,data/k400/train/VuE_B8JVPaY_000009_000019.mp4,arm wrestling,6
190,data/k400/train/_Lg6oKsuP0o_000017_000027.mp4,arm wrestling,6
191,data/k400/train/_wg2VnWmXsc_000019_000029.mp4,arm wrestling,6
192,data/k400/train/awqMWUt3fiE_000005_000015.mp4,arm wrestling,6
193,data/k400/train/c16h-Jo83NU_000002_000012.mp4,arm wrestling,6
194,data/k400/train/ecyhW6OEqaQ_000029_000039.mp4,arm wrestling,6
195,data/k400/train/ew2833bUhjI_000013_000023.mp4,arm wrestling,6
196,data/k400/train/f2TZUGWu5Wo_000037_000047.mp4,arm wrestling,6
197,data/k400/train/f2VeYQaHzi4_000004_000014.mp4,arm wrestling,6
198,data/k400/train/i-OclFXp81o_000002_000012.mp4,arm wrestling,6
199,data/k400/train/iLQvOmMEN2I_000022_000032.mp4,arm wrestling,6
200,data/k400/train/lmL7xrpvwnA_000002_000012.mp4,arm wrestling,6
201,data/k400/train/oHBRXzEC2wc_000000_000010.mp4,arm wrestling,6
202,data/k400/train/oLk3d2YyTx8_000004_000014.mp4,arm wrestling,6
203,data/k400/train/oWIAoYMmqmU_000038_000048.mp4,arm wrestling,6
204,data/k400/train/qiS4wzCX7Sk_000023_000033.mp4,arm wrestling,6
205,data/k400/train/rSOw1fzbGDo_000101_000111.mp4,arm wrestling,6
206,data/k400/train/t6uANp2Fh_0_000001_000011.mp4,arm wrestling,6
207,data/k400/train/ukmgJlJ_q38_000003_000013.mp4,arm wrestling,6
208,data/k400/train/vTWZ7VmDsZ0_000002_000012.mp4,arm wrestling,6
209,data/k400/train/wLThjonKbyg_000001_000011.mp4,arm wrestling,6
210,data/k400/train/yZGuPwRZbX4_000006_000016.mp4,arm wrestling,6
211,data/k400/train/0yYGaf_Usgk_000336_000346.mp4,arranging flowers,7
212,data/k400/train/3Yt5mas67Yk_000089_000099.mp4,arranging flowers,7
213,data/k400/train/9l6mMxilx94_000011_000021.mp4,arranging flowers,7
214,data/k400/train/A_DRIabGWWM_000010_000020.mp4,arranging flowers,7
215,data/k400/train/GDtlU59e53A_000314_000324.mp4,arranging flowers,7
216,data/k400/train/IO3bF_HYMII_000271_000281.mp4,arranging flowers,7
217,data/k400/train/JgdNCSOJVl0_000571_000581.mp4,arranging flowers,7
218,data/k400/train/Ns7ksioSGwY_000139_000149.mp4,arranging flowers,7
219,data/k400/train/SWXgZgSglAs_000003_000013.mp4,arranging flowers,7
220,data/k400/train/TAGDiRFeAII_000103_000113.mp4,arranging flowers,7
221,data/k400/train/Uete8mxi8Jc_000002_000012.mp4,arranging flowers,7
222,data/k400/train/ZIaMNdk9F-I_000027_000037.mp4,arranging flowers,7
223,data/k400/train/ZvA-Yd-qH5w_000037_000047.mp4,arranging flowers,7
224,data/k400/train/_Otzzhds7OA_000003_000013.mp4,arranging flowers,7
225,data/k400/train/eh8MWRgmYfY_000098_000108.mp4,arranging flowers,7
226,data/k400/train/fmQfv67x-u0_000397_000407.mp4,arranging flowers,7
227,data/k400/train/oNXf6B4c53c_000154_000164.mp4,arranging flowers,7
228,data/k400/train/oSfTo598bxI_000079_000089.mp4,arranging flowers,7
229,data/k400/train/oXq0LJW6oMc_000151_000161.mp4,arranging flowers,7
230,data/k400/train/p6ANSVu7mwg_000022_000032.mp4,arranging flowers,7
231,data/k400/train/u9aw664zJ7I_000062_000072.mp4,arranging flowers,7
232,data/k400/train/uqpqkxpI1_E_000001_000011.mp4,arranging flowers,7
233,data/k400/train/wIV2r8Rmq-Q_000081_000091.mp4,arranging flowers,7
234,data/k400/train/zzKx9-3QoKA_000245_000255.mp4,arranging flowers,7
235,data/k400/train/-Q5qc7aDMQI_000910_000920.mp4,assembling computer,8
236,data/k400/train/-nDK9fE_CNE_000505_000515.mp4,assembling computer,8
237,data/k400/train/5I-1ptHdjKw_000112_000122.mp4,assembling computer,8
238,data/k400/train/6S-n7zrShEg_000028_000038.mp4,assembling computer,8
239,data/k400/train/DYPFbhQykmY_000146_000156.mp4,assembling computer,8
240,data/k400/train/Ei1RENnRqpQ_000579_000589.mp4,assembling computer,8
241,data/k400/train/KGBWH5HuJ_Y_000085_000095.mp4,assembling computer,8
242,data/k400/train/OCkF-DCkTzk_000006_000016.mp4,assembling computer,8
243,data/k400/train/TKHFaYLQgOs_000467_000477.mp4,assembling computer,8
244,data/k400/train/TRrwlwX4QgU_000369_000379.mp4,assembling computer,8
245,data/k400/train/U_YW8qovVN0_000728_000738.mp4,assembling computer,8
246,data/k400/train/YEpKSXcujeE_000294_000304.mp4,assembling computer,8
247,data/k400/train/bA-x3rWmoxU_000100_000110.mp4,assembling computer,8
248,data/k400/train/dWrRacn1U9g_000528_000538.mp4,assembling computer,8
249,data/k400/train/ew7_xQhK2k0_000410_000420.mp4,assembling computer,8
250,data/k400/train/gra56IUyQ28_000755_000765.mp4,assembling computer,8
251,data/k400/train/iTom1z9VN4I_000927_000937.mp4,assembling computer,8
252,data/k400/train/mCbetxcYwNc_000131_000141.mp4,assembling computer,8
253,data/k400/train/mcBlBG0sz6k_000522_000532.mp4,assembling computer,8
254,data/k400/train/o9sIGmz93f4_000251_000261.mp4,assembling computer,8
255,data/k400/train/oYTf1eAE-Os_001455_001465.mp4,assembling computer,8
256,data/k400/train/tNI3JCVYsFY_000613_000623.mp4,assembling computer,8
257,data/k400/train/u1stDsvpLIA_000183_000193.mp4,assembling computer,8
258,data/k400/train/vlxC4SPnXao_000148_000158.mp4,assembling computer,8
259,data/k400/train/yH6WRhCyyJM_000103_000113.mp4,assembling computer,8
260,data/k400/train/zs5daJqJ-oA_000505_000515.mp4,assembling computer,8
261,data/k400/train/4iZgVdDK3r8_000203_000213.mp4,auctioning,9
262,data/k400/train/5hHUtauUJYM_000084_000094.mp4,auctioning,9
263,data/k400/train/7YqKCyzs4dM_000325_000335.mp4,auctioning,9
264,data/k400/train/7bt1HyG-3kY_000443_000453.mp4,auctioning,9
265,data/k400/train/B4FjmHv0nfI_000217_000227.mp4,auctioning,9
266,data/k400/train/BGVN3KyaN_0_000093_000103.mp4,auctioning,9
267,data/k400/train/GGAJ2ki8Em4_000709_000719.mp4,auctioning,9
268,data/k400/train/IMJ1Pn-pkQc_000072_000082.mp4,auctioning,9
269,data/k400/train/IrvF3SrrUjU_000604_000614.mp4,auctioning,9
270,data/k400/train/PC06PpkZD5o_000112_000122.mp4,auctioning,9
271,data/k400/train/ZroWDEX0wpw_000170_000180.mp4,auctioning,9
272,data/k400/train/ci_3k3QEEQg_000457_000467.mp4,auctioning,9
273,data/k400/train/fvqHmIyQGCs_000146_000156.mp4,auctioning,9
274,data/k400/train/ktdhl7Kj4Nk_000002_000012.mp4,auctioning,9
275,data/k400/train/mSiiYQDAcCw_000063_000073.mp4,auctioning,9
276,data/k400/train/mlINMRpYqN0_000675_000685.mp4,auctioning,9
277,data/k400/train/qCTjiJAe-mA_000067_000077.mp4,auctioning,9
278,data/k400/train/s_Sx_Gax5O8_000331_000341.mp4,auctioning,9
279,data/k400/train/2WXYh6y0qmw_000146_000156.mp4,baby waking up,10
280,data/k400/train/7sHbzCL_JWY_000037_000047.mp4,baby waking up,10
281,data/k400/train/8obEJ-sU0FI_000033_000043.mp4,baby waking up,10
282,data/k400/train/9SdlEAqD0Hc_000143_000153.mp4,baby waking up,10
283,data/k400/train/EbgTfeN5tIo_003353_003363.mp4,baby waking up,10
284,data/k400/train/EkSP9ds58ro_000080_000090.mp4,baby waking up,10
285,data/k400/train/JAZwLCYuVDc_000022_000032.mp4,baby waking up,10
286,data/k400/train/Kk-x-2RJ5V8_000005_000015.mp4,baby waking up,10
287,data/k400/train/OtgBnZtLXQA_000015_000025.mp4,baby waking up,10
288,data/k400/train/Tg6DVNhc7BM_000032_000042.mp4,baby waking up,10
289,data/k400/train/X2_0VTyy-ZA_000014_000024.mp4,baby waking up,10
290,data/k400/train/XC-csaIkXtU_000161_000171.mp4,baby waking up,10
291,data/k400/train/ZSZbegsRAx8_000003_000013.mp4,baby waking up,10
292,data/k400/train/ccM6IIwEH7E_000045_000055.mp4,baby waking up,10
293,data/k400/train/dAFNUuynGjU_000008_000018.mp4,baby waking up,10
294,data/k400/train/dmwcqkF-XK4_000092_000102.mp4,baby waking up,10
295,data/k400/train/e1BIMVNhE9s_000031_000041.mp4,baby waking up,10
296,data/k400/train/ikG32HnQnYE_000015_000025.mp4,baby waking up,10
297,data/k400/train/jkUHTWBSKZM_000002_000012.mp4,baby waking up,10
298,data/k400/train/k7MSwRXPtNE_000001_000011.mp4,baby waking up,10
299,data/k400/train/uZPTtGkNUus_000022_000032.mp4,baby waking up,10
300,data/k400/train/vZGtldYJsjQ_000032_000042.mp4,baby waking up,10
301,data/k400/train/x7CBBG96Ovw_000150_000160.mp4,baby waking up,10
302,data/k400/train/zVj1bNfUIqA_000339_000349.mp4,baby waking up,10
303,data/k400/train/4fOqzW7l9IQ_000017_000027.mp4,baking cookies,11
304,data/k400/train/6rt_mZ0-TJI_000347_000357.mp4,baking cookies,11
305,data/k400/train/7BhET1oWVZQ_000065_000075.mp4,baking cookies,11
306,data/k400/train/8fAGLjGI3Mo_000252_000262.mp4,baking cookies,11
307,data/k400/train/BvVgAtjsbKs_000387_000397.mp4,baking cookies,11
308,data/k400/train/Fji04iPHaqA_000000_000010.mp4,baking cookies,11
309,data/k400/train/JZS4XhaueNQ_000191_000201.mp4,baking cookies,11
310,data/k400/train/KcW0wKCvrcU_000058_000068.mp4,baking cookies,11
311,data/k400/train/MQGb2H3wtts_000012_000022.mp4,baking cookies,11
312,data/k400/train/OF0ANg-fKIY_000330_000340.mp4,baking cookies,11
313,data/k400/train/PqGKhfJYzyc_000068_000078.mp4,baking cookies,11
314,data/k400/train/S7UXJIM8QpU_000013_000023.mp4,baking cookies,11
315,data/k400/train/VFq7RLH_fAw_000005_000015.mp4,baking cookies,11
316,data/k400/train/XNr310264RE_000085_000095.mp4,baking cookies,11
317,data/k400/train/YZ-rAlnRHA8_000006_000016.mp4,baking cookies,11
318,data/k400/train/Za3nVhe3eKs_000122_000132.mp4,baking cookies,11
319,data/k400/train/ZbFlVcSmHCI_000016_000026.mp4,baking cookies,11
320,data/k400/train/aA8aWhVQbws_000007_000017.mp4,baking cookies,11
321,data/k400/train/c8XE5-1ut3s_000136_000146.mp4,baking cookies,11
322,data/k400/train/dikVrQpsIUg_000958_000968.mp4,baking cookies,11
323,data/k400/train/hKExqgz9fmg_000241_000251.mp4,baking cookies,11
324,data/k400/train/idydkLbbdNo_000921_000931.mp4,baking cookies,11
325,data/k400/train/ie7L2pMhMis_000073_000083.mp4,baking cookies,11
326,data/k400/train/kHBwWnA_ZNg_000286_000296.mp4,baking cookies,11
327,data/k400/train/mzsb9SXiGF8_000013_000023.mp4,baking cookies,11
328,data/k400/train/nni9ti6OyZY_000012_000022.mp4,baking cookies,11
329,data/k400/train/o4NY6cimbNE_000098_000108.mp4,baking cookies,11
330,data/k400/train/shuR2FB5AJU_000013_000023.mp4,baking cookies,11
331,data/k400/train/u3Oc9rcwtac_000012_000022.mp4,baking cookies,11
332,data/k400/train/wKcf_5m2ty0_000147_000157.mp4,baking cookies,11
333,data/k400/train/wM0H4KIz7sk_000688_000698.mp4,baking cookies,11
334,data/k400/train/ydKNPWAVLck_000008_000018.mp4,baking cookies,11
335,data/k400/train/z1YFE1yRVo0_000000_000010.mp4,baking cookies,11
336,data/k400/train/zxmEam6QgU8_000324_000334.mp4,baking cookies,11
337,data/k400/train/0cTGPt8kdp0_000003_000013.mp4,balloon blowing,12
338,data/k400/train/1vU2dYjFkTs_000016_000026.mp4,balloon blowing,12
339,data/k400/train/3mXJl1vL228_000000_000010.mp4,balloon blowing,12
340,data/k400/train/4PEsetAJrpw_000012_000022.mp4,balloon blowing,12
341,data/k400/train/53CiMpyHTuA_000024_000034.mp4,balloon blowing,12
342,data/k400/train/60PPdWEp0ec_000055_000065.mp4,balloon blowing,12
343,data/k400/train/6KuL-Nmzojs_000002_000012.mp4,balloon blowing,12
344,data/k400/train/7JbIsJb2JFo_000008_000018.mp4,balloon blowing,12
345,data/k400/train/7t5RbOaGATU_000050_000060.mp4,balloon blowing,12
346,data/k400/train/8KBH4YdsQUM_000035_000045.mp4,balloon blowing,12
347,data/k400/train/Aq6UKy41XKQ_000000_000010.mp4,balloon blowing,12
348,data/k400/train/B735PG8RH8U_000019_000029.mp4,balloon blowing,12
349,data/k400/train/CaHhnK3i9mo_000013_000023.mp4,balloon blowing,12
350,data/k400/train/DjgtpeN4D7M_000074_000084.mp4,balloon blowing,12
351,data/k400/train/EwhspCvqcg8_000023_000033.mp4,balloon blowing,12
352,data/k400/train/GJtjV_JEX70_000333_000343.mp4,balloon blowing,12
353,data/k400/train/LFV-lcRq2WM_000159_000169.mp4,balloon blowing,12
354,data/k400/train/LIcT8_cmvcg_000170_000180.mp4,balloon blowing,12
355,data/k400/train/Lbs4MWVP-_g_000169_000179.mp4,balloon blowing,12
356,data/k400/train/Lv8UEJ5u0w4_000033_000043.mp4,balloon blowing,12
357,data/k400/train/MdZRAz-AjvA_000000_000010.mp4,balloon blowing,12
358,data/k400/train/MqGm1bhRAxw_000005_000015.mp4,balloon blowing,12
359,data/k400/train/NcG9M-VZmME_000058_000068.mp4,balloon blowing,12
360,data/k400/train/Rty_0u3-kic_000045_000055.mp4,balloon blowing,12
361,data/k400/train/SMexCw0IdeE_000014_000024.mp4,balloon blowing,12
362,data/k400/train/WkkcRxVMDqs_000005_000015.mp4,balloon blowing,12
363,data/k400/train/_S8MfcbYDBM_000001_000011.mp4,balloon blowing,12
364,data/k400/train/cah5gkJ8l4Q_000505_000515.mp4,balloon blowing,12
365,data/k400/train/emXcC8UacCA_000272_000282.mp4,balloon blowing,12
366,data/k400/train/gA4rcuJnYIM_000024_000034.mp4,balloon blowing,12
367,data/k400/train/gee2yh8b0X8_000255_000265.mp4,balloon blowing,12
368,data/k400/train/jgFL6kXeD3k_000067_000077.mp4,balloon blowing,12
369,data/k400/train/m-KTpO0CSKI_000013_000023.mp4,balloon blowing,12
370,data/k400/train/pA5P4AysSo0_000524_000534.mp4,balloon blowing,12
371,data/k400/train/pfZO9e58meM_000000_000010.mp4,balloon blowing,12
372,data/k400/train/xx9V_Bi8sng_000004_000014.mp4,balloon blowing,12
373,data/k400/train/yIdMFRpOcuM_000007_000017.mp4,balloon blowing,12
374,data/k400/train/z1P3kisboDA_000017_000027.mp4,balloon blowing,12
375,data/k400/train/-oww2bPbZIE_000189_000199.mp4,bandaging,13
376,data/k400/train/0bLehW9HFsU_000212_000222.mp4,bandaging,13
377,data/k400/train/2dE9NFxQijo_000166_000176.mp4,bandaging,13
378,data/k400/train/3Ccow_EX2to_000200_000210.mp4,bandaging,13
379,data/k400/train/4_W7WhTHVFE_000029_000039.mp4,bandaging,13
380,data/k400/train/5KlQN_p3upM_000012_000022.mp4,bandaging,13
381,data/k400/train/8o_L0eiRK2o_000049_000059.mp4,bandaging,13
382,data/k400/train/9vNIOHPi5JY_000020_000030.mp4,bandaging,13
383,data/k400/train/BtFjNpRcwn4_000001_000011.mp4,bandaging,13
384,data/k400/train/GWyl-iexsXQ_000103_000113.mp4,bandaging,13
385,data/k400/train/J1W-KWRs-sk_000033_000043.mp4,bandaging,13
386,data/k400/train/JiJR-n_moGI_000149_000159.mp4,bandaging,13
387,data/k400/train/KYG9opN3ir4_000085_000095.mp4,bandaging,13
388,data/k400/train/XbRuL8IPRlE_000121_000131.mp4,bandaging,13
389,data/k400/train/b53vM_78VEM_000020_000030.mp4,bandaging,13
390,data/k400/train/hqb_f50bmEY_000011_000021.mp4,bandaging,13
391,data/k400/train/lTNlr4nA02Q_000006_000016.mp4,bandaging,13
392,data/k400/train/on2o275MKdM_000287_000297.mp4,bandaging,13
393,data/k400/train/pbxWCd_PnoY_000030_000040.mp4,bandaging,13
394,data/k400/train/wfeVJbk9PD8_000144_000154.mp4,bandaging,13
395,data/k400/train/0EFxOj0mLF0_000001_000011.mp4,barbequing,14
396,data/k400/train/22VXRSH_gBw_000086_000096.mp4,barbequing,14
397,data/k400/train/2_GHlyLLOdc_000148_000158.mp4,barbequing,14
398,data/k400/train/3lvfeqqvSXw_000098_000108.mp4,barbequing,14
399,data/k400/train/4sJMR7sNeAI_000131_000141.mp4,barbequing,14
400,data/k400/train/50GpcTFcEHs_000040_000050.mp4,barbequing,14
401,data/k400/train/ArXyCLSE3r0_000019_000029.mp4,barbequing,14
402,data/k400/train/BxYCVizBcwo_000002_000012.mp4,barbequing,14
403,data/k400/train/DjJGcfO3QKs_000010_000020.mp4,barbequing,14
404,data/k400/train/FHEOkf6-ZLw_000177_000187.mp4,barbequing,14
405,data/k400/train/GEGoPF0KsIs_000401_000411.mp4,barbequing,14
406,data/k400/train/JbUlRiMvANI_000004_000014.mp4,barbequing,14
407,data/k400/train/JysB9p6wvis_000054_000064.mp4,barbequing,14
408,data/k400/train/Kw-MJnbjp0U_000129_000139.mp4,barbequing,14
409,data/k400/train/PrLToH2TMUA_000032_000042.mp4,barbequing,14
410,data/k400/train/QEy9hVhsXYk_000297_000307.mp4,barbequing,14
411,data/k400/train/RvrP9dSGwS4_000114_000124.mp4,barbequing,14
412,data/k400/train/SC1L0Oe7XVE_000028_000038.mp4,barbequing,14
413,data/k400/train/Sg0gtBxw37U_000046_000056.mp4,barbequing,14
414,data/k400/train/UERAR6fYlIY_000001_000011.mp4,barbequing,14
415,data/k400/train/d9dDFf6NCk4_000041_000051.mp4,barbequing,14
416,data/k400/train/dfDI5wcB-p4_000075_000085.mp4,barbequing,14
417,data/k400/train/drWNrZ6_eY8_000035_000045.mp4,barbequing,14
418,data/k400/train/fH8dCkYPS44_000029_000039.mp4,barbequing,14
419,data/k400/train/h7QFADCGwUM_000132_000142.mp4,barbequing,14
420,data/k400/train/ha4BamI0TFg_000000_000010.mp4,barbequing,14
421,data/k400/train/hxQlpjeP8Vs_000002_000012.mp4,barbequing,14
422,data/k400/train/k7useDaMZm0_001572_001582.mp4,barbequing,14
423,data/k400/train/kU40VSIes1k_000040_000050.mp4,barbequing,14
424,data/k400/train/knDGIgHtdfg_000496_000506.mp4,barbequing,14
425,data/k400/train/mkVdSvbOMnE_000049_000059.mp4,barbequing,14
426,data/k400/train/oe0DBpHuuzY_000416_000426.mp4,barbequing,14
427,data/k400/train/ogNFzDv_dSg_000033_000043.mp4,barbequing,14
428,data/k400/train/opnz_XB2HFg_000002_000012.mp4,barbequing,14
429,data/k400/train/prjZu0PxzKs_000213_000223.mp4,barbequing,14
430,data/k400/train/tH1vpGLBjBA_000120_000130.mp4,barbequing,14
431,data/k400/train/tf0x9xGmPBw_000113_000123.mp4,barbequing,14
432,data/k400/train/u8z4nRkQE98_000210_000220.mp4,barbequing,14
433,data/k400/train/vesa-Lxc3rU_000002_000012.mp4,barbequing,14
434,data/k400/train/whkiMjRjC4w_000031_000041.mp4,barbequing,14
435,data/k400/train/z3lUGOoFqQk_000003_000013.mp4,barbequing,14
436,data/k400/train/zi4jj6tOYQs_000286_000296.mp4,barbequing,14
437,data/k400/train/C5TM5V0Bnaw_000183_000193.mp4,bartending,15
438,data/k400/train/FmwFCx7-EiE_000184_000194.mp4,bartending,15
439,data/k400/train/HlhRq0jII5I_000298_000308.mp4,bartending,15
440,data/k400/train/ITIVDIlfe_8_000074_000084.mp4,bartending,15
441,data/k400/train/KLihaP1eDUM_000014_000024.mp4,bartending,15
442,data/k400/train/MPbecQBzM6w_000071_000081.mp4,bartending,15
443,data/k400/train/SQZZtoCfa7Q_000087_000097.mp4,bartending,15
444,data/k400/train/WPML2WE_mno_000131_000141.mp4,bartending,15
445,data/k400/train/Zc1cjwiArXc_000317_000327.mp4,bartending,15
446,data/k400/train/_3bG2-Dn0lY_000477_000487.mp4,bartending,15
447,data/k400/train/b8KTz54Fjlc_000065_000075.mp4,bartending,15
448,data/k400/train/kGuD-x0Kpww_000373_000383.mp4,bartending,15
449,data/k400/train/lYf0xxFezDE_000405_000415.mp4,bartending,15
450,data/k400/train/olkN0rLvmpI_000001_000011.mp4,bartending,15
451,data/k400/train/pJmaie9-dDY_000001_000011.mp4,bartending,15
452,data/k400/train/qD9s0w5qoNY_000049_000059.mp4,bartending,15
453,data/k400/train/tC2A9YUKmZU_000095_000105.mp4,bartending,15
454,data/k400/train/tUMnK5Osma4_000044_000054.mp4,bartending,15
455,data/k400/train/vX1-J-TT3aI_000199_000209.mp4,bartending,15
456,data/k400/train/-QgtDg1rtGk_000269_000279.mp4,beatboxing,16
457,data/k400/train/2FQv88eBvdY_000033_000043.mp4,beatboxing,16
458,data/k400/train/2FcA6TwWzVI_000058_000068.mp4,beatboxing,16
459,data/k400/train/35L7SBgXMKM_000062_000072.mp4,beatboxing,16
460,data/k400/train/35kMY2rxbks_000029_000039.mp4,beatboxing,16
461,data/k400/train/6eKiC9V-IiE_000197_000207.mp4,beatboxing,16
462,data/k400/train/BQE9NcOL2XA_000062_000072.mp4,beatboxing,16
463,data/k400/train/DXwIDneXs2w_000024_000034.mp4,beatboxing,16
464,data/k400/train/FDMMj2UcyxU_000101_000111.mp4,beatboxing,16
465,data/k400/train/Gt7GkMRorrc_000011_000021.mp4,beatboxing,16
466,data/k400/train/H20fRquUXJE_000088_000098.mp4,beatboxing,16
467,data/k400/train/H2uYNubbpLU_000026_000036.mp4,beatboxing,16
468,data/k400/train/IPOhU0EDmN8_000204_000214.mp4,beatboxing,16
469,data/k400/train/J2fC1n2wPs0_000002_000012.mp4,beatboxing,16
470,data/k400/train/PreVGfXlIqw_000048_000058.mp4,beatboxing,16
471,data/k400/train/QbOqMUHPT_k_000139_000149.mp4,beatboxing,16
472,data/k400/train/U61twLQacM4_000000_000010.mp4,beatboxing,16
473,data/k400/train/U64V3d3HV4M_000304_000314.mp4,beatboxing,16
474,data/k400/train/Xxvnbyn1oCg_000149_000159.mp4,beatboxing,16
475,data/k400/train/ZnQVAbld8jg_000147_000157.mp4,beatboxing,16
476,data/k400/train/_VZ3dR-ujJU_000014_000024.mp4,beatboxing,16
477,data/k400/train/aAcPPmKefDk_000001_000011.mp4,beatboxing,16
478,data/k400/train/aAckuo2ofC8_000257_000267.mp4,beatboxing,16
479,data/k400/train/bq_ae1320OE_000031_000041.mp4,beatboxing,16
480,data/k400/train/br6fmi7iJGw_000341_000351.mp4,beatboxing,16
481,data/k400/train/f9aSnKQKcYI_000001_000011.mp4,beatboxing,16
482,data/k400/train/j51PKpBD6JU_000013_000023.mp4,beatboxing,16
483,data/k400/train/j5kfQiEBNis_000001_000011.mp4,beatboxing,16
484,data/k400/train/jnwoxO8PazM_000000_000010.mp4,beatboxing,16
485,data/k400/train/mlu-wDGl4Ls_000093_000103.mp4,beatboxing,16
486,data/k400/train/ow0WIKykZEE_000029_000039.mp4,beatboxing,16
487,data/k400/train/oxIcoy5OJNQ_000089_000099.mp4,beatboxing,16
488,data/k400/train/tA-Jxa4iojw_000003_000013.mp4,beatboxing,16
489,data/k400/train/tA7MW2SsMos_000003_000013.mp4,beatboxing,16
490,data/k400/train/tBkZ77hoSyw_000007_000017.mp4,beatboxing,16
491,data/k400/train/wTGyz4QEY1k_000002_000012.mp4,beatboxing,16
492,data/k400/train/wdUXfeUeg0Q_000045_000055.mp4,beatboxing,16
493,data/k400/train/x5wnYZERpsY_000191_000201.mp4,beatboxing,16
494,data/k400/train/zvRIfbnwq6w_000062_000072.mp4,beatboxing,16
495,data/k400/train/4_nPVREmJzs_000277_000287.mp4,bee keeping,17
496,data/k400/train/BWrUAeT23-Y_000043_000053.mp4,bee keeping,17
497,data/k400/train/TbvVR1-_Px0_000016_000026.mp4,bee keeping,17
498,data/k400/train/YEkb3lyRQNw_000006_000016.mp4,bee keeping,17
499,data/k400/train/YMPOt-GwyWI_000012_000022.mp4,bee keeping,17
500,data/k400/train/kCHA2xgmvno_000000_000010.mp4,bee keeping,17
501,data/k400/train/-q0Wpf0WThk_000317_000327.mp4,belly dancing,18
502,data/k400/train/-uv_-QtVUh0_000089_000099.mp4,belly dancing,18
503,data/k400/train/1zjHVf-iNBA_000178_000188.mp4,belly dancing,18
504,data/k400/train/2PriYL5zjnE_000042_000052.mp4,belly dancing,18
505,data/k400/train/4pK0q_Yo2lU_000252_000262.mp4,belly dancing,18
506,data/k400/train/ANlBjjmFhK8_000158_000168.mp4,belly dancing,18
507,data/k400/train/C3BZPNYBuP8_000041_000051.mp4,belly dancing,18
508,data/k400/train/Cev08b5Nhg0_000057_000067.mp4,belly dancing,18
509,data/k400/train/D9gOfpfEsiQ_000073_000083.mp4,belly dancing,18
510,data/k400/train/Du1MDfNMOB4_000215_000225.mp4,belly dancing,18
511,data/k400/train/E2NA7nLivyM_000025_000035.mp4,belly dancing,18
512,data/k400/train/E3k11K7bKWA_000166_000176.mp4,belly dancing,18
513,data/k400/train/Fd8A6KMum_U_000122_000132.mp4,belly dancing,18
514,data/k400/train/GkHBux9ItQ0_000291_000301.mp4,belly dancing,18
515,data/k400/train/Haatfr32p00_000016_000026.mp4,belly dancing,18
516,data/k400/train/IQZtjgnjTno_000144_000154.mp4,belly dancing,18
517,data/k400/train/KSOQcphoqqE_000005_000015.mp4,belly dancing,18
518,data/k400/train/M1R7aHxUPcE_000325_000335.mp4,belly dancing,18
519,data/k400/train/MKiNbFvkVSY_000096_000106.mp4,belly dancing,18
520,data/k400/train/Mp3TDMAh7hI_000005_000015.mp4,belly dancing,18
521,data/k400/train/NMQ4qSwH6SI_000045_000055.mp4,belly dancing,18
522,data/k400/train/PCyFRTjgQBY_000001_000011.mp4,belly dancing,18
523,data/k400/train/R80hMRADANM_000218_000228.mp4,belly dancing,18
524,data/k400/train/SOxiNFmLXnY_000002_000012.mp4,belly dancing,18
525,data/k400/train/Sn1onHQftuI_000349_000359.mp4,belly dancing,18
526,data/k400/train/U6WWQPKzR6s_000142_000152.mp4,belly dancing,18
527,data/k400/train/V45D1oO7swA_000003_000013.mp4,belly dancing,18
528,data/k400/train/VpAeBOn_JHc_000008_000018.mp4,belly dancing,18
529,data/k400/train/W7AA7E8jyeI_000147_000157.mp4,belly dancing,18
530,data/k400/train/WjhIhWv-Uws_000085_000095.mp4,belly dancing,18
531,data/k400/train/WwoLy_m6Zvg_000000_000010.mp4,belly dancing,18
532,data/k400/train/XidvlDOYFro_000025_000035.mp4,belly dancing,18
533,data/k400/train/YpzN8wih8Jk_000225_000235.mp4,belly dancing,18
534,data/k400/train/_5XIY2kCNZI_000085_000095.mp4,belly dancing,18
535,data/k400/train/i1g7iYOxqsg_000001_000011.mp4,belly dancing,18
536,data/k400/train/lRTNYmJnTYU_000014_000024.mp4,belly dancing,18
537,data/k400/train/lbMvjr0f5TU_000046_000056.mp4,belly dancing,18
538,data/k400/train/mqwA_RgA3e8_000002_000012.mp4,belly dancing,18
539,data/k400/train/o7xUIR9P8U8_000023_000033.mp4,belly dancing,18
540,data/k400/train/oU7WOfiUOjM_000084_000094.mp4,belly dancing,18
541,data/k400/train/r7dgawc9cEE_000143_000153.mp4,belly dancing,18
542,data/k400/train/v9w9mQx7MN4_000142_000152.mp4,belly dancing,18
543,data/k400/train/wQM7ERcR4c4_000055_000065.mp4,belly dancing,18
544,data/k400/train/xQ43WVdoPtM_000225_000235.mp4,belly dancing,18
545,data/k400/train/yo-N_xLefAE_000354_000364.mp4,belly dancing,18
546,data/k400/train/zt7XHcgHdEc_000275_000285.mp4,belly dancing,18
547,data/k400/train/-Dffz-3yZgw_000022_000032.mp4,bench pressing,19
548,data/k400/train/12vWZg5BdG4_000004_000014.mp4,bench pressing,19
549,data/k400/train/2DVQEhzw2IA_000007_000017.mp4,bench pressing,19
550,data/k400/train/4QilZaMYT_s_000324_000334.mp4,bench pressing,19
551,data/k400/train/6ZAII2zYTB4_000000_000010.mp4,bench pressing,19
552,data/k400/train/88VW6DU_FDY_000008_000018.mp4,bench pressing,19
553,data/k400/train/8V0KeJ-vJ2o_000002_000012.mp4,bench pressing,19
554,data/k400/train/AhyoWqf88AA_000009_000019.mp4,bench pressing,19
555,data/k400/train/By-mpxyVckM_000028_000038.mp4,bench pressing,19
556,data/k400/train/CVeTITJCutQ_000001_000011.mp4,bench pressing,19
557,data/k400/train/CXgv232iW3c_000002_000012.mp4,bench pressing,19
558,data/k400/train/Cec4QAHQLyA_000000_000010.mp4,bench pressing,19
559,data/k400/train/G_hCeQqTVEw_000018_000028.mp4,bench pressing,19
560,data/k400/train/LCX00PQpPkw_000019_000029.mp4,bench pressing,19
561,data/k400/train/NFmcthS4Ja0_000016_000026.mp4,bench pressing,19
562,data/k400/train/NV0OBa6sSFM_000018_000028.mp4,bench pressing,19
563,data/k400/train/Pq9SedgzW-s_000021_000031.mp4,bench pressing,19
564,data/k400/train/TTcE355WRxQ_000121_000131.mp4,bench pressing,19
565,data/k400/train/TekxZpmmgpI_000058_000068.mp4,bench pressing,19
566,data/k400/train/Th7lIHo5ncY_000012_000022.mp4,bench pressing,19
567,data/k400/train/V_nk_Wtgr1s_000234_000244.mp4,bench pressing,19
568,data/k400/train/Vr93FU6KUOc_000002_000012.mp4,bench pressing,19
569,data/k400/train/X8vNNiIn56M_000000_000010.mp4,bench pressing,19
570,data/k400/train/XS6EHzAh4UI_000002_000012.mp4,bench pressing,19
571,data/k400/train/Xelxozo6MUU_000012_000022.mp4,bench pressing,19
572,data/k400/train/_IVXAOjpKSA_000001_000011.mp4,bench pressing,19
573,data/k400/train/fZwb39qOoAc_000018_000028.mp4,bench pressing,19
574,data/k400/train/gvSeD1K8ckA_000011_000021.mp4,bench pressing,19
575,data/k400/train/hHUyAXZmX9s_000003_000013.mp4,bench pressing,19
576,data/k400/train/hmJBLLlsD-8_000019_000029.mp4,bench pressing,19
577,data/k400/train/jKuZkAWAhpY_000008_000018.mp4,bench pressing,19
578,data/k400/train/jxz6cpktV6A_000025_000035.mp4,bench pressing,19
579,data/k400/train/oeDMVynjm_8_000113_000123.mp4,bench pressing,19
580,data/k400/train/olDXUmPxyyA_000004_000014.mp4,bench pressing,19
581,data/k400/train/r0l30_1VQP0_000039_000049.mp4,bench pressing,19
582,data/k400/train/r3OX0y9wFps_000040_000050.mp4,bench pressing,19
583,data/k400/train/sclV1zG72qA_000013_000023.mp4,bench pressing,19
584,data/k400/train/sezlFz2_dTQ_000004_000014.mp4,bench pressing,19
585,data/k400/train/thkUgsxrW6U_000054_000064.mp4,bench pressing,19
586,data/k400/train/uG4ip8Eqszs_000022_000032.mp4,bench pressing,19
587,data/k400/train/vWFTQJyzJA8_000033_000043.mp4,bench pressing,19
588,data/k400/train/z-nzrhgKfe4_000159_000169.mp4,bench pressing,19
589,data/k400/train/-f26utZ4zNY_000002_000012.mp4,bending back,20
590,data/k400/train/0wNi83oL6Ds_000102_000112.mp4,bending back,20
591,data/k400/train/9JQlXekxH8I_000025_000035.mp4,bending back,20
592,data/k400/train/CDldZ0cjAxc_000237_000247.mp4,bending back,20
593,data/k400/train/ETobiXC0rc4_000003_000013.mp4,bending back,20
594,data/k400/train/FpCcW5B-dec_000029_000039.mp4,bending back,20
595,data/k400/train/LyQN33VmAgI_000008_000018.mp4,bending back,20
596,data/k400/train/OugPHL-GwLQ_000007_000017.mp4,bending back,20
597,data/k400/train/PKkLLMPTMCg_000002_000012.mp4,bending back,20
598,data/k400/train/QrsvWITj24I_000090_000100.mp4,bending back,20
599,data/k400/train/SGBRxbjr0XY_000058_000068.mp4,bending back,20
600,data/k400/train/SdtNceaElow_000003_000013.mp4,bending back,20
601,data/k400/train/VxqK5L6SXYs_000001_000011.mp4,bending back,20
602,data/k400/train/WVwm9VoWHjI_000363_000373.mp4,bending back,20
603,data/k400/train/X7XInxbBLLk_000004_000014.mp4,bending back,20
604,data/k400/train/ZPeGJgWUZjE_000004_000014.mp4,bending back,20
605,data/k400/train/bH3XFUinrrw_000008_000018.mp4,bending back,20
606,data/k400/train/bcNkGmrKiSM_000004_000014.mp4,bending back,20
607,data/k400/train/e7oKG9TOURk_000043_000053.mp4,bending back,20
608,data/k400/train/gfqFbAJyrOs_000000_000010.mp4,bending back,20
609,data/k400/train/gjNd2N_Jk9I_000029_000039.mp4,bending back,20
610,data/k400/train/hEvz8E3UBqE_000000_000010.mp4,bending back,20
611,data/k400/train/hRWvfRl_cm4_000060_000070.mp4,bending back,20
612,data/k400/train/iQSMaIW-Hws_000015_000025.mp4,bending back,20
613,data/k400/train/o_XLpBHAqV8_000077_000087.mp4,bending back,20
614,data/k400/train/qT4LKvtfnqI_000545_000555.mp4,bending back,20
615,data/k400/train/teUkPK8tD78_000084_000094.mp4,bending back,20
616,data/k400/train/xOnq7eVibAE_000004_000014.mp4,bending back,20
617,data/k400/train/zkimJjGZGNQ_000016_000026.mp4,bending back,20
618,data/k400/train/1TZCglKSxNI_000014_000024.mp4,bending metal,21
619,data/k400/train/Ah1o2Ac6h08_000024_000034.mp4,bending metal,21
620,data/k400/train/BUUt27Fpj_Q_000606_000616.mp4,bending metal,21
621,data/k400/train/IeHWAerK3hM_000037_000047.mp4,bending metal,21
622,data/k400/train/VMu7_W0QE3Y_000128_000138.mp4,bending metal,21
623,data/k400/train/epZHxS-deqo_000098_000108.mp4,bending metal,21
624,data/k400/train/i4P_d0ZSnjw_000018_000028.mp4,bending metal,21
625,data/k400/train/kBm-3fzNi-I_000005_000015.mp4,bending metal,21
626,data/k400/train/t8UWW6WpkfE_000004_000014.mp4,bending metal,21
627,data/k400/train/tlcEAxeSvuw_000042_000052.mp4,bending metal,21
628,data/k400/train/u_Jv4PboVBI_000011_000021.mp4,bending metal,21
629,data/k400/train/uk9GA5I7AoE_000063_000073.mp4,bending metal,21
630,data/k400/train/-YtMJtz0C0Y_000001_000011.mp4,biking through snow,22
631,data/k400/train/11i9oITK3_8_000003_000013.mp4,biking through snow,22
632,data/k400/train/1kzdjgUr0Pg_000003_000013.mp4,biking through snow,22
633,data/k400/train/2qLcI3OiKNw_000066_000076.mp4,biking through snow,22
634,data/k400/train/5m9CCd9XWOQ_000005_000015.mp4,biking through snow,22
635,data/k400/train/6I8Mp1Q6gII_000082_000092.mp4,biking through snow,22
636,data/k400/train/6rkWQG4JGwM_000000_000010.mp4,biking through snow,22
637,data/k400/train/79xOP-Y44F8_000003_000013.mp4,biking through snow,22
638,data/k400/train/95inGhwq6LQ_000029_000039.mp4,biking through snow,22
639,data/k400/train/A5Y0sUyHNEk_000181_000191.mp4,biking through snow,22
640,data/k400/train/C1YIl89vGHo_000000_000010.mp4,biking through snow,22
641,data/k400/train/DQGoW6Ckpsw_000008_000018.mp4,biking through snow,22
642,data/k400/train/DdG7KaV7Nrg_000029_000039.mp4,biking through snow,22
643,data/k400/train/EmukjJF3Ti4_000017_000027.mp4,biking through snow,22
644,data/k400/train/EmvJmJ3zkeo_000006_000016.mp4,biking through snow,22
645,data/k400/train/Fw9nbnhJRrs_000008_000018.mp4,biking through snow,22
646,data/k400/train/GbYo3i5rLTU_000007_000017.mp4,biking through snow,22
647,data/k400/train/HrFUP4fwDNk_000013_000023.mp4,biking through snow,22
648,data/k400/train/JHAu6nhLVOc_000021_000031.mp4,biking through snow,22
649,data/k400/train/JwtzTd5rVuQ_000002_000012.mp4,biking through snow,22
650,data/k400/train/NZcl2Dsign0_000175_000185.mp4,biking through snow,22
651,data/k400/train/PDdVzfotApc_000488_000498.mp4,biking through snow,22
652,data/k400/train/RXob81PB0Yw_000112_000122.mp4,biking through snow,22
653,data/k400/train/UUgaW4qr9ug_000266_000276.mp4,biking through snow,22
654,data/k400/train/VJbvf8DmiAM_000004_000014.mp4,biking through snow,22
655,data/k400/train/VXNlWIWX_-M_000027_000037.mp4,biking through snow,22
656,data/k400/train/Z2HhRfkhQZg_000004_000014.mp4,biking through snow,22
657,data/k400/train/a4TZZyMCyjY_000069_000079.mp4,biking through snow,22
658,data/k400/train/bEPw21nVWUM_000139_000149.mp4,biking through snow,22
659,data/k400/train/dJikfJ2kgp4_000098_000108.mp4,biking through snow,22
660,data/k400/train/dpNhgtY_6Dw_000076_000086.mp4,biking through snow,22
661,data/k400/train/fwAoWeuiN5s_000059_000069.mp4,biking through snow,22
662,data/k400/train/hJeS2gJMnl8_000005_000015.mp4,biking through snow,22
663,data/k400/train/lq8Xx1STbXQ_000051_000061.mp4,biking through snow,22
664,data/k400/train/mOoysDAOJoE_000039_000049.mp4,biking through snow,22
665,data/k400/train/oF0gE6YXShM_000035_000045.mp4,biking through snow,22
666,data/k400/train/q1rb3qMphyI_000005_000015.mp4,biking through snow,22
667,data/k400/train/qc3XSxODFRY_000030_000040.mp4,biking through snow,22
668,data/k400/train/qw4wih08y-Q_000000_000010.mp4,biking through snow,22
669,data/k400/train/uRN1rR6OC44_000174_000184.mp4,biking through snow,22
670,data/k400/train/wT34IXpa4Xo_000007_000017.mp4,biking through snow,22
671,data/k400/train/0RGSH8NJlVQ_000105_000115.mp4,blasting sand,23
672,data/k400/train/2r_T3gUGFUU_000011_000021.mp4,blasting sand,23
673,data/k400/train/5hjSeZXrYDA_000058_000068.mp4,blasting sand,23
674,data/k400/train/5jjr_Op9UkY_000041_000051.mp4,blasting sand,23
675,data/k400/train/6J0UJdzUQgs_000049_000059.mp4,blasting sand,23
676,data/k400/train/6SJYyhZ7aXU_000048_000058.mp4,blasting sand,23
677,data/k400/train/6dLNI2BPTY0_000057_000067.mp4,blasting sand,23
678,data/k400/train/7MH4r7OfxDU_000038_000048.mp4,blasting sand,23
679,data/k400/train/7ae81ON5ok4_000003_000013.mp4,blasting sand,23
680,data/k400/train/7i9n_cBV_EM_000065_000075.mp4,blasting sand,23
681,data/k400/train/CbFFRes2spc_000055_000065.mp4,blasting sand,23
682,data/k400/train/HoOoBjQuee0_000010_000020.mp4,blasting sand,23
683,data/k400/train/InxSo4mX-_w_000007_000017.mp4,blasting sand,23
684,data/k400/train/MqP8KF107wg_000052_000062.mp4,blasting sand,23
685,data/k400/train/Na7G43PRCJE_000014_000024.mp4,blasting sand,23
686,data/k400/train/NlrRBcaIZlU_000045_000055.mp4,blasting sand,23
687,data/k400/train/VBHXDUHfM8E_000157_000167.mp4,blasting sand,23
688,data/k400/train/_dvqRLinnuk_000112_000122.mp4,blasting sand,23
689,data/k400/train/i6rW9ScodmA_000095_000105.mp4,blasting sand,23
690,data/k400/train/iHt4zMDBM14_000120_000130.mp4,blasting sand,23
691,data/k400/train/nPrCDJlwK3I_000020_000030.mp4,blasting sand,23
692,data/k400/train/oiRG28m66NY_000034_000044.mp4,blasting sand,23
693,data/k400/train/tr-r7ABYVD8_000127_000137.mp4,blasting sand,23
694,data/k400/train/vPkZRQQBqk4_000069_000079.mp4,blasting sand,23
695,data/k400/train/vRrli4074z8_000245_000255.mp4,blasting sand,23
696,data/k400/train/w4pPpc42sLc_000025_000035.mp4,blasting sand,23
697,data/k400/train/woSV5bcEvmU_000056_000066.mp4,blasting sand,23
698,data/k400/train/xTdGEho22Z4_000050_000060.mp4,blasting sand,23
699,data/k400/train/z0GB3dGD47Y_000084_000094.mp4,blasting sand,23
700,data/k400/train/-qilGDfOLbM_000010_000020.mp4,blowing glass,24
701,data/k400/train/0vnq919JVJc_000056_000066.mp4,blowing glass,24
702,data/k400/train/2wBMhYrTvDk_000079_000089.mp4,blowing glass,24
703,data/k400/train/3E4mnK2GEeY_000012_000022.mp4,blowing glass,24
704,data/k400/train/4ICKsnR8SgM_000000_000010.mp4,blowing glass,24
705,data/k400/train/5yEAnNblom8_000075_000085.mp4,blowing glass,24
706,data/k400/train/7Vyb56ePSjc_000215_000225.mp4,blowing glass,24
707,data/k400/train/96K3ahDWjLk_000008_000018.mp4,blowing glass,24
708,data/k400/train/98lqaYU-Zp4_000199_000209.mp4,blowing glass,24
709,data/k400/train/APmlXA6Uhz4_000167_000177.mp4,blowing glass,24
710,data/k400/train/BOzaaujJsZs_000033_000043.mp4,blowing glass,24
711,data/k400/train/BrOESMrZkqM_000371_000381.mp4,blowing glass,24
712,data/k400/train/G-amV_hQIGg_000005_000015.mp4,blowing glass,24
713,data/k400/train/GYyiO4BEKcA_000002_000012.mp4,blowing glass,24
714,data/k400/train/JIxs4aNHWls_000010_000020.mp4,blowing glass,24
715,data/k400/train/NbQDKAKGBg4_000001_000011.mp4,blowing glass,24
716,data/k400/train/OMpp4boUnRY_000004_000014.mp4,blowing glass,24
717,data/k400/train/OWNuTxXeO3k_000003_000013.mp4,blowing glass,24
718,data/k400/train/PehheMkPwss_000004_000014.mp4,blowing glass,24
719,data/k400/train/QowloeUakOE_000005_000015.mp4,blowing glass,24
720,data/k400/train/T3uQFjIrgog_000051_000061.mp4,blowing glass,24
721,data/k400/train/Too1gAv4Ewc_000008_000018.mp4,blowing glass,24
722,data/k400/train/Yqirj_B9vtQ_000909_000919.mp4,blowing glass,24
723,data/k400/train/Zu2P98KAhXk_000003_000013.mp4,blowing glass,24
724,data/k400/train/_MxbhMCT7UQ_000012_000022.mp4,blowing glass,24
725,data/k400/train/cV9IKoLJsgg_000000_000010.mp4,blowing glass,24
726,data/k400/train/d-ldQAWCUmE_000022_000032.mp4,blowing glass,24
727,data/k400/train/fQLyZXdab2M_000000_000010.mp4,blowing glass,24
728,data/k400/train/gZ5VV4GELGQ_001376_001386.mp4,blowing glass,24
729,data/k400/train/gjUMb9BTqoY_000032_000042.mp4,blowing glass,24
730,data/k400/train/guBR7CdEpkI_000022_000032.mp4,blowing glass,24
731,data/k400/train/h81kAuwJuP8_000051_000061.mp4,blowing glass,24
732,data/k400/train/kgKXQOa_x00_000012_000022.mp4,blowing glass,24
733,data/k400/train/lCApeQnbowo_000032_000042.mp4,blowing glass,24
734,data/k400/train/mrmkP1bdJhg_000002_000012.mp4,blowing glass,24
735,data/k400/train/n7yoJBR6-ZQ_000218_000228.mp4,blowing glass,24
736,data/k400/train/oCQlqoQqQxU_000000_000010.mp4,blowing glass,24
737,data/k400/train/oNNib-hH3xc_000066_000076.mp4,blowing glass,24
738,data/k400/train/pPo4JPutFUE_000003_000013.mp4,blowing glass,24
739,data/k400/train/phatKyp7mVc_000017_000027.mp4,blowing glass,24
740,data/k400/train/prmZE1Gy7Ps_000001_000011.mp4,blowing glass,24
741,data/k400/train/qIQ11Rmv5Zs_000484_000494.mp4,blowing glass,24
742,data/k400/train/rd2xaYP2aw4_000000_000010.mp4,blowing glass,24
743,data/k400/train/sIWS9hyZbH8_000470_000480.mp4,blowing glass,24
744,data/k400/train/vqBA7e_2NKI_000000_000010.mp4,blowing glass,24
745,data/k400/train/wAU-6cm-nto_000031_000041.mp4,blowing glass,24
746,data/k400/train/wP_AD8FmTcU_000735_000745.mp4,blowing glass,24
747,data/k400/train/y_4byYkYh_I_000029_000039.mp4,blowing glass,24
748,data/k400/train/z-ku-B5buQ4_000229_000239.mp4,blowing glass,24
749,data/k400/train/12sz7NMvyfI_000000_000010.mp4,blowing leaves,25
750,data/k400/train/2crOMdDWFz8_000015_000025.mp4,blowing leaves,25
751,data/k400/train/401Xk0oY0XU_000060_000070.mp4,blowing leaves,25
752,data/k400/train/66SPky6zZwM_000012_000022.mp4,blowing leaves,25
753,data/k400/train/6I1aP4O04R8_000061_000071.mp4,blowing leaves,25
754,data/k400/train/MFr-PMYTvN0_000004_000014.mp4,blowing leaves,25
755,data/k400/train/RlKjCYf27TQ_000016_000026.mp4,blowing leaves,25
756,data/k400/train/TcSDnmQ8gyo_000017_000027.mp4,blowing leaves,25
757,data/k400/train/Y_k3AMi91s8_000031_000041.mp4,blowing leaves,25
758,data/k400/train/ZaSSptQOO0Q_000078_000088.mp4,blowing leaves,25
759,data/k400/train/_CzHOfVdoVw_000012_000022.mp4,blowing leaves,25
760,data/k400/train/d3VVwwVkJBs_000003_000013.mp4,blowing leaves,25
761,data/k400/train/iuMSeqDJH6w_000001_000011.mp4,blowing leaves,25
762,data/k400/train/5j6TDBeaMF4_000002_000012.mp4,blowing nose,26
763,data/k400/train/BTQy9ipfW2A_000024_000034.mp4,blowing nose,26
764,data/k400/train/CdaERGg2cHA_000001_000011.mp4,blowing nose,26
765,data/k400/train/G5EafR1m9nM_000005_000015.mp4,blowing nose,26
766,data/k400/train/LKVIJPKHovE_000011_000021.mp4,blowing nose,26
767,data/k400/train/LuP17pK0-TU_000004_000014.mp4,blowing nose,26
768,data/k400/train/W9jese8r62M_000013_000023.mp4,blowing nose,26
769,data/k400/train/XXIuht2tetw_000012_000022.mp4,blowing nose,26
770,data/k400/train/Yl6B9xdYdNg_000004_000014.mp4,blowing nose,26
771,data/k400/train/ZWx4jDsxjpM_000061_000071.mp4,blowing nose,26
772,data/k400/train/bUNH_T3q8go_000015_000025.mp4,blowing nose,26
773,data/k400/train/btrDEXbW3n8_000028_000038.mp4,blowing nose,26
774,data/k400/train/cpCmxQ1_jYk_000015_000025.mp4,blowing nose,26
775,data/k400/train/kPvOVrbfkiA_000005_000015.mp4,blowing nose,26
776,data/k400/train/qjrZgxTP2lQ_000001_000011.mp4,blowing nose,26
777,data/k400/train/qqJhButEJUI_000009_000019.mp4,blowing nose,26
778,data/k400/train/wS911fVwBq8_000027_000037.mp4,blowing nose,26
779,data/k400/train/ysmB1lpqM3o_000036_000046.mp4,blowing nose,26
780,data/k400/train/0DsJ7Saj2eQ_000011_000021.mp4,blowing out candles,27
781,data/k400/train/0KNJtZdmFPI_000009_000019.mp4,blowing out candles,27
782,data/k400/train/0W9deLvCCQk_000003_000013.mp4,blowing out candles,27
783,data/k400/train/4gxD1GWFLrc_000007_000017.mp4,blowing out candles,27
784,data/k400/train/984q0X_Y_pg_000090_000100.mp4,blowing out candles,27
785,data/k400/train/9O1RrxTW3Aw_000001_000011.mp4,blowing out candles,27
786,data/k400/train/BSsWzvslQRg_000010_000020.mp4,blowing out candles,27
787,data/k400/train/Bzxr-x5Nukw_000000_000010.mp4,blowing out candles,27
788,data/k400/train/CA1tHqHwl-o_000014_000024.mp4,blowing out candles,27
789,data/k400/train/CZOYGdatkII_000003_000013.mp4,blowing out candles,27
790,data/k400/train/C_wZmY_qcqM_000017_000027.mp4,blowing out candles,27
791,data/k400/train/ExWVLZfkzMY_000002_000012.mp4,blowing out candles,27
792,data/k400/train/Exg9UpwL0Ac_000027_000037.mp4,blowing out candles,27
793,data/k400/train/HfajpMUjY-s_000010_000020.mp4,blowing out candles,27
794,data/k400/train/Mq2F57tqIDE_000031_000041.mp4,blowing out candles,27
795,data/k400/train/O8_uuESVSkI_000222_000232.mp4,blowing out candles,27
796,data/k400/train/OfWjMBBCD88_000013_000023.mp4,blowing out candles,27
797,data/k400/train/PGlZE6wlh_8_000206_000216.mp4,blowing out candles,27
798,data/k400/train/PdeNH4lvj1I_000008_000018.mp4,blowing out candles,27
799,data/k400/train/QErdk1M5WDY_000007_000017.mp4,blowing out candles,27
800,data/k400/train/RvsMSGrTdUA_000025_000035.mp4,blowing out candles,27
801,data/k400/train/SPvlZVtLgro_000002_000012.mp4,blowing out candles,27
802,data/k400/train/Ty7wm90y1dI_000014_000024.mp4,blowing out candles,27
803,data/k400/train/UFXWLiqlBnI_000002_000012.mp4,blowing out candles,27
804,data/k400/train/UWaUvoeDLfg_000011_000021.mp4,blowing out candles,27
805,data/k400/train/V_5Iq2VgMBU_000045_000055.mp4,blowing out candles,27
806,data/k400/train/VxFA5Cbp6yU_000015_000025.mp4,blowing out candles,27
807,data/k400/train/WDQc2mTLlt0_000017_000027.mp4,blowing out candles,27
808,data/k400/train/WEnc_ErVhsk_000015_000025.mp4,blowing out candles,27
809,data/k400/train/XV2u9iMk43I_000011_000021.mp4,blowing out candles,27
810,data/k400/train/Yoq4anORRrM_000001_000011.mp4,blowing out candles,27
811,data/k400/train/b3307yqMApw_000011_000021.mp4,blowing out candles,27
812,data/k400/train/cRibV4I39lo_000033_000043.mp4,blowing out candles,27
813,data/k400/train/csrkI7ZAgcA_000026_000036.mp4,blowing out candles,27
814,data/k400/train/eZyZ_tFfZb8_000004_000014.mp4,blowing out candles,27
815,data/k400/train/gHYNYAHrQBM_000006_000016.mp4,blowing out candles,27
816,data/k400/train/gqFJerB24Fc_000042_000052.mp4,blowing out candles,27
817,data/k400/train/iTEbFy1zSIM_000012_000022.mp4,blowing out candles,27
818,data/k400/train/ja4lB0XdH1U_000004_000014.mp4,blowing out candles,27
819,data/k400/train/k6tjHcQMyV8_000004_000014.mp4,blowing out candles,27
820,data/k400/train/lxhWgrkxKik_000037_000047.mp4,blowing out candles,27
821,data/k400/train/p-VXeEEeEeA_000032_000042.mp4,blowing out candles,27
822,data/k400/train/rZS3dKRBzPA_000013_000023.mp4,blowing out candles,27
823,data/k400/train/tVXKLfUOTc8_000004_000014.mp4,blowing out candles,27
824,data/k400/train/uScqhUEBRDA_000014_000024.mp4,blowing out candles,27
825,data/k400/train/vduxobn8S9Y_000002_000012.mp4,blowing out candles,27
826,data/k400/train/x500Thqo3SU_000003_000013.mp4,blowing out candles,27
827,data/k400/train/xc-1VMslinA_000051_000061.mp4,blowing out candles,27
828,data/k400/train/ytC2NeyGIKI_000006_000016.mp4,blowing out candles,27
829,data/k400/train/zurFvII5yvc_000002_000012.mp4,blowing out candles,27
830,data/k400/train/zzG_tPZ34To_000032_000042.mp4,blowing out candles,27
831,data/k400/train/BJknrnQ6saM_000003_000013.mp4,bobsledding,28
832,data/k400/train/IOU_VCJwc2w_000050_000060.mp4,bobsledding,28
833,data/k400/train/K-o6Y_6xV7o_000032_000042.mp4,bobsledding,28
834,data/k400/train/OpB0stV-ZCg_000001_000011.mp4,bobsledding,28
835,data/k400/train/T_5tNh23Rcg_000057_000067.mp4,bobsledding,28
836,data/k400/train/TknDErNYSjI_000169_000179.mp4,bobsledding,28
837,data/k400/train/VwY7meqDaXc_002993_003003.mp4,bobsledding,28
838,data/k400/train/cGNGdnmimKw_000008_000018.mp4,bobsledding,28
839,data/k400/train/cvkbk2iB718_000021_000031.mp4,bobsledding,28
840,data/k400/train/fHtJMnYgbbA_000029_000039.mp4,bobsledding,28
841,data/k400/train/gi32z-6jG44_000010_000020.mp4,bobsledding,28
842,data/k400/train/ntxdEf-eiRI_000055_000065.mp4,bobsledding,28
843,data/k400/train/qf2mzhHWuUo_000007_000017.mp4,bobsledding,28
844,data/k400/train/rA8Ag0f--sw_000001_000011.mp4,bobsledding,28
845,data/k400/train/rSgCmHL9cQA_000073_000083.mp4,bobsledding,28
846,data/k400/train/ryDGSnjwF6g_000005_000015.mp4,bobsledding,28
847,data/k400/train/tk6Jo8-o1UY_000039_000049.mp4,bobsledding,28
848,data/k400/train/znjgoUYyMAQ_000098_000108.mp4,bobsledding,28
849,data/k400/train/10JD7Zj_7J8_000077_000087.mp4,bookbinding,29
850,data/k400/train/3VccalarFTU_000980_000990.mp4,bookbinding,29
851,data/k400/train/6xeBbp8TcJA_000644_000654.mp4,bookbinding,29
852,data/k400/train/B4fSIIRfLrc_000239_000249.mp4,bookbinding,29
853,data/k400/train/D8350gTYdNk_000147_000157.mp4,bookbinding,29
854,data/k400/train/FhFW0BPKm08_000027_000037.mp4,bookbinding,29
855,data/k400/train/KEgbEvD3sxI_000272_000282.mp4,bookbinding,29
856,data/k400/train/KI51lKxFlAY_000387_000397.mp4,bookbinding,29
857,data/k400/train/PmPeA2MjCwY_000141_000151.mp4,bookbinding,29
858,data/k400/train/QbsLu0XrGfg_000203_000213.mp4,bookbinding,29
859,data/k400/train/Tq8XYITDxqw_000025_000035.mp4,bookbinding,29
860,data/k400/train/UFEqRbN0Z54_000042_000052.mp4,bookbinding,29
861,data/k400/train/X3wgUWhU298_000303_000313.mp4,bookbinding,29
862,data/k400/train/XN42UbcWiWM_000555_000565.mp4,bookbinding,29
863,data/k400/train/_dAssII6vac_000281_000291.mp4,bookbinding,29
864,data/k400/train/cu_myFT2Ffo_000928_000938.mp4,bookbinding,29
865,data/k400/train/dMH8DehhNZM_000194_000204.mp4,bookbinding,29
866,data/k400/train/iQZ9wAjyXmw_000017_000027.mp4,bookbinding,29
867,data/k400/train/kg1O55VqQ40_000259_000269.mp4,bookbinding,29
868,data/k400/train/nivNPCoAHcM_000139_000149.mp4,bookbinding,29
869,data/k400/train/o2q57x4OiLo_000236_000246.mp4,bookbinding,29
870,data/k400/train/o7Nic9D5QxQ_000090_000100.mp4,bookbinding,29
871,data/k400/train/q6SKQJR9TiY_000182_000192.mp4,bookbinding,29
872,data/k400/train/qGZvwgnsLi4_000342_000352.mp4,bookbinding,29
873,data/k400/train/qNgFPjsyLOM_000008_000018.mp4,bookbinding,29
874,data/k400/train/qW2Joq6IsC8_000144_000154.mp4,bookbinding,29
875,data/k400/train/rp4NpEkyl9U_000132_000142.mp4,bookbinding,29
876,data/k400/train/tFayKo9qx6w_000172_000182.mp4,bookbinding,29
877,data/k400/train/vBBn3atcIIc_000043_000053.mp4,bookbinding,29
878,data/k400/train/vKYChBXI2tY_000388_000398.mp4,bookbinding,29
879,data/k400/train/vl2KdtucJRY_000146_000156.mp4,bookbinding,29
880,data/k400/train/wcYWJW6LXVw_000003_000013.mp4,bookbinding,29
881,data/k400/train/yJGqFomlJhg_000357_000367.mp4,bookbinding,29
882,data/k400/train/yVxoGFZ-nWs_000201_000211.mp4,bookbinding,29
883,data/k400/train/ymhWDUYhk_I_000330_000340.mp4,bookbinding,29
884,data/k400/train/zLfm04NDw0E_000156_000166.mp4,bookbinding,29
885,data/k400/train/ztboCVD5nkM_000070_000080.mp4,bookbinding,29
886,data/k400/train/2m9NVV8fx34_000021_000031.mp4,bouncing on trampoline,30
887,data/k400/train/5Ho_1mvOO1s_000007_000017.mp4,bouncing on trampoline,30
888,data/k400/train/8dJOzJyQeUQ_001094_001104.mp4,bouncing on trampoline,30
889,data/k400/train/CSkalVxlo9c_000062_000072.mp4,bouncing on trampoline,30
890,data/k400/train/Hzz6aX0Yru4_000138_000148.mp4,bouncing on trampoline,30
891,data/k400/train/KzrcBPg_I6M_000010_000020.mp4,bouncing on trampoline,30
892,data/k400/train/PFntKQSu8yM_000095_000105.mp4,bouncing on trampoline,30
893,data/k400/train/TM0hNs2yZB8_000000_000010.mp4,bouncing on trampoline,30
894,data/k400/train/XmudjgT3io4_000036_000046.mp4,bouncing on trampoline,30
895,data/k400/train/YI6NfXfkcrw_000124_000134.mp4,bouncing on trampoline,30
896,data/k400/train/ZOd2E3ee_RA_000098_000108.mp4,bouncing on trampoline,30
897,data/k400/train/Zwk_Qkw8nRg_000048_000058.mp4,bouncing on trampoline,30
898,data/k400/train/_YmC_yWvmng_000004_000014.mp4,bouncing on trampoline,30
899,data/k400/train/_dKcxDunjAc_000003_000013.mp4,bouncing on trampoline,30
900,data/k400/train/cJK3WTavF3o_000004_000014.mp4,bouncing on trampoline,30
901,data/k400/train/f8N9wzCkWTw_000013_000023.mp4,bouncing on trampoline,30
902,data/k400/train/mEjdbHBNwU8_000026_000036.mp4,bouncing on trampoline,30
903,data/k400/train/nQH8PhMPTkQ_000024_000034.mp4,bouncing on trampoline,30
904,data/k400/train/q3Omn2wDcYo_000055_000065.mp4,bouncing on trampoline,30
905,data/k400/train/t-Qpm3buGy4_000018_000028.mp4,bouncing on trampoline,30
906,data/k400/train/u1P3T9aBw9U_000030_000040.mp4,bouncing on trampoline,30
907,data/k400/train/vGviA0CvV2w_000046_000056.mp4,bouncing on trampoline,30
908,data/k400/train/vKKjhTn5Cfw_000048_000058.mp4,bouncing on trampoline,30
909,data/k400/train/vQmSxszduOo_000000_000010.mp4,bouncing on trampoline,30
910,data/k400/train/wLMQ0PiLHL0_000194_000204.mp4,bouncing on trampoline,30
911,data/k400/train/zICk-6L0jRo_000005_000015.mp4,bouncing on trampoline,30
912,data/k400/train/-N4vEATi9Mk_000003_000013.mp4,bowling,31
913,data/k400/train/1C8iYnN4CyQ_000026_000036.mp4,bowling,31
914,data/k400/train/4M0m5JqMdLU_000006_000016.mp4,bowling,31
915,data/k400/train/4vmJdfV_5k8_000125_000135.mp4,bowling,31
916,data/k400/train/62IHefGRNPc_000049_000059.mp4,bowling,31
917,data/k400/train/9cHzulJQtS4_000001_000011.mp4,bowling,31
918,data/k400/train/DBeZOQX9miA_000019_000029.mp4,bowling,31
919,data/k400/train/DiGFLbKEq18_000102_000112.mp4,bowling,31
920,data/k400/train/EYJwSnmpg1E_000160_000170.mp4,bowling,31
921,data/k400/train/GkSEuJERZ_I_000004_000014.mp4,bowling,31
922,data/k400/train/JxuWIFJaN58_000006_000016.mp4,bowling,31
923,data/k400/train/LEQoCbIDu0w_000151_000161.mp4,bowling,31
924,data/k400/train/LpHx-Zv_DKw_000004_000014.mp4,bowling,31
925,data/k400/train/MJU1X0n-t-8_000000_000010.mp4,bowling,31
926,data/k400/train/OakpjeBLKvM_000000_000010.mp4,bowling,31
927,data/k400/train/QCBjwYU67wI_000001_000011.mp4,bowling,31
928,data/k400/train/QjjlotSTdKs_000001_000011.mp4,bowling,31
929,data/k400/train/RTgMO7JUKwg_000137_000147.mp4,bowling,31
930,data/k400/train/RuYmxQ4Wgvg_002989_002999.mp4,bowling,31
931,data/k400/train/TWCLTgCOZPw_000003_000013.mp4,bowling,31
932,data/k400/train/U6PKtRFtFME_000012_000022.mp4,bowling,31
933,data/k400/train/U6TrsxWT_3U_000000_000010.mp4,bowling,31
934,data/k400/train/WCfPVCnnhPM_000022_000032.mp4,bowling,31
935,data/k400/train/WxMXeGrjEto_000008_000018.mp4,bowling,31
936,data/k400/train/X2NVksktYn8_000000_000010.mp4,bowling,31
937,data/k400/train/YbvJ93oJMo8_000001_000011.mp4,bowling,31
938,data/k400/train/ZCzbx4w9k1M_000355_000365.mp4,bowling,31
939,data/k400/train/_S9aRde0y1k_000084_000094.mp4,bowling,31
940,data/k400/train/arFJDFXg23g_000043_000053.mp4,bowling,31
941,data/k400/train/dU3-oh0im4Y_000020_000030.mp4,bowling,31
942,data/k400/train/e86cFeYAa3k_000001_000011.mp4,bowling,31
943,data/k400/train/f4eb0wOlspM_000053_000063.mp4,bowling,31
944,data/k400/train/fJjzi21plFw_000002_000012.mp4,bowling,31
945,data/k400/train/gPVfOJM60SI_000065_000075.mp4,bowling,31
946,data/k400/train/gPlS-CwHRig_000307_000317.mp4,bowling,31
947,data/k400/train/geO9N_6iKFc_000000_000010.mp4,bowling,31
948,data/k400/train/h6_FnmFq6CE_000003_000013.mp4,bowling,31
949,data/k400/train/l_KMZz_4Pt8_000114_000124.mp4,bowling,31
950,data/k400/train/mpoPbIscLgs_000038_000048.mp4,bowling,31
951,data/k400/train/n-bd8UKzO5I_000004_000014.mp4,bowling,31
952,data/k400/train/nk6ZIpp_yFg_000007_000017.mp4,bowling,31
953,data/k400/train/otp0Y-I4aXQ_000227_000237.mp4,bowling,31
954,data/k400/train/ovhs1yXlB78_000060_000070.mp4,bowling,31
955,data/k400/train/phSOuDF7G0E_000000_000010.mp4,bowling,31
956,data/k400/train/qdaAt7pnLYk_000071_000081.mp4,bowling,31
957,data/k400/train/scZV5tuBCB0_000026_000036.mp4,bowling,31
958,data/k400/train/u3MBLVNRPbM_000018_000028.mp4,bowling,31
959,data/k400/train/vshqZ2IVvcY_000065_000075.mp4,bowling,31
960,data/k400/train/yQLcSBweWSM_000026_000036.mp4,bowling,31
961,data/k400/train/0e0as98N_To_000042_000052.mp4,braiding hair,32
962,data/k400/train/23B55vhUaSE_000373_000383.mp4,braiding hair,32
963,data/k400/train/876i48P0v5Q_000106_000116.mp4,braiding hair,32
964,data/k400/train/8zF-tw93zLI_000098_000108.mp4,braiding hair,32
965,data/k400/train/9TIpVsOxwho_000368_000378.mp4,braiding hair,32
966,data/k400/train/9yQlMFNz2Ak_000119_000129.mp4,braiding hair,32
967,data/k400/train/AzW106JIpyw_000101_000111.mp4,braiding hair,32
968,data/k400/train/DTb1etgJZ8I_000161_000171.mp4,braiding hair,32
969,data/k400/train/G40CfzAYXgQ_000304_000314.mp4,braiding hair,32
970,data/k400/train/I9-XmnhTDQ8_000148_000158.mp4,braiding hair,32
971,data/k400/train/Jl27WUrsXqk_000007_000017.mp4,braiding hair,32
972,data/k400/train/LstNinU8jww_000303_000313.mp4,braiding hair,32
973,data/k400/train/OQExVJeFcgk_000070_000080.mp4,braiding hair,32
974,data/k400/train/pzIrexWZa8E_000054_000064.mp4,braiding hair,32
975,data/k400/train/qFfhrw32o_g_000413_000423.mp4,braiding hair,32
976,data/k400/train/w0Ene4E-eM4_000183_000193.mp4,braiding hair,32
977,data/k400/train/weQFslNnLIo_000165_000175.mp4,braiding hair,32
978,data/k400/train/xH449AztfYo_000063_000073.mp4,braiding hair,32
979,data/k400/train/yrzvkDrrLVQ_000135_000145.mp4,braiding hair,32
980,data/k400/train/zXlZecGAo-w_000011_000021.mp4,braiding hair,32
981,data/k400/train/4lHApP8MsmE_000090_000100.mp4,breading or breadcrumbing,33
982,data/k400/train/G-tpTnh65vw_000375_000385.mp4,breading or breadcrumbing,33
983,data/k400/train/V8XJXb5xPSw_000180_000190.mp4,breading or breadcrumbing,33
984,data/k400/train/Vo_oKICFbUk_000104_000114.mp4,breading or breadcrumbing,33
985,data/k400/train/gttTl9GLhNM_000086_000096.mp4,breading or breadcrumbing,33
986,data/k400/train/k5W71elg3Sg_000124_000134.mp4,breading or breadcrumbing,33
987,data/k400/train/tGoDlBAzJIY_000102_000112.mp4,breading or breadcrumbing,33
988,data/k400/train/urCSwGCTLJ8_000112_000122.mp4,breading or breadcrumbing,33
989,data/k400/train/uyLC7jMi9jQ_000388_000398.mp4,breading or breadcrumbing,33
990,data/k400/train/xPwyCwhQwQU_000019_000029.mp4,breading or breadcrumbing,33
991,data/k400/train/zcdmzgV0p6A_000040_000050.mp4,breading or breadcrumbing,33
992,data/k400/train/0EI804x_Qe0_000201_000211.mp4,breakdancing,34
993,data/k400/train/19ixa_zFTlA_000027_000037.mp4,breakdancing,34
994,data/k400/train/3keRXb8D2Mg_000055_000065.mp4,breakdancing,34
995,data/k400/train/4HFxAiez_io_000014_000024.mp4,breakdancing,34
996,data/k400/train/4jZVhggbe_g_000046_000056.mp4,breakdancing,34
997,data/k400/train/71V2uH8GVW0_000004_000014.mp4,breakdancing,34
998,data/k400/train/7LcMfUs36W0_000006_000016.mp4,breakdancing,34
999,data/k400/train/CiI-zSdciYU_000412_000422.mp4,breakdancing,34
1000,data/k400/train/FSUMdgPuspc_000010_000020.mp4,breakdancing,34
1001,data/k400/train/Ic1bi9zNd1A_000050_000060.mp4,breakdancing,34
1002,data/k400/train/KUP4O8xiRx4_000032_000042.mp4,breakdancing,34
1003,data/k400/train/N5XwTAD_UMw_000072_000082.mp4,breakdancing,34
1004,data/k400/train/NlaDvI1wUIg_000038_000048.mp4,breakdancing,34
1005,data/k400/train/NsQIAzY0wt0_000106_000116.mp4,breakdancing,34
1006,data/k400/train/Or7Jw57z7Ss_000310_000320.mp4,breakdancing,34
1007,data/k400/train/P73QrcAV1Hg_000049_000059.mp4,breakdancing,34
1008,data/k400/train/PXKCUFGHtVs_000027_000037.mp4,breakdancing,34
1009,data/k400/train/Q88clWCkFqA_000038_000048.mp4,breakdancing,34
1010,data/k400/train/Qmv2S8N47b8_000017_000027.mp4,breakdancing,34
1011,data/k400/train/SH4miCC6VtU_000004_000014.mp4,breakdancing,34
1012,data/k400/train/TM_oSPEKgfA_000066_000076.mp4,breakdancing,34
1013,data/k400/train/Uvv_WYcdQnw_000037_000047.mp4,breakdancing,34
1014,data/k400/train/WixjpcjEHH4_000157_000167.mp4,breakdancing,34
1015,data/k400/train/WsaKDXpQfho_000081_000091.mp4,breakdancing,34
1016,data/k400/train/X-gemGfYZgY_000029_000039.mp4,breakdancing,34
1017,data/k400/train/XcwUoU_w3fk_000050_000060.mp4,breakdancing,34
1018,data/k400/train/YKU71RPHIao_000000_000010.mp4,breakdancing,34
1019,data/k400/train/ZLVV-cpjLQs_000059_000069.mp4,breakdancing,34
1020,data/k400/train/_XsPsy6U8Ps_000032_000042.mp4,breakdancing,34
1021,data/k400/train/aWcdM-Nd_sY_000004_000014.mp4,breakdancing,34
1022,data/k400/train/bArxc3nChSU_000148_000158.mp4,breakdancing,34
1023,data/k400/train/bGBkZN2fLUo_000009_000019.mp4,breakdancing,34
1024,data/k400/train/devnxmazttw_000038_000048.mp4,breakdancing,34
1025,data/k400/train/duQ6oJIuS2Y_000190_000200.mp4,breakdancing,34
1026,data/k400/train/dyY0CZSjr_w_000010_000020.mp4,breakdancing,34
1027,data/k400/train/fZS7ZVTdu4U_000002_000012.mp4,breakdancing,34
1028,data/k400/train/gqPE-L3m2JA_000004_000014.mp4,breakdancing,34
1029,data/k400/train/iSp2Ekf5NxM_000235_000245.mp4,breakdancing,34
1030,data/k400/train/ibeBuoeQDTk_000118_000128.mp4,breakdancing,34
1031,data/k400/train/k6SjF3AYzIQ_000003_000013.mp4,breakdancing,34
1032,data/k400/train/lRUcWcv2dg0_000074_000084.mp4,breakdancing,34
1033,data/k400/train/lX_YJ4SFt4c_000005_000015.mp4,breakdancing,34
1034,data/k400/train/l_BVEBizOqg_000033_000043.mp4,breakdancing,34
1035,data/k400/train/liac0aDiWrw_000122_000132.mp4,breakdancing,34
1036,data/k400/train/oeRDxr4l084_000005_000015.mp4,breakdancing,34
1037,data/k400/train/uAei7yjFn4Y_000254_000264.mp4,breakdancing,34
1038,data/k400/train/vsEusfSVkLY_000028_000038.mp4,breakdancing,34
1039,data/k400/train/yvJwP9Ow_-A_000050_000060.mp4,breakdancing,34
1040,data/k400/train/0uwbFGPVJvM_000332_000342.mp4,brush painting,35
1041,data/k400/train/1LWyciYX_gA_000412_000422.mp4,brush painting,35
1042,data/k400/train/4qx5hxyN38Y_000169_000179.mp4,brush painting,35
1043,data/k400/train/6k5slfKVZFc_000289_000299.mp4,brush painting,35
1044,data/k400/train/6mSj0f35XB4_000096_000106.mp4,brush painting,35
1045,data/k400/train/75ARZlTg4u4_000121_000131.mp4,brush painting,35
1046,data/k400/train/7KDvu23LEmk_000060_000070.mp4,brush painting,35
1047,data/k400/train/8BostHOihxk_000139_000149.mp4,brush painting,35
1048,data/k400/train/ALZxokw2VXs_000009_000019.mp4,brush painting,35
1049,data/k400/train/BJG5ddmYJWs_000268_000278.mp4,brush painting,35
1050,data/k400/train/Cm4uoYObPHw_000014_000024.mp4,brush painting,35
1051,data/k400/train/D1CFxaUjqzE_000149_000159.mp4,brush painting,35
1052,data/k400/train/D3GlSS5ZIlU_000129_000139.mp4,brush painting,35
1053,data/k400/train/DUVnjSgZuK0_000345_000355.mp4,brush painting,35
1054,data/k400/train/GT9dYBPf7Uk_000047_000057.mp4,brush painting,35
1055,data/k400/train/K7jWn60NOog_000342_000352.mp4,brush painting,35
1056,data/k400/train/MnUjl-4OEuo_000092_000102.mp4,brush painting,35
1057,data/k400/train/NunmI_RtqD0_000555_000565.mp4,brush painting,35
1058,data/k400/train/ViULUWFpLok_000000_000010.mp4,brush painting,35
1059,data/k400/train/WN_hGhU0E7w_000100_000110.mp4,brush painting,35
1060,data/k400/train/db1zxtx9d6E_000103_000113.mp4,brush painting,35
1061,data/k400/train/hDT457_EJZA_000050_000060.mp4,brush painting,35
1062,data/k400/train/jVxrEvkFQr4_001388_001398.mp4,brush painting,35
1063,data/k400/train/rLF6HL8phx4_001044_001054.mp4,brush painting,35
1064,data/k400/train/rr8wlUofH7s_000587_000597.mp4,brush painting,35
1065,data/k400/train/-hmeki4izbc_000160_000170.mp4,brushing hair,36
1066,data/k400/train/3I6LMFdA2lc_000075_000085.mp4,brushing hair,36
1067,data/k400/train/5nTEI4wKYDg_000021_000031.mp4,brushing hair,36
1068,data/k400/train/7ak5WY7SkRI_000004_000014.mp4,brushing hair,36
1069,data/k400/train/9b5e4I96hcI_000011_000021.mp4,brushing hair,36
1070,data/k400/train/CLc_gV9NcME_000028_000038.mp4,brushing hair,36
1071,data/k400/train/FuBYYgXhB38_000977_000987.mp4,brushing hair,36
1072,data/k400/train/JUZj0_HK4vI_000011_000021.mp4,brushing hair,36
1073,data/k400/train/JUx3UTL8-ek_000001_000011.mp4,brushing hair,36
1074,data/k400/train/PZPM0wd82bI_000003_000013.mp4,brushing hair,36
1075,data/k400/train/Q_OIeHnes_Y_000002_000012.mp4,brushing hair,36
1076,data/k400/train/UaHywU1fARw_001011_001021.mp4,brushing hair,36
1077,data/k400/train/WMxvduO3d7g_000017_000027.mp4,brushing hair,36
1078,data/k400/train/WdLuCABYSM0_000261_000271.mp4,brushing hair,36
1079,data/k400/train/X1p63JJIi48_000025_000035.mp4,brushing hair,36
1080,data/k400/train/XRSh6F4EIkA_000324_000334.mp4,brushing hair,36
1081,data/k400/train/Y5Ks7hvWky8_000838_000848.mp4,brushing hair,36
1082,data/k400/train/Zv52G9DK0BI_000027_000037.mp4,brushing hair,36
1083,data/k400/train/awf2DWpmlZs_000003_000013.mp4,brushing hair,36
1084,data/k400/train/b05zRmhSEOM_000012_000022.mp4,brushing hair,36
1085,data/k400/train/bNnJor02vb8_001107_001117.mp4,brushing hair,36
1086,data/k400/train/beeAg_vc6hk_001616_001626.mp4,brushing hair,36
1087,data/k400/train/bqH7YUbk9fw_000020_000030.mp4,brushing hair,36
1088,data/k400/train/cKTRNrn1Kks_000000_000010.mp4,brushing hair,36
1089,data/k400/train/d6kQUpzUSr8_000944_000954.mp4,brushing hair,36
1090,data/k400/train/dNgyeRDL-9U_000606_000616.mp4,brushing hair,36
1091,data/k400/train/dwEOHCUNGGo_000002_000012.mp4,brushing hair,36
1092,data/k400/train/dwloUz3qPpc_000045_000055.mp4,brushing hair,36
1093,data/k400/train/f6jiD-nyD9c_000035_000045.mp4,brushing hair,36
1094,data/k400/train/hDf32SV0QN0_000009_000019.mp4,brushing hair,36
1095,data/k400/train/hZT5tf5kCaY_000701_000711.mp4,brushing hair,36
1096,data/k400/train/jMl7LQznGlc_000003_000013.mp4,brushing hair,36
1097,data/k400/train/kdTZHpLPo2c_000493_000503.mp4,brushing hair,36
1098,data/k400/train/lzJ8FfN2sAk_000037_000047.mp4,brushing hair,36
1099,data/k400/train/pMc-sxzYymc_000019_000029.mp4,brushing hair,36
1100,data/k400/train/rHVk3IYaynM_000004_000014.mp4,brushing hair,36
1101,data/k400/train/sAybTuks-Ss_000004_000014.mp4,brushing hair,36
1102,data/k400/train/srY4TfODVao_000004_000014.mp4,brushing hair,36
1103,data/k400/train/w4MR2iAsQak_000120_000130.mp4,brushing hair,36
1104,data/k400/train/y4Mr9LKu8kM_000015_000025.mp4,brushing hair,36
1105,data/k400/train/zcCKLvJRlsk_000052_000062.mp4,brushing hair,36
1106,data/k400/train/-JrM0r9wQ5s_000000_000010.mp4,brushing teeth,37
1107,data/k400/train/-LR0gXR8c9c_000010_000020.mp4,brushing teeth,37
1108,data/k400/train/36tv9nTDOsQ_000003_000013.mp4,brushing teeth,37
1109,data/k400/train/4Re8ZdocRhY_000031_000041.mp4,brushing teeth,37
1110,data/k400/train/5Arfvj6KLfQ_000021_000031.mp4,brushing teeth,37
1111,data/k400/train/6GtKpl5t9Rs_000002_000012.mp4,brushing teeth,37
1112,data/k400/train/7dzRgO3R0qw_000008_000018.mp4,brushing teeth,37
1113,data/k400/train/7ljmI0fHMQ0_000120_000130.mp4,brushing teeth,37
1114,data/k400/train/9UJSDrBiv_M_000028_000038.mp4,brushing teeth,37
1115,data/k400/train/9YBjLhKYPKc_000013_000023.mp4,brushing teeth,37
1116,data/k400/train/BJPHWH5GdpM_000005_000015.mp4,brushing teeth,37
1117,data/k400/train/CAkBaa8tiXE_000002_000012.mp4,brushing teeth,37
1118,data/k400/train/DthkauVLag0_000022_000032.mp4,brushing teeth,37
1119,data/k400/train/E9DC79TNF_k_000285_000295.mp4,brushing teeth,37
1120,data/k400/train/EWI5nka_-A0_000002_000012.mp4,brushing teeth,37
1121,data/k400/train/F3yxde_un2k_000000_000010.mp4,brushing teeth,37
1122,data/k400/train/FL-KBJB5EdY_000016_000026.mp4,brushing teeth,37
1123,data/k400/train/FyESR9hd94U_000009_000019.mp4,brushing teeth,37
1124,data/k400/train/GTVb7B7skSY_000477_000487.mp4,brushing teeth,37
1125,data/k400/train/H2yTOICKCHA_000006_000016.mp4,brushing teeth,37
1126,data/k400/train/IKG6W6LmSlw_000000_000010.mp4,brushing teeth,37
1127,data/k400/train/JD09NxKZLAQ_000208_000218.mp4,brushing teeth,37
1128,data/k400/train/LGB_9YSu5OE_000016_000026.mp4,brushing teeth,37
1129,data/k400/train/LV1Ta-7Ph0k_000012_000022.mp4,brushing teeth,37
1130,data/k400/train/LZmeGIh3GBo_000003_000013.mp4,brushing teeth,37
1131,data/k400/train/Lw3LYtc6UxY_000002_000012.mp4,brushing teeth,37
1132,data/k400/train/Oqx0F28iwww_000005_000015.mp4,brushing teeth,37
1133,data/k400/train/PFCkgNQ--gw_000085_000095.mp4,brushing teeth,37
1134,data/k400/train/QKPwTJxKNP0_000054_000064.mp4,brushing teeth,37
1135,data/k400/train/RbJj_w_cTJ4_000000_000010.mp4,brushing teeth,37
1136,data/k400/train/RvXsfkmOuTc_000022_000032.mp4,brushing teeth,37
1137,data/k400/train/VW-IyP63y_w_000004_000014.mp4,brushing teeth,37
1138,data/k400/train/XuKk1XPepv4_000034_000044.mp4,brushing teeth,37
1139,data/k400/train/YsAzIoZsrFE_000019_000029.mp4,brushing teeth,37
1140,data/k400/train/Zu3qRvgY0sU_000004_000014.mp4,brushing teeth,37
1141,data/k400/train/_hnn0Q5Ee0g_000037_000047.mp4,brushing teeth,37
1142,data/k400/train/_w9Bx0Tj7FA_000007_000017.mp4,brushing teeth,37
1143,data/k400/train/aRxnl9a5BnM_000022_000032.mp4,brushing teeth,37
1144,data/k400/train/aYCGigSKjIQ_000004_000014.mp4,brushing teeth,37
1145,data/k400/train/aunEHRTiMrQ_000000_000010.mp4,brushing teeth,37
1146,data/k400/train/b_Azg_GVXEI_000090_000100.mp4,brushing teeth,37
1147,data/k400/train/bfRTTgShMjY_000000_000010.mp4,brushing teeth,37
1148,data/k400/train/cdgg8KpudZ8_000040_000050.mp4,brushing teeth,37
1149,data/k400/train/gjt3w4YCBbA_000001_000011.mp4,brushing teeth,37
1150,data/k400/train/hUSzw36S5I8_000000_000010.mp4,brushing teeth,37
1151,data/k400/train/ksQiAa4RQ7g_000000_000010.mp4,brushing teeth,37
1152,data/k400/train/l9Zsd1cj5Og_000096_000106.mp4,brushing teeth,37
1153,data/k400/train/lSVjBLQ5Olw_000357_000367.mp4,brushing teeth,37
1154,data/k400/train/ltYPp6v_bc4_000024_000034.mp4,brushing teeth,37
1155,data/k400/train/qCpIahdE_x0_000004_000014.mp4,brushing teeth,37
1156,data/k400/train/qhjoqYT93uo_000021_000031.mp4,brushing teeth,37
1157,data/k400/train/r2JVwh3ScY8_000001_000011.mp4,brushing teeth,37
1158,data/k400/train/raige5X3LSs_000086_000096.mp4,brushing teeth,37
1159,data/k400/train/tB_BQluAuyg_000085_000095.mp4,brushing teeth,37
1160,data/k400/train/tMQtfLmvrSE_000072_000082.mp4,brushing teeth,37
1161,data/k400/train/wG75EUaPxGM_000007_000017.mp4,brushing teeth,37
1162,data/k400/train/xmJgJcbhJSw_000076_000086.mp4,brushing teeth,37
1163,data/k400/train/0FaXLfqcphQ_000015_000025.mp4,building cabinet,38
1164,data/k400/train/0OnHJCMTAbU_000155_000165.mp4,building cabinet,38
1165,data/k400/train/1yy5ypSglHs_000252_000262.mp4,building cabinet,38
1166,data/k400/train/6AejTGYLN6c_001380_001390.mp4,building cabinet,38
1167,data/k400/train/9ZJqofmHnfo_000466_000476.mp4,building cabinet,38
1168,data/k400/train/AToDKbeSsNk_000401_000411.mp4,building cabinet,38
1169,data/k400/train/DNWCjFUE75s_000289_000299.mp4,building cabinet,38
1170,data/k400/train/GNCxnbjyePw_000311_000321.mp4,building cabinet,38
1171,data/k400/train/HrJe7ZItkf4_000264_000274.mp4,building cabinet,38
1172,data/k400/train/IwFyD6lwq9w_000299_000309.mp4,building cabinet,38
1173,data/k400/train/KZqFRKLNAwQ_000153_000163.mp4,building cabinet,38
1174,data/k400/train/M9NJlwlWJtI_000367_000377.mp4,building cabinet,38
1175,data/k400/train/Q34_AT_Ap_4_000271_000281.mp4,building cabinet,38
1176,data/k400/train/QfADkkUav1Q_000021_000031.mp4,building cabinet,38
1177,data/k400/train/SUNL7Fl5cOQ_000791_000801.mp4,building cabinet,38
1178,data/k400/train/VjZYZPCzVHs_000447_000457.mp4,building cabinet,38
1179,data/k400/train/VsUXSyviLS8_000269_000279.mp4,building cabinet,38
1180,data/k400/train/WVWEAr5AKQw_000090_000100.mp4,building cabinet,38
1181,data/k400/train/XslJR-kTevA_000086_000096.mp4,building cabinet,38
1182,data/k400/train/aKWAFwguqQA_000084_000094.mp4,building cabinet,38
1183,data/k400/train/hUFctwsgzPg_000020_000030.mp4,building cabinet,38
1184,data/k400/train/j2mLvPzYUOc_000067_000077.mp4,building cabinet,38
1185,data/k400/train/jWR2TvkcFvk_000025_000035.mp4,building cabinet,38
1186,data/k400/train/oXUkBm98cM4_000440_000450.mp4,building cabinet,38
1187,data/k400/train/u7z60Z8GaO8_000225_000235.mp4,building cabinet,38
1188,data/k400/train/1dOSB_FnIgY_000042_000052.mp4,building shed,39
1189,data/k400/train/6a8h1yUbpag_000052_000062.mp4,building shed,39
1190,data/k400/train/B47qa_CUR58_000068_000078.mp4,building shed,39
1191,data/k400/train/BX34brL3pIY_000010_000020.mp4,building shed,39
1192,data/k400/train/Kwkcqxq66Kk_000068_000078.mp4,building shed,39
1193,data/k400/train/PcukKxkyafM_000077_000087.mp4,building shed,39
1194,data/k400/train/QH3xyOs_Rlc_000005_000015.mp4,building shed,39
1195,data/k400/train/QiRDOz8jcFM_000166_000176.mp4,building shed,39
1196,data/k400/train/aaObH3q84ZY_000175_000185.mp4,building shed,39
1197,data/k400/train/nWjFg5t5LSs_000001_000011.mp4,building shed,39
1198,data/k400/train/rwhVY-X3vys_000068_000078.mp4,building shed,39
1199,data/k400/train/uy8f5Vk2AoE_000014_000024.mp4,building shed,39
1200,data/k400/train/1AHwyzUMU2E_000168_000178.mp4,bungee jumping,40
1201,data/k400/train/2-KM_3XGJLs_000106_000116.mp4,bungee jumping,40
1202,data/k400/train/4ePvWd33n-I_000040_000050.mp4,bungee jumping,40
1203,data/k400/train/7--iQqGsCwg_000023_000033.mp4,bungee jumping,40
1204,data/k400/train/7ZSM_p788KQ_000002_000012.mp4,bungee jumping,40
1205,data/k400/train/BTrOXiw5BPU_000002_000012.mp4,bungee jumping,40
1206,data/k400/train/C6uat3BjEvM_000238_000248.mp4,bungee jumping,40
1207,data/k400/train/ClungRuOBeY_000026_000036.mp4,bungee jumping,40
1208,data/k400/train/Fse8HrJPv-Q_000071_000081.mp4,bungee jumping,40
1209,data/k400/train/Ip5lFzvJQIk_000031_000041.mp4,bungee jumping,40
1210,data/k400/train/KT2XXTAoUaU_000004_000014.mp4,bungee jumping,40
1211,data/k400/train/Ktq_s0qSAcM_000038_000048.mp4,bungee jumping,40
1212,data/k400/train/Mb6QKCos3G4_000013_000023.mp4,bungee jumping,40
1213,data/k400/train/OQi57rOd6tk_000067_000077.mp4,bungee jumping,40
1214,data/k400/train/U4Wq0C_knO8_000467_000477.mp4,bungee jumping,40
1215,data/k400/train/WNr0fP13zb0_000112_000122.mp4,bungee jumping,40
1216,data/k400/train/WwcbpTANbeU_000060_000070.mp4,bungee jumping,40
1217,data/k400/train/_Ssx5VrlI7s_000101_000111.mp4,bungee jumping,40
1218,data/k400/train/bNi_fpFTsPs_000000_000010.mp4,bungee jumping,40
1219,data/k400/train/b_oSF-ZHZtU_000000_000010.mp4,bungee jumping,40
1220,data/k400/train/dxL582dzASQ_000147_000157.mp4,bungee jumping,40
1221,data/k400/train/f2MGicRyxNk_000041_000051.mp4,bungee jumping,40
1222,data/k400/train/fAGuCcG8fWE_000117_000127.mp4,bungee jumping,40
1223,data/k400/train/gCv8YtR9vBI_000123_000133.mp4,bungee jumping,40
1224,data/k400/train/hKXKo5moSYo_000001_000011.mp4,bungee jumping,40
1225,data/k400/train/ihVz13zu8pU_000049_000059.mp4,bungee jumping,40
1226,data/k400/train/ivhoTl2JGmQ_000004_000014.mp4,bungee jumping,40
1227,data/k400/train/mCaf7Zo1q3E_000022_000032.mp4,bungee jumping,40
1228,data/k400/train/n-c4ipHUImo_000003_000013.mp4,bungee jumping,40
1229,data/k400/train/natpylbLPfg_000017_000027.mp4,bungee jumping,40
1230,data/k400/train/pgUKlz2137c_000086_000096.mp4,bungee jumping,40
1231,data/k400/train/ufOOBbo_rF4_000025_000035.mp4,bungee jumping,40
1232,data/k400/train/uxl8ggRmapE_000184_000194.mp4,bungee jumping,40
1233,data/k400/train/webgeKtLiSM_000076_000086.mp4,bungee jumping,40
1234,data/k400/train/-dzaqKHdH_U_000023_000033.mp4,busking,41
1235,data/k400/train/-l71ebV7bEY_000019_000029.mp4,busking,41
1236,data/k400/train/0L4QBCRbxqg_000000_000010.mp4,busking,41
1237,data/k400/train/0w_ShCl1xvg_000112_000122.mp4,busking,41
1238,data/k400/train/41-0D4FACJw_000399_000409.mp4,busking,41
1239,data/k400/train/4aH5lbUra9s_000004_000014.mp4,busking,41
1240,data/k400/train/6ZczBl8PR0w_000207_000217.mp4,busking,41
1241,data/k400/train/7t8Lq7m1YAw_000011_000021.mp4,busking,41
1242,data/k400/train/Ag7ADG9vYKs_000160_000170.mp4,busking,41
1243,data/k400/train/CBNFHIsDChg_000050_000060.mp4,busking,41
1244,data/k400/train/DolDpfboIOY_000164_000174.mp4,busking,41
1245,data/k400/train/E1iVL461q2Y_000003_000013.mp4,busking,41
1246,data/k400/train/Efgwez485fk_000090_000100.mp4,busking,41
1247,data/k400/train/F3gvVnosKg4_000044_000054.mp4,busking,41
1248,data/k400/train/GVKNEt_39xI_000000_000010.mp4,busking,41
1249,data/k400/train/L9o66SrssdA_000046_000056.mp4,busking,41
1250,data/k400/train/LvGL4lpukTo_000001_000011.mp4,busking,41
1251,data/k400/train/OBdEyIzrOzw_000039_000049.mp4,busking,41
1252,data/k400/train/PPS7r1nZczo_000014_000024.mp4,busking,41
1253,data/k400/train/Q8ZObO0HMqg_000049_000059.mp4,busking,41
1254,data/k400/train/QXiyh3Dr7u0_000010_000020.mp4,busking,41
1255,data/k400/train/QZbV7Lz_xk0_000046_000056.mp4,busking,41
1256,data/k400/train/WGa6tCgmLGk_000041_000051.mp4,busking,41
1257,data/k400/train/WkcMCXZaRI8_000037_000047.mp4,busking,41
1258,data/k400/train/_OjqKPf3544_000002_000012.mp4,busking,41
1259,data/k400/train/_wLLug5-SX4_000126_000136.mp4,busking,41
1260,data/k400/train/akPUmG0TVUo_000119_000129.mp4,busking,41
1261,data/k400/train/cY-CIJmmKE4_000257_000267.mp4,busking,41
1262,data/k400/train/dbckqXjfgkc_000014_000024.mp4,busking,41
1263,data/k400/train/ekGRAf4TpmY_000029_000039.mp4,busking,41
1264,data/k400/train/fPrpMNoScoQ_000046_000056.mp4,busking,41
1265,data/k400/train/gl6FQ62EUD8_000229_000239.mp4,busking,41
1266,data/k400/train/gpMXnqxiip0_000240_000250.mp4,busking,41
1267,data/k400/train/kAHWmmn0PDo_000006_000016.mp4,busking,41
1268,data/k400/train/kMc2wFWXJ68_000189_000199.mp4,busking,41
1269,data/k400/train/o7Be24PuQCQ_000350_000360.mp4,busking,41
1270,data/k400/train/pY_ePKs3xrc_000000_000010.mp4,busking,41
1271,data/k400/train/qkbTz-iDIg0_000000_000010.mp4,busking,41
1272,data/k400/train/vC1bpwlkPf8_000252_000262.mp4,busking,41
1273,data/k400/train/1sguT96wUcc_000060_000070.mp4,canoeing or kayaking,42
1274,data/k400/train/30N02nwAU-c_001159_001169.mp4,canoeing or kayaking,42
1275,data/k400/train/3DIHKcdZ85U_000060_000070.mp4,canoeing or kayaking,42
1276,data/k400/train/3mSnxP1GJCs_000123_000133.mp4,canoeing or kayaking,42
1277,data/k400/train/4vnisUm0ayg_000009_000019.mp4,canoeing or kayaking,42
1278,data/k400/train/79kdh0ISVTo_000318_000328.mp4,canoeing or kayaking,42
1279,data/k400/train/DUU1v3x1_Ts_000010_000020.mp4,canoeing or kayaking,42
1280,data/k400/train/Ezzj3ZiPFdw_000023_000033.mp4,canoeing or kayaking,42
1281,data/k400/train/LMxvZarC-yo_000039_000049.mp4,canoeing or kayaking,42
1282,data/k400/train/MLfre0NsPWI_000028_000038.mp4,canoeing or kayaking,42
1283,data/k400/train/Ns9kHM1XlL4_000035_000045.mp4,canoeing or kayaking,42
1284,data/k400/train/SF1Cz--PZkk_000110_000120.mp4,canoeing or kayaking,42
1285,data/k400/train/Sl77l6wfVwA_000304_000314.mp4,canoeing or kayaking,42
1286,data/k400/train/T9VUaJuuey0_000179_000189.mp4,canoeing or kayaking,42
1287,data/k400/train/U8CBEm3LVEo_000022_000032.mp4,canoeing or kayaking,42
1288,data/k400/train/UX4dFyKPzfI_000279_000289.mp4,canoeing or kayaking,42
1289,data/k400/train/WVmjBzZLLLw_000022_000032.mp4,canoeing or kayaking,42
1290,data/k400/train/YaGx52FoyuE_000002_000012.mp4,canoeing or kayaking,42
1291,data/k400/train/Yei4n6HsDcc_000008_000018.mp4,canoeing or kayaking,42
1292,data/k400/train/_49gtG4Q95c_000381_000391.mp4,canoeing or kayaking,42
1293,data/k400/train/_731vTdtwQg_000246_000256.mp4,canoeing or kayaking,42
1294,data/k400/train/a65ts3pa_r0_000137_000147.mp4,canoeing or kayaking,42
1295,data/k400/train/aS07D5OWFjE_000058_000068.mp4,canoeing or kayaking,42
1296,data/k400/train/bHZH5yivf6I_000004_000014.mp4,canoeing or kayaking,42
1297,data/k400/train/bSLGklCfqbU_000008_000018.mp4,canoeing or kayaking,42
1298,data/k400/train/blJFzirv3-E_000124_000134.mp4,canoeing or kayaking,42
1299,data/k400/train/eoNm3PDolnM_000046_000056.mp4,canoeing or kayaking,42
1300,data/k400/train/fyxUHzMK38E_000219_000229.mp4,canoeing or kayaking,42
1301,data/k400/train/hxyuWSV4DCM_000014_000024.mp4,canoeing or kayaking,42
1302,data/k400/train/iEkKdpIQXrk_000007_000017.mp4,canoeing or kayaking,42
1303,data/k400/train/joC74w6WbOU_000003_000013.mp4,canoeing or kayaking,42
1304,data/k400/train/lrlYVLGDPqE_000102_000112.mp4,canoeing or kayaking,42
1305,data/k400/train/mdmhYEIQ64o_000064_000074.mp4,canoeing or kayaking,42
1306,data/k400/train/mfQXpHvBV78_000054_000064.mp4,canoeing or kayaking,42
1307,data/k400/train/oiVLpHCAb0g_000154_000164.mp4,canoeing or kayaking,42
1308,data/k400/train/pWPE3g-pUtA_000345_000355.mp4,canoeing or kayaking,42
1309,data/k400/train/qB1lvIKQlVQ_000299_000309.mp4,canoeing or kayaking,42
1310,data/k400/train/sfIgToTZca0_000039_000049.mp4,canoeing or kayaking,42
1311,data/k400/train/t160PxpVCD8_000205_000215.mp4,canoeing or kayaking,42
1312,data/k400/train/tbXCL6X-KtY_000054_000064.mp4,canoeing or kayaking,42
1313,data/k400/train/uAoRu8e8Hjk_000043_000053.mp4,canoeing or kayaking,42
1314,data/k400/train/wmqlE7Mfa8k_000120_000130.mp4,canoeing or kayaking,42
1315,data/k400/train/y6JMnlix-vM_000046_000056.mp4,canoeing or kayaking,42
1316,data/k400/train/y9NsOqWqCUI_000079_000089.mp4,canoeing or kayaking,42
1317,data/k400/train/yFk-wp-q0SQ_000010_000020.mp4,canoeing or kayaking,42
1318,data/k400/train/yv3EKw7tEeA_000034_000044.mp4,canoeing or kayaking,42
1319,data/k400/train/zXk_QzIxyyU_000069_000079.mp4,canoeing or kayaking,42
1320,data/k400/train/-HvEH5HeTBc_000011_000021.mp4,capoeira,43
1321,data/k400/train/0i1WKiD0RG8_000002_000012.mp4,capoeira,43
1322,data/k400/train/2FK9owo2y1s_000040_000050.mp4,capoeira,43
1323,data/k400/train/3KKxIE8DgVg_000093_000103.mp4,capoeira,43
1324,data/k400/train/3MKsdEQAnnk_000001_000011.mp4,capoeira,43
1325,data/k400/train/5Qiypu8X-sg_000038_000048.mp4,capoeira,43
1326,data/k400/train/9dOT_9KZw48_000094_000104.mp4,capoeira,43
1327,data/k400/train/A7Jegi78dZw_000033_000043.mp4,capoeira,43
1328,data/k400/train/D5lObHb4wr0_000097_000107.mp4,capoeira,43
1329,data/k400/train/DANnISBKYuw_000033_000043.mp4,capoeira,43
1330,data/k400/train/E2Nx9RS0K-8_000344_000354.mp4,capoeira,43
1331,data/k400/train/Ego3XLoDk1w_000003_000013.mp4,capoeira,43
1332,data/k400/train/F2i6UvV6xJo_000086_000096.mp4,capoeira,43
1333,data/k400/train/H1vtpFhck_A_000357_000367.mp4,capoeira,43
1334,data/k400/train/H3_m4Mp2TQY_000124_000134.mp4,capoeira,43
1335,data/k400/train/HLH3o7wuby0_000049_000059.mp4,capoeira,43
1336,data/k400/train/HWUeJ0N1Eyk_000000_000010.mp4,capoeira,43
1337,data/k400/train/JfaVo6IweGU_000079_000089.mp4,capoeira,43
1338,data/k400/train/KFs_oxhi8C8_000010_000020.mp4,capoeira,43
1339,data/k400/train/NC2UqEkXQSY_000009_000019.mp4,capoeira,43
1340,data/k400/train/Nj_Dts5gi3w_000156_000166.mp4,capoeira,43
1341,data/k400/train/OHqcRZkZO9E_000159_000169.mp4,capoeira,43
1342,data/k400/train/OyGp7KYUBng_000137_000147.mp4,capoeira,43
1343,data/k400/train/Qkqdyl9Ht8Q_000110_000120.mp4,capoeira,43
1344,data/k400/train/SNchxIEJvWw_000020_000030.mp4,capoeira,43
1345,data/k400/train/TqB-f0uv3jA_000014_000024.mp4,capoeira,43
1346,data/k400/train/Uk4etMGKVk0_000013_000023.mp4,capoeira,43
1347,data/k400/train/VQmZi3n8RK0_000016_000026.mp4,capoeira,43
1348,data/k400/train/Wv0ZR1QA8QY_000029_000039.mp4,capoeira,43
1349,data/k400/train/XKPWqXmy-b4_000092_000102.mp4,capoeira,43
1350,data/k400/train/XW4N2I7sPzc_000073_000083.mp4,capoeira,43
1351,data/k400/train/_2ICMjv0PVE_000043_000053.mp4,capoeira,43
1352,data/k400/train/aU4Wbc6h6uY_000532_000542.mp4,capoeira,43
1353,data/k400/train/bfSErcYbZOI_000381_000391.mp4,capoeira,43
1354,data/k400/train/cHFWrxAwjNU_000085_000095.mp4,capoeira,43
1355,data/k400/train/g8gcVRurL58_000443_000453.mp4,capoeira,43
1356,data/k400/train/iXpJcQqqeKk_000005_000015.mp4,capoeira,43
1357,data/k400/train/kAKnyRtIDmo_000201_000211.mp4,capoeira,43
1358,data/k400/train/kNarJvQRiYA_000452_000462.mp4,capoeira,43
1359,data/k400/train/mXARdSe52mE_000031_000041.mp4,capoeira,43
1360,data/k400/train/mmRMZr5pgu8_000003_000013.mp4,capoeira,43
1361,data/k400/train/mv-iwFpvlWE_000015_000025.mp4,capoeira,43
1362,data/k400/train/qygYVofBSBw_000059_000069.mp4,capoeira,43
1363,data/k400/train/txpOMPhfA_E_000087_000097.mp4,capoeira,43
1364,data/k400/train/vYSjIZ9x2ys_000086_000096.mp4,capoeira,43
1365,data/k400/train/xrEVqLoxLQU_000000_000010.mp4,capoeira,43
1366,data/k400/train/2e13IkgmVrY_000000_000010.mp4,carrying baby,44
1367,data/k400/train/4twzVlHuDEY_000052_000062.mp4,carrying baby,44
1368,data/k400/train/58nFvouWcfE_000002_000012.mp4,carrying baby,44
1369,data/k400/train/64RTF5sFlkk_000005_000015.mp4,carrying baby,44
1370,data/k400/train/775bPqXjv1g_000015_000025.mp4,carrying baby,44
1371,data/k400/train/7n7PRKV09-k_000004_000014.mp4,carrying baby,44
1372,data/k400/train/8hELkdo4Qfc_000036_000046.mp4,carrying baby,44
1373,data/k400/train/AphtyoP8bmI_000102_000112.mp4,carrying baby,44
1374,data/k400/train/JYJ6qZ2DevY_000068_000078.mp4,carrying baby,44
1375,data/k400/train/P8amgAResD4_000279_000289.mp4,carrying baby,44
1376,data/k400/train/QrgP87fRnE8_000073_000083.mp4,carrying baby,44
1377,data/k400/train/TZqPDBUKdNg_000198_000208.mp4,carrying baby,44
1378,data/k400/train/VVUrrq87O2A_000031_000041.mp4,carrying baby,44
1379,data/k400/train/Y_aQZiFJRMs_000122_000132.mp4,carrying baby,44
1380,data/k400/train/cO5L3smVGb8_000134_000144.mp4,carrying baby,44
1381,data/k400/train/gRoNUCA1Qvc_000001_000011.mp4,carrying baby,44
1382,data/k400/train/k2pUg1s6yvk_000134_000144.mp4,carrying baby,44
1383,data/k400/train/rpfvSQ_HaOQ_000062_000072.mp4,carrying baby,44
1384,data/k400/train/tIMU9YTyjlQ_000086_000096.mp4,carrying baby,44
1385,data/k400/train/tNY45eRXoP8_000001_000011.mp4,carrying baby,44
1386,data/k400/train/vAI7Sy3tHeM_000139_000149.mp4,carrying baby,44
1387,data/k400/train/ylK58jGCM08_000112_000122.mp4,carrying baby,44
1388,data/k400/train/3eqZotWZ_zk_000014_000024.mp4,cartwheeling,45
1389,data/k400/train/5CSVgpL0XlU_000008_000018.mp4,cartwheeling,45
1390,data/k400/train/7egLnB_BMJs_000000_000010.mp4,cartwheeling,45
1391,data/k400/train/9EXJSDaWaR8_000007_000017.mp4,cartwheeling,45
1392,data/k400/train/BcUKgsbehVM_000004_000014.mp4,cartwheeling,45
1393,data/k400/train/Bv7HQf-37F8_000007_000017.mp4,cartwheeling,45
1394,data/k400/train/DeBqzyrTRKQ_000004_000014.mp4,cartwheeling,45
1395,data/k400/train/Ds5tPUFnRIY_000006_000016.mp4,cartwheeling,45
1396,data/k400/train/EWiEMsgtfq4_000002_000012.mp4,cartwheeling,45
1397,data/k400/train/Eh8DNKXllpA_000000_000010.mp4,cartwheeling,45
1398,data/k400/train/P1kQDlbtm5A_000023_000033.mp4,cartwheeling,45
1399,data/k400/train/PSRRuuVIg3A_000010_000020.mp4,cartwheeling,45
1400,data/k400/train/R9jXHH3vBW4_000004_000014.mp4,cartwheeling,45
1401,data/k400/train/RmuSy6lKhmg_000000_000010.mp4,cartwheeling,45
1402,data/k400/train/d1OA_WiZyaA_000017_000027.mp4,cartwheeling,45
1403,data/k400/train/d31tO8zaqRY_000032_000042.mp4,cartwheeling,45
1404,data/k400/train/e5hScQsGaXo_000003_000013.mp4,cartwheeling,45
1405,data/k400/train/flOYVvvdil0_000002_000012.mp4,cartwheeling,45
1406,data/k400/train/i1vTIj4YZXk_000003_000013.mp4,cartwheeling,45
1407,data/k400/train/k1Op5ZUbzTk_000077_000087.mp4,cartwheeling,45
1408,data/k400/train/mOmhMKLFepM_000022_000032.mp4,cartwheeling,45
1409,data/k400/train/xbNhyFhenYc_000075_000085.mp4,cartwheeling,45
1410,data/k400/train/yIndWC7cK9g_000002_000012.mp4,cartwheeling,45
1411,data/k400/train/yLdAi3U4EHw_000014_000024.mp4,cartwheeling,45
1412,data/k400/train/6atwNjXUsAw_000007_000017.mp4,carving pumpkin,46
1413,data/k400/train/EJ-tcro2oSM_000079_000089.mp4,carving pumpkin,46
1414,data/k400/train/EfDd_DgvXGU_000337_000347.mp4,carving pumpkin,46
1415,data/k400/train/G05lM2LpC50_000120_000130.mp4,carving pumpkin,46
1416,data/k400/train/GpVFUM8K0yE_000028_000038.mp4,carving pumpkin,46
1417,data/k400/train/Hu_buEd0ljA_000239_000249.mp4,carving pumpkin,46
1418,data/k400/train/IK7eExH9wTU_000168_000178.mp4,carving pumpkin,46
1419,data/k400/train/K0Rn2Sv-oN4_000002_000012.mp4,carving pumpkin,46
1420,data/k400/train/MRvd0Y0tYPM_000145_000155.mp4,carving pumpkin,46
1421,data/k400/train/O45098G-34Y_000006_000016.mp4,carving pumpkin,46
1422,data/k400/train/VWYSTU8X0lg_000049_000059.mp4,carving pumpkin,46
1423,data/k400/train/Wu2Kr6wbPCo_000021_000031.mp4,carving pumpkin,46
1424,data/k400/train/XHB7tI7DE2A_000047_000057.mp4,carving pumpkin,46
1425,data/k400/train/YbHJP0p--9U_000450_000460.mp4,carving pumpkin,46
1426,data/k400/train/Z5bjbmhXIcs_000065_000075.mp4,carving pumpkin,46
1427,data/k400/train/ZC4nK_fGgsQ_000103_000113.mp4,carving pumpkin,46
1428,data/k400/train/bZFVPqZFfvU_000061_000071.mp4,carving pumpkin,46
1429,data/k400/train/fgdvvLLJ4qo_000680_000690.mp4,carving pumpkin,46
1430,data/k400/train/oPMEUTZ5E24_000068_000078.mp4,carving pumpkin,46
1431,data/k400/train/sY8bkEIfY4Q_000108_000118.mp4,carving pumpkin,46
1432,data/k400/train/ybH6uAiFbjc_001039_001049.mp4,carving pumpkin,46
1433,data/k400/train/-aGgP2rhewk_000003_000013.mp4,catching fish,47
1434,data/k400/train/3ICmEwECl_M_000574_000584.mp4,catching fish,47
1435,data/k400/train/3VaC_8u4PdA_000000_000010.mp4,catching fish,47
1436,data/k400/train/6KGntvLgv9I_000145_000155.mp4,catching fish,47
1437,data/k400/train/8OdM9xY4HIc_000002_000012.mp4,catching fish,47
1438,data/k400/train/9uFlYeTMlI0_000004_000014.mp4,catching fish,47
1439,data/k400/train/J9E6xwg0BOE_000025_000035.mp4,catching fish,47
1440,data/k400/train/RYYjegPTkzg_000033_000043.mp4,catching fish,47
1441,data/k400/train/Ro02QsVBE3k_000014_000024.mp4,catching fish,47
1442,data/k400/train/SR__b9nWBPI_000035_000045.mp4,catching fish,47
1443,data/k400/train/ZnqWL4LvnSk_000048_000058.mp4,catching fish,47
1444,data/k400/train/g04xwJxXf0c_000011_000021.mp4,catching fish,47
1445,data/k400/train/gpfgdV5Sta0_000017_000027.mp4,catching fish,47
1446,data/k400/train/iDJQv6p0cLc_000065_000075.mp4,catching fish,47
1447,data/k400/train/jxIsVYgWaEQ_000083_000093.mp4,catching fish,47
1448,data/k400/train/m3kOmjhXH9o_000166_000176.mp4,catching fish,47
1449,data/k400/train/mEGNuHkvILA_000011_000021.mp4,catching fish,47
1450,data/k400/train/mMuGlAgUoQ0_000003_000013.mp4,catching fish,47
1451,data/k400/train/pXwBDR_OyHs_000014_000024.mp4,catching fish,47
1452,data/k400/train/puluo_FZZps_000120_000130.mp4,catching fish,47
1453,data/k400/train/qxe9LzPoI-g_000060_000070.mp4,catching fish,47
1454,data/k400/train/uPj4b9qL8cw_000000_000010.mp4,catching fish,47
1455,data/k400/train/08sAVLdsWI4_000013_000023.mp4,catching or throwing baseball,48
1456,data/k400/train/28XIKs1x3fw_000001_000011.mp4,catching or throwing baseball,48
1457,data/k400/train/3kUYkcOupjo_000111_000121.mp4,catching or throwing baseball,48
1458,data/k400/train/5aNInVANxJg_000195_000205.mp4,catching or throwing baseball,48
1459,data/k400/train/6afm3jt9PUg_000000_000010.mp4,catching or throwing baseball,48
1460,data/k400/train/APkDak34W-4_000006_000016.mp4,catching or throwing baseball,48
1461,data/k400/train/AnRCmoXjazY_000012_000022.mp4,catching or throwing baseball,48
1462,data/k400/train/BPA3ycTqgCY_000000_000010.mp4,catching or throwing baseball,48
1463,data/k400/train/C6xHCzpv4VM_000055_000065.mp4,catching or throwing baseball,48
1464,data/k400/train/CJ-LW0kdk1U_000039_000049.mp4,catching or throwing baseball,48
1465,data/k400/train/FkJTU4uIwN8_000002_000012.mp4,catching or throwing baseball,48
1466,data/k400/train/GlZHypvUopY_000136_000146.mp4,catching or throwing baseball,48
1467,data/k400/train/H1rScngjJtg_000000_000010.mp4,catching or throwing baseball,48
1468,data/k400/train/MT7lcUSk2mQ_000045_000055.mp4,catching or throwing baseball,48
1469,data/k400/train/M_kj8nqgbgI_000003_000013.mp4,catching or throwing baseball,48
1470,data/k400/train/Q-aB2ot5F34_000051_000061.mp4,catching or throwing baseball,48
1471,data/k400/train/U-3Qyrh6Tt0_000002_000012.mp4,catching or throwing baseball,48
1472,data/k400/train/UvbFwXLWDIk_000001_000011.mp4,catching or throwing baseball,48
1473,data/k400/train/XmDVmm7ifig_000037_000047.mp4,catching or throwing baseball,48
1474,data/k400/train/_HwnELEqr64_000058_000068.mp4,catching or throwing baseball,48
1475,data/k400/train/_oWfy4gB7sE_000049_000059.mp4,catching or throwing baseball,48
1476,data/k400/train/cCC0sTLVRyI_000005_000015.mp4,catching or throwing baseball,48
1477,data/k400/train/csJp5URPcyo_000000_000010.mp4,catching or throwing baseball,48
1478,data/k400/train/eQTPYTD0Bqs_000021_000031.mp4,catching or throwing baseball,48
1479,data/k400/train/kZ_moycoVkE_000192_000202.mp4,catching or throwing baseball,48
1480,data/k400/train/pOWu1dAaE9w_000004_000014.mp4,catching or throwing baseball,48
1481,data/k400/train/rVhmkOYCAdY_000008_000018.mp4,catching or throwing baseball,48
1482,data/k400/train/sWTkxIwL6Yg_000028_000038.mp4,catching or throwing baseball,48
1483,data/k400/train/u8nSFaK1wAU_000012_000022.mp4,catching or throwing baseball,48
1484,data/k400/train/vvTZASQ6iIY_000058_000068.mp4,catching or throwing baseball,48
1485,data/k400/train/wqfUS0vel8Y_000145_000155.mp4,catching or throwing baseball,48
1486,data/k400/train/068Ewypg250_000014_000024.mp4,catching or throwing frisbee,49
1487,data/k400/train/1uFqPQNdxKY_000001_000011.mp4,catching or throwing frisbee,49
1488,data/k400/train/2pS2jov9ZmA_000261_000271.mp4,catching or throwing frisbee,49
1489,data/k400/train/3W9nGO1N8QQ_000008_000018.mp4,catching or throwing frisbee,49
1490,data/k400/train/5ZvZPbWteMs_000003_000013.mp4,catching or throwing frisbee,49
1491,data/k400/train/63mPai6hwsg_000106_000116.mp4,catching or throwing frisbee,49
1492,data/k400/train/6pNaqdeNveI_000007_000017.mp4,catching or throwing frisbee,49
1493,data/k400/train/An1Vz_8RnDA_000014_000024.mp4,catching or throwing frisbee,49
1494,data/k400/train/AzR8XAfmOGk_000079_000089.mp4,catching or throwing frisbee,49
1495,data/k400/train/CSEa7n3oo8I_000019_000029.mp4,catching or throwing frisbee,49
1496,data/k400/train/CcHo5IEKbaA_000000_000010.mp4,catching or throwing frisbee,49
1497,data/k400/train/Dvbj__F4KzM_000000_000010.mp4,catching or throwing frisbee,49
1498,data/k400/train/FRJ0NwYmXWc_000038_000048.mp4,catching or throwing frisbee,49
1499,data/k400/train/Fl0pjgwrYgk_000005_000015.mp4,catching or throwing frisbee,49
1500,data/k400/train/IZulLg7CGK0_000211_000221.mp4,catching or throwing frisbee,49
1501,data/k400/train/Njcw1kJ3WmY_000003_000013.mp4,catching or throwing frisbee,49
1502,data/k400/train/Nx-r4GbBrvw_000039_000049.mp4,catching or throwing frisbee,49
1503,data/k400/train/OLmf6fBSvVs_000003_000013.mp4,catching or throwing frisbee,49
1504,data/k400/train/RQBY-PTuy54_000020_000030.mp4,catching or throwing frisbee,49
1505,data/k400/train/UUQ-QfhIYqc_000002_000012.mp4,catching or throwing frisbee,49
1506,data/k400/train/VFEPYrZjqKo_000006_000016.mp4,catching or throwing frisbee,49
1507,data/k400/train/VGrb1lKQ_qE_000004_000014.mp4,catching or throwing frisbee,49
1508,data/k400/train/XjisXuqOUi0_000105_000115.mp4,catching or throwing frisbee,49
1509,data/k400/train/YSFlFkVQiZw_000049_000059.mp4,catching or throwing frisbee,49
1510,data/k400/train/Yn1joH2hYMw_000060_000070.mp4,catching or throwing frisbee,49
1511,data/k400/train/ZG4R3W7K-Eo_000002_000012.mp4,catching or throwing frisbee,49
1512,data/k400/train/_7N6JW6pyJE_000000_000010.mp4,catching or throwing frisbee,49
1513,data/k400/train/a5a6xiOfApk_000011_000021.mp4,catching or throwing frisbee,49
1514,data/k400/train/a5dhsFbhfd8_000001_000011.mp4,catching or throwing frisbee,49
1515,data/k400/train/aQ6Qlj2rGT4_000000_000010.mp4,catching or throwing frisbee,49
1516,data/k400/train/aTFc0DFsATo_000010_000020.mp4,catching or throwing frisbee,49
1517,data/k400/train/aZThi9QvrP8_000003_000013.mp4,catching or throwing frisbee,49
1518,data/k400/train/b-ZAHU3Hef0_000010_000020.mp4,catching or throwing frisbee,49
1519,data/k400/train/ccmTNUEhU8M_000000_000010.mp4,catching or throwing frisbee,49
1520,data/k400/train/gkcRul8yPhw_000006_000016.mp4,catching or throwing frisbee,49
1521,data/k400/train/gp9SI57ioc8_000000_000010.mp4,catching or throwing frisbee,49
1522,data/k400/train/iDhqvIolHhk_000004_000014.mp4,catching or throwing frisbee,49
1523,data/k400/train/krH5bLS4nNg_000003_000013.mp4,catching or throwing frisbee,49
1524,data/k400/train/n3GXZI93tGg_000002_000012.mp4,catching or throwing frisbee,49
1525,data/k400/train/nikVYm1Il78_000053_000063.mp4,catching or throwing frisbee,49
1526,data/k400/train/r0Q-lWtZGBk_000010_000020.mp4,catching or throwing frisbee,49
1527,data/k400/train/t1kpRZKbSoM_000022_000032.mp4,catching or throwing frisbee,49
1528,data/k400/train/vF8bkbsPzAo_000026_000036.mp4,catching or throwing frisbee,49
1529,data/k400/train/xKG_5AL2K1w_000096_000106.mp4,catching or throwing frisbee,49
1530,data/k400/train/1YduRrAWaN0_000005_000015.mp4,catching or throwing softball,50
1531,data/k400/train/7MrOP8hpL9g_000001_000011.mp4,catching or throwing softball,50
1532,data/k400/train/7aoHXKKdnvA_000006_000016.mp4,catching or throwing softball,50
1533,data/k400/train/9o7n72M-aEM_000000_000010.mp4,catching or throwing softball,50
1534,data/k400/train/9v4g1XPmuyU_000002_000012.mp4,catching or throwing softball,50
1535,data/k400/train/Al693ycSASc_000002_000012.mp4,catching or throwing softball,50
1536,data/k400/train/B8WlDPMJWRM_000002_000012.mp4,catching or throwing softball,50
1537,data/k400/train/DxuHxTJGnpM_000014_000024.mp4,catching or throwing softball,50
1538,data/k400/train/ERe9jHtrlIE_000004_000014.mp4,catching or throwing softball,50
1539,data/k400/train/GK5SzNJFq-M_000081_000091.mp4,catching or throwing softball,50
1540,data/k400/train/KlK_RTimm_s_000012_000022.mp4,catching or throwing softball,50
1541,data/k400/train/Lc4sa3tbkKQ_000031_000041.mp4,catching or throwing softball,50
1542,data/k400/train/PihbSrI97Tg_000000_000010.mp4,catching or throwing softball,50
1543,data/k400/train/QfUz2HuAdWM_000000_000010.mp4,catching or throwing softball,50
1544,data/k400/train/QtkrvlvbV0U_000016_000026.mp4,catching or throwing softball,50
1545,data/k400/train/R9Mjjt-SvEs_000020_000030.mp4,catching or throwing softball,50
1546,data/k400/train/RSfnockPozs_000003_000013.mp4,catching or throwing softball,50
1547,data/k400/train/S-GfhiUYAf8_000000_000010.mp4,catching or throwing softball,50
1548,data/k400/train/SkBZIrQs7jc_000000_000010.mp4,catching or throwing softball,50
1549,data/k400/train/TVz-JeUCNaw_000006_000016.mp4,catching or throwing softball,50
1550,data/k400/train/VkWu1lHIPUk_000004_000014.mp4,catching or throwing softball,50
1551,data/k400/train/WuRz0QnYGe8_000001_000011.mp4,catching or throwing softball,50
1552,data/k400/train/Y8Ii_F_pOFw_000048_000058.mp4,catching or throwing softball,50
1553,data/k400/train/YFT99apdjNQ_000485_000495.mp4,catching or throwing softball,50
1554,data/k400/train/_qDpOePqdiI_000032_000042.mp4,catching or throwing softball,50
1555,data/k400/train/a1xT-rjqB40_000009_000019.mp4,catching or throwing softball,50
1556,data/k400/train/aMOxOa_H6ts_000003_000013.mp4,catching or throwing softball,50
1557,data/k400/train/bg7b4h401j0_000007_000017.mp4,catching or throwing softball,50
1558,data/k400/train/lnh6Cq5P1Fs_000010_000020.mp4,catching or throwing softball,50
1559,data/k400/train/pctfujv5isM_000082_000092.mp4,catching or throwing softball,50
1560,data/k400/train/pqj1Wd6oFzA_000001_000011.mp4,catching or throwing softball,50
1561,data/k400/train/s-8taB8r21k_000000_000010.mp4,catching or throwing softball,50
1562,data/k400/train/sLUMOSeS7mY_000016_000026.mp4,catching or throwing softball,50
1563,data/k400/train/yAVPtceAg7k_000003_000013.mp4,catching or throwing softball,50
1564,data/k400/train/zse8EvO_eOo_000001_000011.mp4,catching or throwing softball,50
1565,data/k400/train/0vf_243hTB4_000089_000099.mp4,celebrating,51
1566,data/k400/train/3OoWFuxapyM_000000_000010.mp4,celebrating,51
1567,data/k400/train/8iyL-Yiep7Q_000112_000122.mp4,celebrating,51
1568,data/k400/train/9NqbJJUPg-g_000113_000123.mp4,celebrating,51
1569,data/k400/train/AQW9i0DXU9Q_000027_000037.mp4,celebrating,51
1570,data/k400/train/BDTB012TM6k_000007_000017.mp4,celebrating,51
1571,data/k400/train/BnMCIC85-rA_000198_000208.mp4,celebrating,51
1572,data/k400/train/CYj83IhGe8A_000000_000010.mp4,celebrating,51
1573,data/k400/train/CzRxL4lH4Xw_000433_000443.mp4,celebrating,51
1574,data/k400/train/GMobXrVM7Xo_000002_000012.mp4,celebrating,51
1575,data/k400/train/HpcDJ9WojpY_000927_000937.mp4,celebrating,51
1576,data/k400/train/HtiXZ2j_TsQ_000088_000098.mp4,celebrating,51
1577,data/k400/train/IOgd9xp9xHE_000072_000082.mp4,celebrating,51
1578,data/k400/train/JZhf_UDh8-w_000019_000029.mp4,celebrating,51
1579,data/k400/train/NltO0eNeHug_000000_000010.mp4,celebrating,51
1580,data/k400/train/Nn3lUf-yZ7Y_000220_000230.mp4,celebrating,51
1581,data/k400/train/OARPfuVqj9Q_000002_000012.mp4,celebrating,51
1582,data/k400/train/R05cg9cuEWE_000118_000128.mp4,celebrating,51
1583,data/k400/train/RGoxCIT_WRQ_000208_000218.mp4,celebrating,51
1584,data/k400/train/UKG-AVLsH7M_000071_000081.mp4,celebrating,51
1585,data/k400/train/W--ia8nZRjA_000023_000033.mp4,celebrating,51
1586,data/k400/train/WK02NOstFBc_000166_000176.mp4,celebrating,51
1587,data/k400/train/XSBuNmuBP1Y_000028_000038.mp4,celebrating,51
1588,data/k400/train/YdTf2D3z_i4_000313_000323.mp4,celebrating,51
1589,data/k400/train/a0L4Q4efiCI_000100_000110.mp4,celebrating,51
1590,data/k400/train/fL31YFmovoM_000000_000010.mp4,celebrating,51
1591,data/k400/train/gF5L8C_JT5o_000041_000051.mp4,celebrating,51
1592,data/k400/train/j0ckft9e4qY_000127_000137.mp4,celebrating,51
1593,data/k400/train/kzvNPp9IQh0_000277_000287.mp4,celebrating,51
1594,data/k400/train/lohN19Y964Y_000073_000083.mp4,celebrating,51
1595,data/k400/train/pAaqnlMCjGY_000160_000170.mp4,celebrating,51
1596,data/k400/train/qYgDl0UhBBk_000487_000497.mp4,celebrating,51
1597,data/k400/train/uZbJ5SoxdB0_000033_000043.mp4,celebrating,51
1598,data/k400/train/-157wqwwtAo_000026_000036.mp4,changing oil,52
1599,data/k400/train/2TDZoEVPscQ_000020_000030.mp4,changing oil,52
1600,data/k400/train/4Sr9NDLvdv8_000157_000167.mp4,changing oil,52
1601,data/k400/train/7zMq7Mzgt6U_000042_000052.mp4,changing oil,52
1602,data/k400/train/8Fw6jgS8bac_000172_000182.mp4,changing oil,52
1603,data/k400/train/9g5avlvk9H8_000240_000250.mp4,changing oil,52
1604,data/k400/train/BglwqpvQ98w_000306_000316.mp4,changing oil,52
1605,data/k400/train/Ddth4-Rel3U_000195_000205.mp4,changing oil,52
1606,data/k400/train/G9BSw7EbqvA_000091_000101.mp4,changing oil,52
1607,data/k400/train/GmdeCcjRQD8_000032_000042.mp4,changing oil,52
1608,data/k400/train/IejyFo-pOpQ_000161_000171.mp4,changing oil,52
1609,data/k400/train/J1njjsDFjVk_000074_000084.mp4,changing oil,52
1610,data/k400/train/OZQ1lJsXbt4_000009_000019.mp4,changing oil,52
1611,data/k400/train/QJb5USxk1i8_000297_000307.mp4,changing oil,52
1612,data/k400/train/QY0dB5XvPMY_000004_000014.mp4,changing oil,52
1613,data/k400/train/T4vqi9PvOGI_000262_000272.mp4,changing oil,52
1614,data/k400/train/VCAH4lDlFPA_000050_000060.mp4,changing oil,52
1615,data/k400/train/W74_mlm8FiY_000038_000048.mp4,changing oil,52
1616,data/k400/train/bpOUPTXbQQE_000354_000364.mp4,changing oil,52
1617,data/k400/train/f0W_iIMLZcc_000119_000129.mp4,changing oil,52
1618,data/k400/train/mAXJSRteYiw_000149_000159.mp4,changing oil,52
1619,data/k400/train/mvojEx3q1iQ_000421_000431.mp4,changing oil,52
1620,data/k400/train/pJtDeGLjMsA_000039_000049.mp4,changing oil,52
1621,data/k400/train/ploG2TmaXWY_000070_000080.mp4,changing oil,52
1622,data/k400/train/rdcOONWHIM0_000595_000605.mp4,changing oil,52
1623,data/k400/train/tzvrRhM7JHw_000546_000556.mp4,changing oil,52
1624,data/k400/train/u8FyRzxdU0w_000061_000071.mp4,changing oil,52
1625,data/k400/train/vKkZURNIrys_000009_000019.mp4,changing oil,52
1626,data/k400/train/zaWsxJRxon0_000071_000081.mp4,changing oil,52
1627,data/k400/train/3zMPpr7iZMU_000044_000054.mp4,changing wheel,53
1628,data/k400/train/4QE6LGVB30A_000148_000158.mp4,changing wheel,53
1629,data/k400/train/4oyV_yblhEo_000042_000052.mp4,changing wheel,53
1630,data/k400/train/8A4cZXyDrkU_000006_000016.mp4,changing wheel,53
1631,data/k400/train/ILEDYGgyN5g_000067_000077.mp4,changing wheel,53
1632,data/k400/train/RBEC2IswfBo_000020_000030.mp4,changing wheel,53
1633,data/k400/train/RJyo6Gapfrw_000051_000061.mp4,changing wheel,53
1634,data/k400/train/cd9TJmfwCEM_000267_000277.mp4,changing wheel,53
1635,data/k400/train/i0gRgF6uFRo_000432_000442.mp4,changing wheel,53
1636,data/k400/train/mGohIeG8PJ8_000105_000115.mp4,changing wheel,53
1637,data/k400/train/nhGsl5I-zb4_000099_000109.mp4,changing wheel,53
1638,data/k400/train/rCqx9vHrbVI_000165_000175.mp4,changing wheel,53
1639,data/k400/train/32E949vdg_U_000021_000031.mp4,checking tires,54
1640,data/k400/train/4t2c7949GX8_000017_000027.mp4,checking tires,54
1641,data/k400/train/6WBBkx7FTwo_000004_000014.mp4,checking tires,54
1642,data/k400/train/9csqMxtRYOU_000007_000017.mp4,checking tires,54
1643,data/k400/train/A9sikppXYZ4_000029_000039.mp4,checking tires,54
1644,data/k400/train/FimKl6Ag-eQ_000001_000011.mp4,checking tires,54
1645,data/k400/train/GX4AYE0BeNQ_000008_000018.mp4,checking tires,54
1646,data/k400/train/M3EK-2BedlI_000032_000042.mp4,checking tires,54
1647,data/k400/train/QTNMkCPxtHs_000015_000025.mp4,checking tires,54
1648,data/k400/train/UnFNJuT5Ezw_000033_000043.mp4,checking tires,54
1649,data/k400/train/ePgu6xxPwg0_000036_000046.mp4,checking tires,54
1650,data/k400/train/hZEOcAdXI7g_000056_000066.mp4,checking tires,54
1651,data/k400/train/nXn0nk8g9m0_000082_000092.mp4,checking tires,54
1652,data/k400/train/nuedgElTPUM_000116_000126.mp4,checking tires,54
1653,data/k400/train/rE4Fk73o5X4_000023_000033.mp4,checking tires,54
1654,data/k400/train/vY-bjFbdBIM_000314_000324.mp4,checking tires,54
1655,data/k400/train/zX40gq5LKUU_000130_000140.mp4,checking tires,54
1656,data/k400/train/zyZa-dGR3NI_000189_000199.mp4,checking tires,54
1657,data/k400/train/-5Ea_Vj8ohs_000068_000078.mp4,cheerleading,55
1658,data/k400/train/-FOzZ9GIbrA_000024_000034.mp4,cheerleading,55
1659,data/k400/train/0zEsUaCqn60_000001_000011.mp4,cheerleading,55
1660,data/k400/train/1BStfu5yDVI_000052_000062.mp4,cheerleading,55
1661,data/k400/train/2phKoLNFNBs_000004_000014.mp4,cheerleading,55
1662,data/k400/train/30xPN_uEOo8_000286_000296.mp4,cheerleading,55
1663,data/k400/train/7EtjWcAqLDQ_000117_000127.mp4,cheerleading,55
1664,data/k400/train/7dtuVetFoiM_000035_000045.mp4,cheerleading,55
1665,data/k400/train/88idJ6Eb50Y_000134_000144.mp4,cheerleading,55
1666,data/k400/train/9BFIYhBGszc_000297_000307.mp4,cheerleading,55
1667,data/k400/train/AI4Of88-Dt0_000000_000010.mp4,cheerleading,55
1668,data/k400/train/B3RNtA_YHaA_000030_000040.mp4,cheerleading,55
1669,data/k400/train/CFBSQBeOTvQ_000002_000012.mp4,cheerleading,55
1670,data/k400/train/DLMWqa_nlFo_000059_000069.mp4,cheerleading,55
1671,data/k400/train/GOsVHZqv5rA_000271_000281.mp4,cheerleading,55
1672,data/k400/train/GoO0dMp2sJ8_000324_000334.mp4,cheerleading,55
1673,data/k400/train/H-AimDZ5srI_000119_000129.mp4,cheerleading,55
1674,data/k400/train/Ir448z9Cads_000050_000060.mp4,cheerleading,55
1675,data/k400/train/M5Vox0nd4NQ_000121_000131.mp4,cheerleading,55
1676,data/k400/train/NlRU_NEibNY_000018_000028.mp4,cheerleading,55
1677,data/k400/train/OjvcMlHScrU_000125_000135.mp4,cheerleading,55
1678,data/k400/train/OkPKG3L-1sQ_000150_000160.mp4,cheerleading,55
1679,data/k400/train/Pa8c375S-j8_000186_000196.mp4,cheerleading,55
1680,data/k400/train/QEkUqCRO6gk_000561_000571.mp4,cheerleading,55
1681,data/k400/train/Sy6qon6ftqo_000047_000057.mp4,cheerleading,55
1682,data/k400/train/T1oUfvoLCI0_000012_000022.mp4,cheerleading,55
1683,data/k400/train/V2wKE9Td-kA_000230_000240.mp4,cheerleading,55
1684,data/k400/train/WQknn5D935g_000002_000012.mp4,cheerleading,55
1685,data/k400/train/Xpe7qXcSKKg_000004_000014.mp4,cheerleading,55
1686,data/k400/train/XtyRNs382_0_000114_000124.mp4,cheerleading,55
1687,data/k400/train/ZCy0Nj2YV6Y_000677_000687.mp4,cheerleading,55
1688,data/k400/train/_vzvVBH6Db4_000025_000035.mp4,cheerleading,55
1689,data/k400/train/a-08_FiLD1c_000144_000154.mp4,cheerleading,55
1690,data/k400/train/bdyAQkD5vFM_000002_000012.mp4,cheerleading,55
1691,data/k400/train/dWX-XbLY4DA_000042_000052.mp4,cheerleading,55
1692,data/k400/train/feArMtua1wQ_000084_000094.mp4,cheerleading,55
1693,data/k400/train/h1PgIV_05mg_000154_000164.mp4,cheerleading,55
1694,data/k400/train/h92sy6udMrk_000135_000145.mp4,cheerleading,55
1695,data/k400/train/iYaLBvsrFr4_000126_000136.mp4,cheerleading,55
1696,data/k400/train/ixZ6iG4Lieg_000002_000012.mp4,cheerleading,55
1697,data/k400/train/joJOZ2N9I20_000051_000061.mp4,cheerleading,55
1698,data/k400/train/lkWYLBwMQp0_000340_000350.mp4,cheerleading,55
1699,data/k400/train/mcClAeLSYlI_000001_000011.mp4,cheerleading,55
1700,data/k400/train/mgfV_cEst2k_000000_000010.mp4,cheerleading,55
1701,data/k400/train/oUXCWIrEecU_000107_000117.mp4,cheerleading,55
1702,data/k400/train/pfVGtqumN5w_000036_000046.mp4,cheerleading,55
1703,data/k400/train/rbcCoUq3jZ4_000147_000157.mp4,cheerleading,55
1704,data/k400/train/tiZWMc7h8qs_000012_000022.mp4,cheerleading,55
1705,data/k400/train/xPShV9povyA_000091_000101.mp4,cheerleading,55
1706,data/k400/train/yGdwtPAvSdY_000001_000011.mp4,cheerleading,55
1707,data/k400/train/yKfLkooaM3I_000169_000179.mp4,cheerleading,55
1708,data/k400/train/yLb852y18CI_000446_000456.mp4,cheerleading,55
1709,data/k400/train/zD1dBcKNZF0_000128_000138.mp4,cheerleading,55
1710,data/k400/train/zW-WT74Zyo8_000272_000282.mp4,cheerleading,55
1711,data/k400/train/zYBVwT3kzuQ_000054_000064.mp4,cheerleading,55
1712,data/k400/train/zewcx0hIcGI_000013_000023.mp4,cheerleading,55
1713,data/k400/train/zuG4hfZa1GI_000001_000011.mp4,cheerleading,55
1714,data/k400/train/-Wx087CwsdQ_000011_000021.mp4,chopping wood,56
1715,data/k400/train/-jSa98fL8vU_000003_000013.mp4,chopping wood,56
1716,data/k400/train/7QxUtHqQdbY_000006_000016.mp4,chopping wood,56
1717,data/k400/train/7pkS7qvZsWU_000001_000011.mp4,chopping wood,56
1718,data/k400/train/9YnmsWbFkmo_000003_000013.mp4,chopping wood,56
1719,data/k400/train/EDPJeGjKQQk_000023_000033.mp4,chopping wood,56
1720,data/k400/train/GTsEpDcBzx0_000005_000015.mp4,chopping wood,56
1721,data/k400/train/Gv_bPEq8ajo_000010_000020.mp4,chopping wood,56
1722,data/k400/train/H-QlWadHPNA_000336_000346.mp4,chopping wood,56
1723,data/k400/train/H6T9j3bOW2w_000008_000018.mp4,chopping wood,56
1724,data/k400/train/HQRUkfFYjbw_000012_000022.mp4,chopping wood,56
1725,data/k400/train/HomCQVBXvn8_000088_000098.mp4,chopping wood,56
1726,data/k400/train/KZLlmypsunc_000000_000010.mp4,chopping wood,56
1727,data/k400/train/L0lOOl--HsA_000003_000013.mp4,chopping wood,56
1728,data/k400/train/LAbzDJZtSvQ_000062_000072.mp4,chopping wood,56
1729,data/k400/train/M65Qz49cCnI_000020_000030.mp4,chopping wood,56
1730,data/k400/train/QEcVK75TAwk_000002_000012.mp4,chopping wood,56
1731,data/k400/train/RlNfwLKg_4U_000100_000110.mp4,chopping wood,56
1732,data/k400/train/ToFHuex8Fx8_000004_000014.mp4,chopping wood,56
1733,data/k400/train/UDAMlor9zxE_000012_000022.mp4,chopping wood,56
1734,data/k400/train/UYwkqx25HEw_000524_000534.mp4,chopping wood,56
1735,data/k400/train/Z9SjrUNt8Ds_000089_000099.mp4,chopping wood,56
1736,data/k400/train/ci9KzjCfTlE_000000_000010.mp4,chopping wood,56
1737,data/k400/train/crdQfKx_Sxw_000001_000011.mp4,chopping wood,56
1738,data/k400/train/gyDn900HY5w_000003_000013.mp4,chopping wood,56
1739,data/k400/train/kFqqbUgYk9A_000030_000040.mp4,chopping wood,56
1740,data/k400/train/l-ofJPJCGFA_000001_000011.mp4,chopping wood,56
1741,data/k400/train/m_Kkk9a2Xi4_000092_000102.mp4,chopping wood,56
1742,data/k400/train/p8-4fBw7IJI_000109_000119.mp4,chopping wood,56
1743,data/k400/train/q9rDmDyDt7c_000092_000102.mp4,chopping wood,56
1744,data/k400/train/rPDwqbVtqeY_000416_000426.mp4,chopping wood,56
1745,data/k400/train/rlmQbhutx14_000001_000011.mp4,chopping wood,56
1746,data/k400/train/rsWJFqsMbM4_000000_000010.mp4,chopping wood,56
1747,data/k400/train/tIkplzNSPD0_000066_000076.mp4,chopping wood,56
1748,data/k400/train/utJo78mV_fI_000003_000013.mp4,chopping wood,56
1749,data/k400/train/vlayTqI9oi4_000036_000046.mp4,chopping wood,56
1750,data/k400/train/wD-gA75dNvs_000014_000024.mp4,chopping wood,56
1751,data/k400/train/y6y6X12KmfU_000041_000051.mp4,chopping wood,56
1752,data/k400/train/ztUXFl_itaY_000081_000091.mp4,chopping wood,56
1753,data/k400/train/4qP3uCgjFaM_000001_000011.mp4,clapping,57
1754,data/k400/train/8535LaHnUmw_000034_000044.mp4,clapping,57
1755,data/k400/train/8N5UuN5WQcY_000029_000039.mp4,clapping,57
1756,data/k400/train/9VjUS3zXxh4_000000_000010.mp4,clapping,57
1757,data/k400/train/9zwmDLs8EdE_000089_000099.mp4,clapping,57
1758,data/k400/train/Gl9099z9gpY_000011_000021.mp4,clapping,57
1759,data/k400/train/SeBtSLq9C_g_000002_000012.mp4,clapping,57
1760,data/k400/train/Tig-JlMdNss_000061_000071.mp4,clapping,57
1761,data/k400/train/Zu8PMtUhE6E_000059_000069.mp4,clapping,57
1762,data/k400/train/aBdvOANpWMQ_000003_000013.mp4,clapping,57
1763,data/k400/train/fndblikia64_000146_000156.mp4,clapping,57
1764,data/k400/train/i1sGAd9ea3A_000004_000014.mp4,clapping,57
1765,data/k400/train/i9a1Gq5V7QU_000030_000040.mp4,clapping,57
1766,data/k400/train/qvt4du9deHM_000005_000015.mp4,clapping,57
1767,data/k400/train/sZ9MxkvFbYs_000020_000030.mp4,clapping,57
1768,data/k400/train/tLIKANumars_000004_000014.mp4,clapping,57
1769,data/k400/train/ypQb5GVtfkI_000003_000013.mp4,clapping,57
1770,data/k400/train/0nQK28ts_f0_000055_000065.mp4,clay pottery making,58
1771,data/k400/train/4dUOw1IYAXk_000056_000066.mp4,clay pottery making,58
1772,data/k400/train/DYP4dCCvqzc_000059_000069.mp4,clay pottery making,58
1773,data/k400/train/GR9xo2MY36E_000026_000036.mp4,clay pottery making,58
1774,data/k400/train/MCjVeU8Gp0c_000004_000014.mp4,clay pottery making,58
1775,data/k400/train/OlKnz-u8A0k_000106_000116.mp4,clay pottery making,58
1776,data/k400/train/bJNzYMEKuY4_000029_000039.mp4,clay pottery making,58
1777,data/k400/train/by8mJH4Nung_000541_000551.mp4,clay pottery making,58
1778,data/k400/train/cCI0UlG7gJs_000089_000099.mp4,clay pottery making,58
1779,data/k400/train/cXFGrrK84uA_000019_000029.mp4,clay pottery making,58
1780,data/k400/train/d-YkmVh8AcE_000004_000014.mp4,clay pottery making,58
1781,data/k400/train/d4iJFYu5sdI_000002_000012.mp4,clay pottery making,58
1782,data/k400/train/hZbpTTBOlSA_000049_000059.mp4,clay pottery making,58
1783,data/k400/train/mjkMJy-5vwo_000059_000069.mp4,clay pottery making,58
1784,data/k400/train/oPcM1V7Kj50_000267_000277.mp4,clay pottery making,58
1785,data/k400/train/oT0JNGCadT8_000018_000028.mp4,clay pottery making,58
1786,data/k400/train/t7iAre387WY_000253_000263.mp4,clay pottery making,58
1787,data/k400/train/tO9Et2jvMbU_000123_000133.mp4,clay pottery making,58
1788,data/k400/train/2cpGpddr57A_000000_000010.mp4,clean and jerk,59
1789,data/k400/train/4kdPz7Yc3t0_000015_000025.mp4,clean and jerk,59
1790,data/k400/train/5C9dCsS8f0o_000001_000011.mp4,clean and jerk,59
1791,data/k400/train/5Jbv8o_S5BY_000009_000019.mp4,clean and jerk,59
1792,data/k400/train/5MorKmtNPDQ_000004_000014.mp4,clean and jerk,59
1793,data/k400/train/6PVtUBn-kUU_000006_000016.mp4,clean and jerk,59
1794,data/k400/train/7Lt7nBzqLWc_000016_000026.mp4,clean and jerk,59
1795,data/k400/train/BDcItM8xCmo_000012_000022.mp4,clean and jerk,59
1796,data/k400/train/BRVSAQtyoAA_000383_000393.mp4,clean and jerk,59
1797,data/k400/train/BX_5vGMy5Qs_000002_000012.mp4,clean and jerk,59
1798,data/k400/train/Eltu4y1yhPg_000002_000012.mp4,clean and jerk,59
1799,data/k400/train/EyRdo58PlHA_000004_000014.mp4,clean and jerk,59
1800,data/k400/train/H-Pt21kTnPI_000005_000015.mp4,clean and jerk,59
1801,data/k400/train/I-GG10E4xBw_000000_000010.mp4,clean and jerk,59
1802,data/k400/train/I3gAEslDXPw_000012_000022.mp4,clean and jerk,59
1803,data/k400/train/ML5w5bJR8ds_000033_000043.mp4,clean and jerk,59
1804,data/k400/train/NC_ZJvjk-pk_000004_000014.mp4,clean and jerk,59
1805,data/k400/train/QupYC4kzBOM_000004_000014.mp4,clean and jerk,59
1806,data/k400/train/SNpOwvmoZgM_000000_000010.mp4,clean and jerk,59
1807,data/k400/train/V4t03efr0ks_000001_000011.mp4,clean and jerk,59
1808,data/k400/train/VGeJxPJdt18_000011_000021.mp4,clean and jerk,59
1809,data/k400/train/WGqe4QT_p8g_000000_000010.mp4,clean and jerk,59
1810,data/k400/train/WH-5XRWRPD0_000015_000025.mp4,clean and jerk,59
1811,data/k400/train/X0zYkqOwk4I_000010_000020.mp4,clean and jerk,59
1812,data/k400/train/YJgSXFaBelY_000007_000017.mp4,clean and jerk,59
1813,data/k400/train/Yb6cMGQDH7w_000011_000021.mp4,clean and jerk,59
1814,data/k400/train/bz5wLF4i9HE_000014_000024.mp4,clean and jerk,59
1815,data/k400/train/cETF3BfyIGA_000020_000030.mp4,clean and jerk,59
1816,data/k400/train/dMKK0aGK-fw_000000_000010.mp4,clean and jerk,59
1817,data/k400/train/eVTMUEYhwDE_000003_000013.mp4,clean and jerk,59
1818,data/k400/train/fDIhzdOi8iI_000001_000011.mp4,clean and jerk,59
1819,data/k400/train/fT51maetNDw_000029_000039.mp4,clean and jerk,59
1820,data/k400/train/gLzqbrF5Bbc_000008_000018.mp4,clean and jerk,59
1821,data/k400/train/ixaWYsGgmBE_000011_000021.mp4,clean and jerk,59
1822,data/k400/train/kIXjxmrwdso_000010_000020.mp4,clean and jerk,59
1823,data/k400/train/lQsFhxQqg8M_000002_000012.mp4,clean and jerk,59
1824,data/k400/train/pDPT039wD0U_000074_000084.mp4,clean and jerk,59
1825,data/k400/train/rmhRjPFTxGw_000000_000010.mp4,clean and jerk,59
1826,data/k400/train/tvlvf_83KVQ_000006_000016.mp4,clean and jerk,59
1827,data/k400/train/vd8DyhksWs8_000040_000050.mp4,clean and jerk,59
1828,data/k400/train/wMoqmwFD-xs_000000_000010.mp4,clean and jerk,59
1829,data/k400/train/xTLi7Ae_erE_000001_000011.mp4,clean and jerk,59
1830,data/k400/train/-jOqJwZ2SHI_000082_000092.mp4,cleaning floor,60
1831,data/k400/train/-oR2zuU_2-k_000100_000110.mp4,cleaning floor,60
1832,data/k400/train/2AZKdH7fVuI_000132_000142.mp4,cleaning floor,60
1833,data/k400/train/2Tb4XAM5434_000099_000109.mp4,cleaning floor,60
1834,data/k400/train/A9f6c3a87ks_000075_000085.mp4,cleaning floor,60
1835,data/k400/train/ENahzWnGLYw_000249_000259.mp4,cleaning floor,60
1836,data/k400/train/HSOEKjxVlBw_000000_000010.mp4,cleaning floor,60
1837,data/k400/train/JIQLmX-rOI8_000042_000052.mp4,cleaning floor,60
1838,data/k400/train/JUY9Ewd5R3E_000026_000036.mp4,cleaning floor,60
1839,data/k400/train/KetHtb64oU0_000003_000013.mp4,cleaning floor,60
1840,data/k400/train/L_FqffsxlkU_000032_000042.mp4,cleaning floor,60
1841,data/k400/train/OU1ERspqUIQ_000024_000034.mp4,cleaning floor,60
1842,data/k400/train/PZG62FPiMYw_000019_000029.mp4,cleaning floor,60
1843,data/k400/train/ScRV3hmCdWk_000022_000032.mp4,cleaning floor,60
1844,data/k400/train/TFV-r4acLnQ_000049_000059.mp4,cleaning floor,60
1845,data/k400/train/XWI1Zapl1ac_000053_000063.mp4,cleaning floor,60
1846,data/k400/train/XwRNlQiAAnQ_000024_000034.mp4,cleaning floor,60
1847,data/k400/train/ZZ_V9Pp-nXk_000268_000278.mp4,cleaning floor,60
1848,data/k400/train/ZfWBLciqR_w_000055_000065.mp4,cleaning floor,60
1849,data/k400/train/_SmR0dvMDYk_000029_000039.mp4,cleaning floor,60
1850,data/k400/train/bKGIbOPMSPQ_000002_000012.mp4,cleaning floor,60
1851,data/k400/train/c5IgOXX8YZ0_000020_000030.mp4,cleaning floor,60
1852,data/k400/train/e6a__sSDxmw_000013_000023.mp4,cleaning floor,60
1853,data/k400/train/eKASIhPSVpY_000032_000042.mp4,cleaning floor,60
1854,data/k400/train/gJdB4ZiIap8_000001_000011.mp4,cleaning floor,60
1855,data/k400/train/ggoTXS0Hixc_000009_000019.mp4,cleaning floor,60
1856,data/k400/train/k9EPd-iO9KE_000002_000012.mp4,cleaning floor,60
1857,data/k400/train/litHSvQ8P68_000007_000017.mp4,cleaning floor,60
1858,data/k400/train/mASJE0eaeM8_000008_000018.mp4,cleaning floor,60
1859,data/k400/train/qHOjg0hLPb8_000018_000028.mp4,cleaning floor,60
1860,data/k400/train/qXxce_wnhJU_000005_000015.mp4,cleaning floor,60
1861,data/k400/train/qhzgIscoOrY_000021_000031.mp4,cleaning floor,60
1862,data/k400/train/s2vpWV9mkvc_000003_000013.mp4,cleaning floor,60
1863,data/k400/train/xAhSsMZ3-KU_000073_000083.mp4,cleaning floor,60
1864,data/k400/train/yTfIYcyrrHI_000075_000085.mp4,cleaning floor,60
1865,data/k400/train/z_ogG1y4KQs_000024_000034.mp4,cleaning floor,60
1866,data/k400/train/-MA1Uor1QdY_000069_000079.mp4,cleaning gutters,61
1867,data/k400/train/-OUzP-zGRpQ_000155_000165.mp4,cleaning gutters,61
1868,data/k400/train/06p8cAXkxGs_000010_000020.mp4,cleaning gutters,61
1869,data/k400/train/7IbmGof6akg_000066_000076.mp4,cleaning gutters,61
1870,data/k400/train/CXPqW5yTj0I_000005_000015.mp4,cleaning gutters,61
1871,data/k400/train/HZGYwoPUPxg_000048_000058.mp4,cleaning gutters,61
1872,data/k400/train/RykanTCaCzI_000151_000161.mp4,cleaning gutters,61
1873,data/k400/train/TxVMOyWLkJ8_000020_000030.mp4,cleaning gutters,61
1874,data/k400/train/XBQLPMjV-FQ_000004_000014.mp4,cleaning gutters,61
1875,data/k400/train/_GSOgQbhJ6k_000002_000012.mp4,cleaning gutters,61
1876,data/k400/train/bCJh-tzseaw_000030_000040.mp4,cleaning gutters,61
1877,data/k400/train/gZvDkuuKtmc_000023_000033.mp4,cleaning gutters,61
1878,data/k400/train/hQ5WqfGh6mo_000018_000028.mp4,cleaning gutters,61
1879,data/k400/train/hkq5UXIrW9g_000000_000010.mp4,cleaning gutters,61
1880,data/k400/train/mKlN1agpHjo_000003_000013.mp4,cleaning gutters,61
1881,data/k400/train/n76rg59cAwE_000001_000011.mp4,cleaning gutters,61
1882,data/k400/train/pP7knUuyLMc_000068_000078.mp4,cleaning gutters,61
1883,data/k400/train/t6Aa4u9xTOI_000054_000064.mp4,cleaning gutters,61
1884,data/k400/train/zjRpSSpdzUI_000025_000035.mp4,cleaning gutters,61
1885,data/k400/train/zjg3S-6o0A4_000183_000193.mp4,cleaning gutters,61
1886,data/k400/train/0jyNVFLbpEk_000185_000195.mp4,cleaning pool,62
1887,data/k400/train/6gUzQl1oC24_000046_000056.mp4,cleaning pool,62
1888,data/k400/train/A_n1QcMi7UY_000004_000014.mp4,cleaning pool,62
1889,data/k400/train/BBt4u62-OzA_000236_000246.mp4,cleaning pool,62
1890,data/k400/train/LCmNHAARQf4_000006_000016.mp4,cleaning pool,62
1891,data/k400/train/M5F5B7EF3PA_000002_000012.mp4,cleaning pool,62
1892,data/k400/train/TswvnHEXwtA_000019_000029.mp4,cleaning pool,62
1893,data/k400/train/VoM2Rli7VKo_000003_000013.mp4,cleaning pool,62
1894,data/k400/train/VqeztDNHOVo_000009_000019.mp4,cleaning pool,62
1895,data/k400/train/fsiVWZY2K9o_000096_000106.mp4,cleaning pool,62
1896,data/k400/train/nDb2O74tCMY_000001_000011.mp4,cleaning pool,62
1897,data/k400/train/uHV0b11QEYk_000003_000013.mp4,cleaning pool,62
1898,data/k400/train/wlvsshVOBjs_000060_000070.mp4,cleaning pool,62
1899,data/k400/train/yDfBLhNkmUw_000140_000150.mp4,cleaning pool,62
1900,data/k400/train/zstNHvyhtCA_000000_000010.mp4,cleaning pool,62
1901,data/k400/train/0h7xONFcN_M_000141_000151.mp4,cleaning shoes,63
1902,data/k400/train/4jPGZiBlXY0_000089_000099.mp4,cleaning shoes,63
1903,data/k400/train/8TCMTdv3UmA_000115_000125.mp4,cleaning shoes,63
1904,data/k400/train/DxLO4sdB_JE_000027_000037.mp4,cleaning shoes,63
1905,data/k400/train/Fn8yHBxoA3Q_000169_000179.mp4,cleaning shoes,63
1906,data/k400/train/HwK1-kQerfw_000008_000018.mp4,cleaning shoes,63
1907,data/k400/train/JFhGckCH05U_000037_000047.mp4,cleaning shoes,63
1908,data/k400/train/KPoZShA047c_000139_000149.mp4,cleaning shoes,63
1909,data/k400/train/N3vXO2zo4B0_000009_000019.mp4,cleaning shoes,63
1910,data/k400/train/PmjjNFVTJ8E_000545_000555.mp4,cleaning shoes,63
1911,data/k400/train/TokkJW1mNpc_000082_000092.mp4,cleaning shoes,63
1912,data/k400/train/WDihrjCzYCo_000103_000113.mp4,cleaning shoes,63
1913,data/k400/train/Wx-y7Cym-go_000228_000238.mp4,cleaning shoes,63
1914,data/k400/train/amV95uAcyyM_000082_000092.mp4,cleaning shoes,63
1915,data/k400/train/c5W8DH77Q5I_000025_000035.mp4,cleaning shoes,63
1916,data/k400/train/dAshqLfyMIE_000305_000315.mp4,cleaning shoes,63
1917,data/k400/train/dEWdg-cw6hA_000204_000214.mp4,cleaning shoes,63
1918,data/k400/train/elezamHzclg_000121_000131.mp4,cleaning shoes,63
1919,data/k400/train/gJrZ4NNywxQ_000052_000062.mp4,cleaning shoes,63
1920,data/k400/train/gYAUIHqOl4s_000059_000069.mp4,cleaning shoes,63
1921,data/k400/train/lpFv0nmsjSA_000123_000133.mp4,cleaning shoes,63
1922,data/k400/train/o2hj3kNI85E_000028_000038.mp4,cleaning shoes,63
1923,data/k400/train/qmDOngVhOtc_000030_000040.mp4,cleaning shoes,63
1924,data/k400/train/raJXT_RcFic_000007_000017.mp4,cleaning shoes,63
1925,data/k400/train/rs645zLHi_k_000000_000010.mp4,cleaning shoes,63
1926,data/k400/train/vVklw76ZKtY_000000_000010.mp4,cleaning shoes,63
1927,data/k400/train/yhNC43Jco4M_000118_000128.mp4,cleaning shoes,63
1928,data/k400/train/Aq-7tJK5tm0_000215_000225.mp4,cleaning toilet,64
1929,data/k400/train/IwWvCS_7Iwo_000019_000029.mp4,cleaning toilet,64
1930,data/k400/train/R_2f_fVANc8_000347_000357.mp4,cleaning toilet,64
1931,data/k400/train/VvA_yQJJLvQ_000007_000017.mp4,cleaning toilet,64
1932,data/k400/train/XWb_s-lGZKY_000039_000049.mp4,cleaning toilet,64
1933,data/k400/train/ef2mAsT3NCM_000003_000013.mp4,cleaning toilet,64
1934,data/k400/train/g89KLQB4MMo_000000_000010.mp4,cleaning toilet,64
1935,data/k400/train/i7-KLJPtiDc_000013_000023.mp4,cleaning toilet,64
1936,data/k400/train/j7qqX_8DErA_000000_000010.mp4,cleaning toilet,64
1937,data/k400/train/lo05tq-A74o_000122_000132.mp4,cleaning toilet,64
1938,data/k400/train/sPuWE2Ia1_w_000008_000018.mp4,cleaning toilet,64
1939,data/k400/train/uEx9-fjtGkE_000394_000404.mp4,cleaning toilet,64
1940,data/k400/train/uJ6Z42uaed0_000020_000030.mp4,cleaning toilet,64
1941,data/k400/train/4A26CrkVcrM_000050_000060.mp4,cleaning windows,65
1942,data/k400/train/8D53JaRR2sg_000012_000022.mp4,cleaning windows,65
1943,data/k400/train/9lCaht4Traw_000063_000073.mp4,cleaning windows,65
1944,data/k400/train/B5s4uYNIM24_000024_000034.mp4,cleaning windows,65
1945,data/k400/train/BlH-RYgqfeE_000002_000012.mp4,cleaning windows,65
1946,data/k400/train/ClhBETa85Ws_000227_000237.mp4,cleaning windows,65
1947,data/k400/train/DQe0N2bf1Ls_000002_000012.mp4,cleaning windows,65
1948,data/k400/train/FCFSLuCZKj4_000110_000120.mp4,cleaning windows,65
1949,data/k400/train/IAj0JIDDaOQ_000015_000025.mp4,cleaning windows,65
1950,data/k400/train/IVBJbEbwCC0_000008_000018.mp4,cleaning windows,65
1951,data/k400/train/Kyha8dSg7eU_000000_000010.mp4,cleaning windows,65
1952,data/k400/train/VoVUBgU1reU_000006_000016.mp4,cleaning windows,65
1953,data/k400/train/Wy0sbzeRvYI_000058_000068.mp4,cleaning windows,65
1954,data/k400/train/Zp-hFxdKmdA_000051_000061.mp4,cleaning windows,65
1955,data/k400/train/_D5biNVIvnA_000001_000011.mp4,cleaning windows,65
1956,data/k400/train/eYHUehSiaV4_000002_000012.mp4,cleaning windows,65
1957,data/k400/train/iM8yJfIRc8c_000026_000036.mp4,cleaning windows,65
1958,data/k400/train/jNw0ZBI9DDU_000109_000119.mp4,cleaning windows,65
1959,data/k400/train/kltSPHYVvu8_000016_000026.mp4,cleaning windows,65
1960,data/k400/train/lmZwYEN4mCs_000000_000010.mp4,cleaning windows,65
1961,data/k400/train/ompH_VvZU9c_000205_000215.mp4,cleaning windows,65
1962,data/k400/train/w5YhIFN6ZC4_001212_001222.mp4,cleaning windows,65
1963,data/k400/train/-1Fa5I5O_40_000009_000019.mp4,climbing a rope,66
1964,data/k400/train/AmQf5vYdQKY_000089_000099.mp4,climbing a rope,66
1965,data/k400/train/JEvrMBEkq8I_000004_000014.mp4,climbing a rope,66
1966,data/k400/train/ZXXZDW1Ffvs_000006_000016.mp4,climbing a rope,66
1967,data/k400/train/_JGtkcVP0ho_000007_000017.mp4,climbing a rope,66
1968,data/k400/train/dEh6V_rc6_A_000003_000013.mp4,climbing a rope,66
1969,data/k400/train/kgtSKJMc1ok_000001_000011.mp4,climbing a rope,66
1970,data/k400/train/p2Ez_-u4e3o_000002_000012.mp4,climbing a rope,66
1971,data/k400/train/0d6g4ZlwLEk_000000_000010.mp4,climbing ladder,67
1972,data/k400/train/2yG8--CVzQM_000000_000010.mp4,climbing ladder,67
1973,data/k400/train/3haYwNRQFCc_000023_000033.mp4,climbing ladder,67
1974,data/k400/train/7br0UcfN46I_000064_000074.mp4,climbing ladder,67
1975,data/k400/train/94GBEfYvAO4_000027_000037.mp4,climbing ladder,67
1976,data/k400/train/D7jeS_7oYsg_000003_000013.mp4,climbing ladder,67
1977,data/k400/train/Ji3SzqPSROY_000041_000051.mp4,climbing ladder,67
1978,data/k400/train/KTJOz7Nz8m8_000208_000218.mp4,climbing ladder,67
1979,data/k400/train/K_ro_O0N4ZQ_000002_000012.mp4,climbing ladder,67
1980,data/k400/train/MTUPtxJDhe8_000000_000010.mp4,climbing ladder,67
1981,data/k400/train/UyBQl6gsQHE_000000_000010.mp4,climbing ladder,67
1982,data/k400/train/XIJr-9OxXuY_000004_000014.mp4,climbing ladder,67
1983,data/k400/train/eupw1jVCN_o_000005_000015.mp4,climbing ladder,67
1984,data/k400/train/hGP7LUydpLk_000000_000010.mp4,climbing ladder,67
1985,data/k400/train/mrmRjdstw00_000008_000018.mp4,climbing ladder,67
1986,data/k400/train/p32NqZRJQDY_000004_000014.mp4,climbing ladder,67
1987,data/k400/train/pIgMPh_x-f4_000008_000018.mp4,climbing ladder,67
1988,data/k400/train/pP9h6zZSGCg_000004_000014.mp4,climbing ladder,67
1989,data/k400/train/q4pOOl6Frvc_000053_000063.mp4,climbing ladder,67
1990,data/k400/train/tWHi82K8AHs_000020_000030.mp4,climbing ladder,67
1991,data/k400/train/vI4-9shUfio_000146_000156.mp4,climbing ladder,67
1992,data/k400/train/3BzZk7B548I_000004_000014.mp4,climbing tree,68
1993,data/k400/train/4AdFECxltVM_000020_000030.mp4,climbing tree,68
1994,data/k400/train/4LP0HGX7QRQ_000004_000014.mp4,climbing tree,68
1995,data/k400/train/5-0Js98c-So_000153_000163.mp4,climbing tree,68
1996,data/k400/train/5cMqkLEfhAE_000010_000020.mp4,climbing tree,68
1997,data/k400/train/6MFZA_G-CQg_000001_000011.mp4,climbing tree,68
1998,data/k400/train/6ObuyqNoGBI_000013_000023.mp4,climbing tree,68
1999,data/k400/train/6oTdTh7ZaCc_000044_000054.mp4,climbing tree,68
2000,data/k400/train/8A0CtIeDLzc_000015_000025.mp4,climbing tree,68
2001,data/k400/train/8Sszxu2zRws_000197_000207.mp4,climbing tree,68
2002,data/k400/train/9RBD1_JSqeQ_000000_000010.mp4,climbing tree,68
2003,data/k400/train/ACXXWoUapOk_000059_000069.mp4,climbing tree,68
2004,data/k400/train/ADlVkRrXV9Q_000003_000013.mp4,climbing tree,68
2005,data/k400/train/B8ZmdP6gwhA_000009_000019.mp4,climbing tree,68
2006,data/k400/train/CIBBKBm2-iQ_000006_000016.mp4,climbing tree,68
2007,data/k400/train/CpV8nu734ic_000030_000040.mp4,climbing tree,68
2008,data/k400/train/Fm6rg6Sq_Js_000003_000013.mp4,climbing tree,68
2009,data/k400/train/GFjEiXHAqSE_000012_000022.mp4,climbing tree,68
2010,data/k400/train/GbAXZGB1qvs_000016_000026.mp4,climbing tree,68
2011,data/k400/train/GnkoADsEp4M_000036_000046.mp4,climbing tree,68
2012,data/k400/train/IUvYVp6r_JQ_000004_000014.mp4,climbing tree,68
2013,data/k400/train/JUM_ClUsxII_000025_000035.mp4,climbing tree,68
2014,data/k400/train/Kl8DnEPhSpQ_000003_000013.mp4,climbing tree,68
2015,data/k400/train/Nycex9KeiH4_000019_000029.mp4,climbing tree,68
2016,data/k400/train/OMkLRKDdAfA_000003_000013.mp4,climbing tree,68
2017,data/k400/train/OmAAd-deMeg_000007_000017.mp4,climbing tree,68
2018,data/k400/train/TLS-Y5YYHF8_000004_000014.mp4,climbing tree,68
2019,data/k400/train/UFCnd7YEtZc_000020_000030.mp4,climbing tree,68
2020,data/k400/train/UUhJ5yO_Naw_000007_000017.mp4,climbing tree,68
2021,data/k400/train/Ua4wecyHonA_000070_000080.mp4,climbing tree,68
2022,data/k400/train/V0jLMjggCgk_000006_000016.mp4,climbing tree,68
2023,data/k400/train/YFihTOEmNFk_000180_000190.mp4,climbing tree,68
2024,data/k400/train/bgSUM8wBSi8_000015_000025.mp4,climbing tree,68
2025,data/k400/train/cnTTXNs_jLk_000038_000048.mp4,climbing tree,68
2026,data/k400/train/dOOLsHnmOhc_000001_000011.mp4,climbing tree,68
2027,data/k400/train/dt-6XiQrZ3A_000004_000014.mp4,climbing tree,68
2028,data/k400/train/fkuI21ybN1I_000011_000021.mp4,climbing tree,68
2029,data/k400/train/g7GB8t4ei1U_000000_000010.mp4,climbing tree,68
2030,data/k400/train/gB2OLXZXIJU_000027_000037.mp4,climbing tree,68
2031,data/k400/train/lsKAwhBFGGs_000011_000021.mp4,climbing tree,68
2032,data/k400/train/mudyoTxWQtU_000069_000079.mp4,climbing tree,68
2033,data/k400/train/ndPBHLhYVCw_000010_000020.mp4,climbing tree,68
2034,data/k400/train/plNm0w5DQzk_000045_000055.mp4,climbing tree,68
2035,data/k400/train/qLbOglnULe4_000023_000033.mp4,climbing tree,68
2036,data/k400/train/rsdy8-Q_Lk8_000000_000010.mp4,climbing tree,68
2037,data/k400/train/tLBUh7GRzn0_000006_000016.mp4,climbing tree,68
2038,data/k400/train/thlSIOxzd6A_000044_000054.mp4,climbing tree,68
2039,data/k400/train/ubHgIIWgcAw_000026_000036.mp4,climbing tree,68
2040,data/k400/train/vlnFaBIlJpU_000164_000174.mp4,climbing tree,68
2041,data/k400/train/yQoNDK1SKxg_000001_000011.mp4,climbing tree,68
2042,data/k400/train/ygtL-Ae87gE_000080_000090.mp4,climbing tree,68
2043,data/k400/train/0Z0P5I6q7Rc_000000_000010.mp4,contact juggling,69
2044,data/k400/train/0oECx0G_oFw_000012_000022.mp4,contact juggling,69
2045,data/k400/train/1mhHP25zipI_000022_000032.mp4,contact juggling,69
2046,data/k400/train/23Zm_D5iptg_000114_000124.mp4,contact juggling,69
2047,data/k400/train/2lkb-9kmX8I_000119_000129.mp4,contact juggling,69
2048,data/k400/train/2qytZXP-FpA_000019_000029.mp4,contact juggling,69
2049,data/k400/train/3aTCdXBKljM_000000_000010.mp4,contact juggling,69
2050,data/k400/train/3h_e_rr5oWU_000003_000013.mp4,contact juggling,69
2051,data/k400/train/62LkZX969-Q_000000_000010.mp4,contact juggling,69
2052,data/k400/train/6IFov4uR4KQ_000009_000019.mp4,contact juggling,69
2053,data/k400/train/6sFBYzplL_g_000053_000063.mp4,contact juggling,69
2054,data/k400/train/6w_fyh7tTCk_000130_000140.mp4,contact juggling,69
2055,data/k400/train/7iveAllwgOM_000003_000013.mp4,contact juggling,69
2056,data/k400/train/87oi8DzjvGM_000001_000011.mp4,contact juggling,69
2057,data/k400/train/9VycHe7u04c_000166_000176.mp4,contact juggling,69
2058,data/k400/train/9fg7PtJwvwY_000116_000126.mp4,contact juggling,69
2059,data/k400/train/BHPQ9msoGFI_000000_000010.mp4,contact juggling,69
2060,data/k400/train/BLldZun9bX8_000696_000706.mp4,contact juggling,69
2061,data/k400/train/Cys2cbJb3Qg_000399_000409.mp4,contact juggling,69
2062,data/k400/train/DVBO0Ky9ssg_000015_000025.mp4,contact juggling,69
2063,data/k400/train/FaonMS4U-qg_000002_000012.mp4,contact juggling,69
2064,data/k400/train/GDZQDZwHGYM_000023_000033.mp4,contact juggling,69
2065,data/k400/train/GlNdrtg-kxg_000167_000177.mp4,contact juggling,69
2066,data/k400/train/GnOAdNSfQQA_000004_000014.mp4,contact juggling,69
2067,data/k400/train/HNTcxraaczU_000031_000041.mp4,contact juggling,69
2068,data/k400/train/HNqgkMqmBQg_000000_000010.mp4,contact juggling,69
2069,data/k400/train/HmMPuqkI9vI_000007_000017.mp4,contact juggling,69
2070,data/k400/train/HxwM5noBFBo_000072_000082.mp4,contact juggling,69
2071,data/k400/train/L1Xh5rWl_2Q_000158_000168.mp4,contact juggling,69
2072,data/k400/train/LEUF_UKA9HY_000025_000035.mp4,contact juggling,69
2073,data/k400/train/MGm2cQd7ihI_000004_000014.mp4,contact juggling,69
2074,data/k400/train/Mfw4gdB3lps_000308_000318.mp4,contact juggling,69
2075,data/k400/train/RLz-p5Jfhpk_000103_000113.mp4,contact juggling,69
2076,data/k400/train/Ry1VemolbTU_000021_000031.mp4,contact juggling,69
2077,data/k400/train/T6JYwGHh8Gg_000044_000054.mp4,contact juggling,69
2078,data/k400/train/TWxHWWwVlj8_000096_000106.mp4,contact juggling,69
2079,data/k400/train/UBUFDDMYzAY_000022_000032.mp4,contact juggling,69
2080,data/k400/train/WEQLRIRwG40_000089_000099.mp4,contact juggling,69
2081,data/k400/train/Wgj_OFtJurc_000198_000208.mp4,contact juggling,69
2082,data/k400/train/XNGO5diJbNI_000055_000065.mp4,contact juggling,69
2083,data/k400/train/XkQYWXkZ7sk_000246_000256.mp4,contact juggling,69
2084,data/k400/train/YseFFxmtQic_000269_000279.mp4,contact juggling,69
2085,data/k400/train/_MM73zcrYi4_000002_000012.mp4,contact juggling,69
2086,data/k400/train/aTTowVf1ZK8_000244_000254.mp4,contact juggling,69
2087,data/k400/train/er2UOj11zWc_000000_000010.mp4,contact juggling,69
2088,data/k400/train/f8CTntKNMZg_000126_000136.mp4,contact juggling,69
2089,data/k400/train/fPx2ZOzSmZo_000054_000064.mp4,contact juggling,69
2090,data/k400/train/g8av89NcXso_000017_000027.mp4,contact juggling,69
2091,data/k400/train/gLxIc8Cd5mg_000026_000036.mp4,contact juggling,69
2092,data/k400/train/j92NjLIeVHE_000197_000207.mp4,contact juggling,69
2093,data/k400/train/kWnyRdaP9t8_000052_000062.mp4,contact juggling,69
2094,data/k400/train/oCMcX4zpNBo_000023_000033.mp4,contact juggling,69
2095,data/k400/train/pVaFcg8Rl0I_000106_000116.mp4,contact juggling,69
2096,data/k400/train/ulrPvB0sbGU_000002_000012.mp4,contact juggling,69
2097,data/k400/train/wC3BYMTr1bQ_000066_000076.mp4,contact juggling,69
2098,data/k400/train/wJsMelJ9bms_000088_000098.mp4,contact juggling,69
2099,data/k400/train/xlbTeoG5Nj8_000080_000090.mp4,contact juggling,69
2100,data/k400/train/yfsWUeS6u9o_000001_000011.mp4,contact juggling,69
2101,data/k400/train/zTTFWvld84c_000043_000053.mp4,contact juggling,69
2102,data/k400/train/-dykWXNvAPw_000012_000022.mp4,cooking chicken,70
2103,data/k400/train/0Hz2h1CLfj4_000430_000440.mp4,cooking chicken,70
2104,data/k400/train/0YZnqJIOCE0_000055_000065.mp4,cooking chicken,70
2105,data/k400/train/3fqeRc5WmlI_000135_000145.mp4,cooking chicken,70
2106,data/k400/train/7cid62rXzkQ_000045_000055.mp4,cooking chicken,70
2107,data/k400/train/BpX6Hst5iv4_000244_000254.mp4,cooking chicken,70
2108,data/k400/train/EW4r-JkF4wE_000074_000084.mp4,cooking chicken,70
2109,data/k400/train/Fa0jBfRwGEc_000099_000109.mp4,cooking chicken,70
2110,data/k400/train/Fm4HKuU4ox4_000016_000026.mp4,cooking chicken,70
2111,data/k400/train/GSh-HTz3lA4_000346_000356.mp4,cooking chicken,70
2112,data/k400/train/IFsYSZhf7xY_000234_000244.mp4,cooking chicken,70
2113,data/k400/train/K6o0lXS6s0o_000242_000252.mp4,cooking chicken,70
2114,data/k400/train/KzF46HXHCOg_000140_000150.mp4,cooking chicken,70
2115,data/k400/train/MGpIlEFl96Q_000176_000186.mp4,cooking chicken,70
2116,data/k400/train/NldTkurtca8_001542_001552.mp4,cooking chicken,70
2117,data/k400/train/OEnCOejZKvo_000141_000151.mp4,cooking chicken,70
2118,data/k400/train/RbV6nKWTDEc_000147_000157.mp4,cooking chicken,70
2119,data/k400/train/SX7xEsx7KPA_000298_000308.mp4,cooking chicken,70
2120,data/k400/train/UHi6sbO1BaM_000022_000032.mp4,cooking chicken,70
2121,data/k400/train/UQ89aC1WanI_000096_000106.mp4,cooking chicken,70
2122,data/k400/train/UhklPkQjSXo_000018_000028.mp4,cooking chicken,70
2123,data/k400/train/VtXMe8V_ysQ_000339_000349.mp4,cooking chicken,70
2124,data/k400/train/VvC4jKzTwWk_000175_000185.mp4,cooking chicken,70
2125,data/k400/train/W7c3rsIZ5UE_000753_000763.mp4,cooking chicken,70
2126,data/k400/train/XHpUtssUl_A_000189_000199.mp4,cooking chicken,70
2127,data/k400/train/XZyg_7Qlwo0_000091_000101.mp4,cooking chicken,70
2128,data/k400/train/Yb3e2LuYngc_000410_000420.mp4,cooking chicken,70
2129,data/k400/train/ZkMAroKowwM_000097_000107.mp4,cooking chicken,70
2130,data/k400/train/eNjUk4djhuc_000276_000286.mp4,cooking chicken,70
2131,data/k400/train/fZ3VFKHgznM_000122_000132.mp4,cooking chicken,70
2132,data/k400/train/fmhXAb12mqc_000479_000489.mp4,cooking chicken,70
2133,data/k400/train/gm1q93CScrI_000018_000028.mp4,cooking chicken,70
2134,data/k400/train/k3Hor9zwyG4_000201_000211.mp4,cooking chicken,70
2135,data/k400/train/mIx4mZuv7hw_000185_000195.mp4,cooking chicken,70
2136,data/k400/train/mX85ej_zcQc_000083_000093.mp4,cooking chicken,70
2137,data/k400/train/onXWwmUiec8_000051_000061.mp4,cooking chicken,70
2138,data/k400/train/qYXljToHAnQ_000280_000290.mp4,cooking chicken,70
2139,data/k400/train/qgnNBfR7LhM_000208_000218.mp4,cooking chicken,70
2140,data/k400/train/s4fd0KIJZZE_000246_000256.mp4,cooking chicken,70
2141,data/k400/train/0_WZHFQOD64_000144_000154.mp4,cooking egg,71
2142,data/k400/train/0jDhXM7j9F8_000229_000239.mp4,cooking egg,71
2143,data/k400/train/51sP0r4xwiM_000013_000023.mp4,cooking egg,71
2144,data/k400/train/6awDtwRpr6Y_000025_000035.mp4,cooking egg,71
2145,data/k400/train/98S_e01BbuE_000011_000021.mp4,cooking egg,71
2146,data/k400/train/AEmmD1tgdWs_000204_000214.mp4,cooking egg,71
2147,data/k400/train/DC_9Dk5Jfts_000061_000071.mp4,cooking egg,71
2148,data/k400/train/EWzITDtgy0o_000216_000226.mp4,cooking egg,71
2149,data/k400/train/O4-DhBWibL4_000036_000046.mp4,cooking egg,71
2150,data/k400/train/O7G3K3WD568_000254_000264.mp4,cooking egg,71
2151,data/k400/train/R1xXGSlenLY_000058_000068.mp4,cooking egg,71
2152,data/k400/train/SLo93NDeF-Q_000106_000116.mp4,cooking egg,71
2153,data/k400/train/TIDA4fzwaqA_000005_000015.mp4,cooking egg,71
2154,data/k400/train/URvQeiNX4rA_000126_000136.mp4,cooking egg,71
2155,data/k400/train/X27UADWty9o_000063_000073.mp4,cooking egg,71
2156,data/k400/train/XqbuP60yuPo_000075_000085.mp4,cooking egg,71
2157,data/k400/train/bnWUFH7L0Mo_000166_000176.mp4,cooking egg,71
2158,data/k400/train/bzkz4mDp-NU_000103_000113.mp4,cooking egg,71
2159,data/k400/train/cMXJho9kB5s_000604_000614.mp4,cooking egg,71
2160,data/k400/train/csQSjmHhsXA_000018_000028.mp4,cooking egg,71
2161,data/k400/train/d3E1mPOLxn8_000063_000073.mp4,cooking egg,71
2162,data/k400/train/e_H9rNFLlm8_000175_000185.mp4,cooking egg,71
2163,data/k400/train/g1qK78kdWgA_000033_000043.mp4,cooking egg,71
2164,data/k400/train/gBqh4Rtp_FA_000058_000068.mp4,cooking egg,71
2165,data/k400/train/gtEWfT3tVeY_000120_000130.mp4,cooking egg,71
2166,data/k400/train/jRdA68GbUMg_000104_000114.mp4,cooking egg,71
2167,data/k400/train/kjUe2gV15vg_000180_000190.mp4,cooking egg,71
2168,data/k400/train/lVfYNqAmji0_000033_000043.mp4,cooking egg,71
2169,data/k400/train/r09Hgeb9-6s_000694_000704.mp4,cooking egg,71
2170,data/k400/train/vdi-JPAjNm0_000018_000028.mp4,cooking egg,71
2171,data/k400/train/viLPn6bcxD4_000001_000011.mp4,cooking egg,71
2172,data/k400/train/xmL8b5bu_yQ_000149_000159.mp4,cooking egg,71
2173,data/k400/train/1u_0SfvUUpE_000122_000132.mp4,cooking on campfire,72
2174,data/k400/train/295yJgCrLTA_000177_000187.mp4,cooking on campfire,72
2175,data/k400/train/5cQJJfPnMPo_000058_000068.mp4,cooking on campfire,72
2176,data/k400/train/6fFkd4c0R8k_000032_000042.mp4,cooking on campfire,72
2177,data/k400/train/O4zpiYJNVYA_000047_000057.mp4,cooking on campfire,72
2178,data/k400/train/R6uNrtA8bU4_000017_000027.mp4,cooking on campfire,72
2179,data/k400/train/RNqkRKhUw-Q_000023_000033.mp4,cooking on campfire,72
2180,data/k400/train/RgOh1pxQc9g_000239_000249.mp4,cooking on campfire,72
2181,data/k400/train/ZXUhOR8veuc_000448_000458.mp4,cooking on campfire,72
2182,data/k400/train/_iZ9AUvi_6c_000280_000290.mp4,cooking on campfire,72
2183,data/k400/train/aHui5-uM00I_000031_000041.mp4,cooking on campfire,72
2184,data/k400/train/gPMIw-m1ufA_000000_000010.mp4,cooking on campfire,72
2185,data/k400/train/hxjytPu00y4_000001_000011.mp4,cooking on campfire,72
2186,data/k400/train/iFv8wECrbbI_000224_000234.mp4,cooking on campfire,72
2187,data/k400/train/jvB09O5-8c8_000126_000136.mp4,cooking on campfire,72
2188,data/k400/train/lT_Y4MC9f5I_000460_000470.mp4,cooking on campfire,72
2189,data/k400/train/mB7dRoW2YZY_000092_000102.mp4,cooking on campfire,72
2190,data/k400/train/-p46GSgNajs_000328_000338.mp4,cooking sausages,73
2191,data/k400/train/3yO4vPaddgo_000315_000325.mp4,cooking sausages,73
2192,data/k400/train/7USPuSkJLB8_000049_000059.mp4,cooking sausages,73
2193,data/k400/train/9vkf2smoCGg_000039_000049.mp4,cooking sausages,73
2194,data/k400/train/CTcOrNWfbyw_000075_000085.mp4,cooking sausages,73
2195,data/k400/train/CmsdWxvEPPo_000141_000151.mp4,cooking sausages,73
2196,data/k400/train/DqLvJ8hnWtA_000281_000291.mp4,cooking sausages,73
2197,data/k400/train/EAT949I7Ffo_000001_000011.mp4,cooking sausages,73
2198,data/k400/train/Jtwht821HKA_000133_000143.mp4,cooking sausages,73
2199,data/k400/train/LsA0RO5H00I_000039_000049.mp4,cooking sausages,73
2200,data/k400/train/Q1HsLKHiY9o_000272_000282.mp4,cooking sausages,73
2201,data/k400/train/QjAiQ93KY1c_000004_000014.mp4,cooking sausages,73
2202,data/k400/train/Zsnkc868DC4_000039_000049.mp4,cooking sausages,73
2203,data/k400/train/c7jP6AzUkBo_000048_000058.mp4,cooking sausages,73
2204,data/k400/train/eYeU-vU7yaA_000140_000150.mp4,cooking sausages,73
2205,data/k400/train/oIbbvOE3Wy8_000001_000011.mp4,cooking sausages,73
2206,data/k400/train/rc38f-eHfrc_000552_000562.mp4,cooking sausages,73
2207,data/k400/train/roQFWYJGfKM_000178_000188.mp4,cooking sausages,73
2208,data/k400/train/06FObXSod4E_000000_000010.mp4,counting money,74
2209,data/k400/train/0jhDVW0pmvk_000003_000013.mp4,counting money,74
2210,data/k400/train/9E7wsUqKPIE_000120_000130.mp4,counting money,74
2211,data/k400/train/L13x73Ic0zc_000221_000231.mp4,counting money,74
2212,data/k400/train/LO5Xlxo7dmU_000171_000181.mp4,counting money,74
2213,data/k400/train/Lncp5ZY1RXw_000007_000017.mp4,counting money,74
2214,data/k400/train/QJlVUkxfSvQ_000006_000016.mp4,counting money,74
2215,data/k400/train/ajUxg3G9p3k_000008_000018.mp4,counting money,74
2216,data/k400/train/b7jRHMktdy0_000108_000118.mp4,counting money,74
2217,data/k400/train/cbJUEQShkZI_000107_000117.mp4,counting money,74
2218,data/k400/train/f9mFN3qH9Rw_000041_000051.mp4,counting money,74
2219,data/k400/train/fjoxlVHVEyI_000037_000047.mp4,counting money,74
2220,data/k400/train/jtNk7xwuxiA_000035_000045.mp4,counting money,74
2221,data/k400/train/lNBRaUMRNIc_000025_000035.mp4,counting money,74
2222,data/k400/train/prb9CsurHfs_000003_000013.mp4,counting money,74
2223,data/k400/train/rmAer7OMeZA_000017_000027.mp4,counting money,74
2224,data/k400/train/rtqKhA0S_pc_000013_000023.mp4,counting money,74
2225,data/k400/train/vPMBIobxn3g_000004_000014.mp4,counting money,74
2226,data/k400/train/w4Gtd1N5B9w_000004_000014.mp4,counting money,74
2227,data/k400/train/x4jMJzoN-mo_000032_000042.mp4,counting money,74
2228,data/k400/train/yE1ESanjFBM_000033_000043.mp4,counting money,74
2229,data/k400/train/10oKh9lCEIQ_000122_000132.mp4,country line dancing,75
2230,data/k400/train/1iKNzAgwoSc_000050_000060.mp4,country line dancing,75
2231,data/k400/train/3-CpHwQdV0k_000076_000086.mp4,country line dancing,75
2232,data/k400/train/49vOAipr954_000248_000258.mp4,country line dancing,75
2233,data/k400/train/4HLUe5HL764_000048_000058.mp4,country line dancing,75
2234,data/k400/train/7HgiySscd-Y_000085_000095.mp4,country line dancing,75
2235,data/k400/train/8-78h8r5yHM_000066_000076.mp4,country line dancing,75
2236,data/k400/train/ATV1CK0othg_000342_000352.mp4,country line dancing,75
2237,data/k400/train/Aq7IVzsKXjQ_000013_000023.mp4,country line dancing,75
2238,data/k400/train/AtIOXqILARc_000093_000103.mp4,country line dancing,75
2239,data/k400/train/B86uWj5voyw_000035_000045.mp4,country line dancing,75
2240,data/k400/train/B8pYWNqH3GE_000470_000480.mp4,country line dancing,75
2241,data/k400/train/Fj1krrxFTeY_000233_000243.mp4,country line dancing,75
2242,data/k400/train/FzQmm8O5sO0_000124_000134.mp4,country line dancing,75
2243,data/k400/train/G1OyZeDNJd4_000136_000146.mp4,country line dancing,75
2244,data/k400/train/LGijnlkVYQE_000173_000183.mp4,country line dancing,75
2245,data/k400/train/LYqpQUAv6EY_000134_000144.mp4,country line dancing,75
2246,data/k400/train/Q_FPjxiQC0s_000018_000028.mp4,country line dancing,75
2247,data/k400/train/QdscqkeBcGs_000194_000204.mp4,country line dancing,75
2248,data/k400/train/RuQcT8FZLD8_000179_000189.mp4,country line dancing,75
2249,data/k400/train/S04ntr6JDIE_000061_000071.mp4,country line dancing,75
2250,data/k400/train/SVCkmvZJky4_000105_000115.mp4,country line dancing,75
2251,data/k400/train/THISbsheeY0_000000_000010.mp4,country line dancing,75
2252,data/k400/train/Tm15UEHILzo_000091_000101.mp4,country line dancing,75
2253,data/k400/train/UaRX0BzybxA_000103_000113.mp4,country line dancing,75
2254,data/k400/train/YFVTLr2z7F0_001029_001039.mp4,country line dancing,75
2255,data/k400/train/ZKBXV1vXw_k_000004_000014.mp4,country line dancing,75
2256,data/k400/train/_Mde50evmoA_000155_000165.mp4,country line dancing,75
2257,data/k400/train/d9NcG_eYa_8_000052_000062.mp4,country line dancing,75
2258,data/k400/train/dG3Bd94_3xs_000131_000141.mp4,country line dancing,75
2259,data/k400/train/fdrD-LB5pvY_000186_000196.mp4,country line dancing,75
2260,data/k400/train/lViakJhtu5A_000152_000162.mp4,country line dancing,75
2261,data/k400/train/mFOqtmrCQuM_000002_000012.mp4,country line dancing,75
2262,data/k400/train/mxGmSQQBRUc_000003_000013.mp4,country line dancing,75
2263,data/k400/train/nJ66NJ7ltIo_000012_000022.mp4,country line dancing,75
2264,data/k400/train/ndptMg_cr20_000130_000140.mp4,country line dancing,75
2265,data/k400/train/rCKEtrSqo0s_000078_000088.mp4,country line dancing,75
2266,data/k400/train/rzdXwgIaxBk_000077_000087.mp4,country line dancing,75
2267,data/k400/train/sKequhun-a4_000113_000123.mp4,country line dancing,75
2268,data/k400/train/u4ELYn4ERcY_000141_000151.mp4,country line dancing,75
2269,data/k400/train/zIPFYD1iPfw_000007_000017.mp4,country line dancing,75
2270,data/k400/train/0TdE3JXEhzI_000003_000013.mp4,cracking neck,76
2271,data/k400/train/4PHSzg5l3hk_000003_000013.mp4,cracking neck,76
2272,data/k400/train/A1CyEtThLzM_000001_000011.mp4,cracking neck,76
2273,data/k400/train/AXEIBzf677E_000001_000011.mp4,cracking neck,76
2274,data/k400/train/E4lw_zlF03s_000092_000102.mp4,cracking neck,76
2275,data/k400/train/KkmPQbPI_gs_000004_000014.mp4,cracking neck,76
2276,data/k400/train/O-h9X6CIzAM_000001_000011.mp4,cracking neck,76
2277,data/k400/train/UNoWCtQumLs_000002_000012.mp4,cracking neck,76
2278,data/k400/train/YQ8Reeu96Ag_000003_000013.mp4,cracking neck,76
2279,data/k400/train/YsRlKiIuj0c_000001_000011.mp4,cracking neck,76
2280,data/k400/train/aIvJv_e34dg_000005_000015.mp4,cracking neck,76
2281,data/k400/train/3HZZrFsICIs_000159_000169.mp4,crawling baby,77
2282,data/k400/train/77XiRj95yqM_000162_000172.mp4,crawling baby,77
2283,data/k400/train/7Uo8k1gL8e4_000011_000021.mp4,crawling baby,77
2284,data/k400/train/8gPOjKnQYgg_000027_000037.mp4,crawling baby,77
2285,data/k400/train/9USR2h_zMjg_000048_000058.mp4,crawling baby,77
2286,data/k400/train/Fh1zPyeknt4_000014_000024.mp4,crawling baby,77
2287,data/k400/train/G0oLOMvhp8I_000050_000060.mp4,crawling baby,77
2288,data/k400/train/GlEoqlUoPGU_000083_000093.mp4,crawling baby,77
2289,data/k400/train/HRs5toKJYQw_000012_000022.mp4,crawling baby,77
2290,data/k400/train/IF7U-Y6vAwU_000000_000010.mp4,crawling baby,77
2291,data/k400/train/IOb652mw6-8_000084_000094.mp4,crawling baby,77
2292,data/k400/train/JDxmcAFoyQU_000015_000025.mp4,crawling baby,77
2293,data/k400/train/K-4M8O3HZNg_000072_000082.mp4,crawling baby,77
2294,data/k400/train/K6yeQFDypqM_000021_000031.mp4,crawling baby,77
2295,data/k400/train/K7LAkgIXgdI_000004_000014.mp4,crawling baby,77
2296,data/k400/train/KUHomxo1UzM_000000_000010.mp4,crawling baby,77
2297,data/k400/train/L4YbkSQr83s_000001_000011.mp4,crawling baby,77
2298,data/k400/train/LcincHBqRtM_000051_000061.mp4,crawling baby,77
2299,data/k400/train/MLqBT3HPctw_000068_000078.mp4,crawling baby,77
2300,data/k400/train/MmeHAos76lo_000035_000045.mp4,crawling baby,77
2301,data/k400/train/Nc1YHwotwWs_000000_000010.mp4,crawling baby,77
2302,data/k400/train/PDm3zgRxQrs_000046_000056.mp4,crawling baby,77
2303,data/k400/train/QH-VUWbRTFk_000031_000041.mp4,crawling baby,77
2304,data/k400/train/Qr1n0Th7cvk_000003_000013.mp4,crawling baby,77
2305,data/k400/train/R4wErgqCXkQ_000210_000220.mp4,crawling baby,77
2306,data/k400/train/RPpxOgMG8YE_000051_000061.mp4,crawling baby,77
2307,data/k400/train/RvBKuQeVtLs_000043_000053.mp4,crawling baby,77
2308,data/k400/train/T-_zCZ4Lws0_000000_000010.mp4,crawling baby,77
2309,data/k400/train/Vw3UZ1mKf9c_000219_000229.mp4,crawling baby,77
2310,data/k400/train/Y0MCOrXYap0_000038_000048.mp4,crawling baby,77
2311,data/k400/train/YejF5wkccaI_000002_000012.mp4,crawling baby,77
2312,data/k400/train/_X9VBMFRdkU_000019_000029.mp4,crawling baby,77
2313,data/k400/train/evRMguKRzVI_000000_000010.mp4,crawling baby,77
2314,data/k400/train/gsxP785r_A4_000004_000014.mp4,crawling baby,77
2315,data/k400/train/hTn1ztWGTRI_000050_000060.mp4,crawling baby,77
2316,data/k400/train/jZNa_K9NFR8_000007_000017.mp4,crawling baby,77
2317,data/k400/train/lL7VDXk04-o_000023_000033.mp4,crawling baby,77
2318,data/k400/train/lkBqrvM_5lo_000008_000018.mp4,crawling baby,77
2319,data/k400/train/nUScAxsvyF0_000033_000043.mp4,crawling baby,77
2320,data/k400/train/rdLy1CUnA7c_000177_000187.mp4,crawling baby,77
2321,data/k400/train/snNcsSmI2cE_000051_000061.mp4,crawling baby,77
2322,data/k400/train/u1z06k8bQ_s_000041_000051.mp4,crawling baby,77
2323,data/k400/train/u77RevgYE0E_000035_000045.mp4,crawling baby,77
2324,data/k400/train/vG9A2UFgazY_000027_000037.mp4,crawling baby,77
2325,data/k400/train/vUhAtKjgpBw_000095_000105.mp4,crawling baby,77
2326,data/k400/train/w-FYuQXUyEg_000002_000012.mp4,crawling baby,77
2327,data/k400/train/zyY9ok_uo-4_000042_000052.mp4,crawling baby,77
2328,data/k400/train/-YOkgQisj2g_000104_000114.mp4,crossing river,78
2329,data/k400/train/-nIR1ssTnaE_000004_000014.mp4,crossing river,78
2330,data/k400/train/1HyfE5t-h5o_000061_000071.mp4,crossing river,78
2331,data/k400/train/3p_e7nLSe44_000017_000027.mp4,crossing river,78
2332,data/k400/train/5CuZZ_s78UE_000030_000040.mp4,crossing river,78
2333,data/k400/train/5OtUI4SG1J4_000053_000063.mp4,crossing river,78
2334,data/k400/train/5ebZ6g08el4_000117_000127.mp4,crossing river,78
2335,data/k400/train/5mA5TXNRs1c_000082_000092.mp4,crossing river,78
2336,data/k400/train/A7v-H0kTILA_000002_000012.mp4,crossing river,78
2337,data/k400/train/BgG--Ct89rA_000018_000028.mp4,crossing river,78
2338,data/k400/train/C8zqnDeXNXo_000009_000019.mp4,crossing river,78
2339,data/k400/train/Clge3_Vgu-4_000014_000024.mp4,crossing river,78
2340,data/k400/train/DBbnOAMqtMs_000127_000137.mp4,crossing river,78
2341,data/k400/train/E5n5uCQ2Qf0_000042_000052.mp4,crossing river,78
2342,data/k400/train/FZFcUjNghg4_000018_000028.mp4,crossing river,78
2343,data/k400/train/FzZWSs1URT4_000000_000010.mp4,crossing river,78
2344,data/k400/train/HaUp2Oa9Lg0_000000_000010.mp4,crossing river,78
2345,data/k400/train/JZoFZvEjcTo_000057_000067.mp4,crossing river,78
2346,data/k400/train/J_26kGkb9NM_000042_000052.mp4,crossing river,78
2347,data/k400/train/Kjk8DAKHjj8_000017_000027.mp4,crossing river,78
2348,data/k400/train/LSRil2XG1UU_000191_000201.mp4,crossing river,78
2349,data/k400/train/LylRxQV5ZZ4_000006_000016.mp4,crossing river,78
2350,data/k400/train/ND-XgG9BL3Q_000004_000014.mp4,crossing river,78
2351,data/k400/train/NqrVWenM-r4_000005_000015.mp4,crossing river,78
2352,data/k400/train/OltIskfHNUo_000000_000010.mp4,crossing river,78
2353,data/k400/train/QjPKiZtyZvc_000003_000013.mp4,crossing river,78
2354,data/k400/train/SKc_JrHW4JI_000000_000010.mp4,crossing river,78
2355,data/k400/train/U6PyeDEWNes_000006_000016.mp4,crossing river,78
2356,data/k400/train/W3yiyrRQS9I_000014_000024.mp4,crossing river,78
2357,data/k400/train/ZB3IF61GD3I_000002_000012.mp4,crossing river,78
2358,data/k400/train/ZhdKtLWaQqs_000032_000042.mp4,crossing river,78
2359,data/k400/train/_Kl5SYJgFTI_000073_000083.mp4,crossing river,78
2360,data/k400/train/cyBGNraUHeE_000007_000017.mp4,crossing river,78
2361,data/k400/train/e80_jPDf7oc_000005_000015.mp4,crossing river,78
2362,data/k400/train/eDRwSq5RYSo_000032_000042.mp4,crossing river,78
2363,data/k400/train/g6MnTItm3lI_000048_000058.mp4,crossing river,78
2364,data/k400/train/gHbudPjDMrw_000003_000013.mp4,crossing river,78
2365,data/k400/train/j8-04fuQ1A8_000034_000044.mp4,crossing river,78
2366,data/k400/train/jQP-oqpmrj0_000007_000017.mp4,crossing river,78
2367,data/k400/train/m1a60urMQ0Q_000048_000058.mp4,crossing river,78
2368,data/k400/train/nldlwIhzJ1k_000011_000021.mp4,crossing river,78
2369,data/k400/train/qIbGs2Jrmjw_000034_000044.mp4,crossing river,78
2370,data/k400/train/r7ARwbsyW7M_000033_000043.mp4,crossing river,78
2371,data/k400/train/rLAX-1Te1bE_000012_000022.mp4,crossing river,78
2372,data/k400/train/seQsRdIO5k0_000006_000016.mp4,crossing river,78
2373,data/k400/train/wHU4rbOF13c_000011_000021.mp4,crossing river,78
2374,data/k400/train/ytXg33i7A_I_000058_000068.mp4,crossing river,78
2375,data/k400/train/z-xmn63nmB8_000005_000015.mp4,crossing river,78
2376,data/k400/train/0GMwoizbG58_000024_000034.mp4,crying,79
2377,data/k400/train/0piS75q1Uzk_000013_000023.mp4,crying,79
2378,data/k400/train/0t7w8in5oeA_000065_000075.mp4,crying,79
2379,data/k400/train/1nfUsuIhRXU_000165_000175.mp4,crying,79
2380,data/k400/train/2UxQbSVHeyk_000004_000014.mp4,crying,79
2381,data/k400/train/4ka9ZmJra78_000002_000012.mp4,crying,79
2382,data/k400/train/5YvlJXqX8p4_000177_000187.mp4,crying,79
2383,data/k400/train/6d2jyEd5Vzc_000043_000053.mp4,crying,79
2384,data/k400/train/9PPv2R1laCo_000009_000019.mp4,crying,79
2385,data/k400/train/9xmNZ4yW22c_000009_000019.mp4,crying,79
2386,data/k400/train/ASd3yePZ0BI_000017_000027.mp4,crying,79
2387,data/k400/train/CG7Z7ZBMk6I_000044_000054.mp4,crying,79
2388,data/k400/train/DT1WrAVRtX8_000000_000010.mp4,crying,79
2389,data/k400/train/DkLDRZ3z2ko_000153_000163.mp4,crying,79
2390,data/k400/train/H5svj-qKAyY_000035_000045.mp4,crying,79
2391,data/k400/train/IfxTZPqa0vE_000018_000028.mp4,crying,79
2392,data/k400/train/K3rHixJb-3k_000042_000052.mp4,crying,79
2393,data/k400/train/MQ19bc6zR4I_000021_000031.mp4,crying,79
2394,data/k400/train/MnjBeC1w-rM_000053_000063.mp4,crying,79
2395,data/k400/train/MqBcwVAnRkM_000000_000010.mp4,crying,79
2396,data/k400/train/ODiho1PUskY_000000_000010.mp4,crying,79
2397,data/k400/train/Ooktk8IRObc_000013_000023.mp4,crying,79
2398,data/k400/train/PIxO-FrWB8o_000252_000262.mp4,crying,79
2399,data/k400/train/QjkQCJ8VoBo_000031_000041.mp4,crying,79
2400,data/k400/train/Tmc0Mea9yIY_000036_000046.mp4,crying,79
2401,data/k400/train/TnlB2zbl4w0_000009_000019.mp4,crying,79
2402,data/k400/train/U7M8qrtEdws_000015_000025.mp4,crying,79
2403,data/k400/train/UfwxS7PqVfE_000427_000437.mp4,crying,79
2404,data/k400/train/UjsK1L3RdWo_000040_000050.mp4,crying,79
2405,data/k400/train/UskiO3VUD9c_000004_000014.mp4,crying,79
2406,data/k400/train/X-Gdv9PWllQ_000013_000023.mp4,crying,79
2407,data/k400/train/YMNICacJjtA_000000_000010.mp4,crying,79
2408,data/k400/train/YXX-nCTB-Es_000188_000198.mp4,crying,79
2409,data/k400/train/Zlcb_9exM1I_000020_000030.mp4,crying,79
2410,data/k400/train/_fVz9qyplBc_000078_000088.mp4,crying,79
2411,data/k400/train/av_1_kBSC10_000054_000064.mp4,crying,79
2412,data/k400/train/bsmbY0zC0ro_000091_000101.mp4,crying,79
2413,data/k400/train/d-qNxYxbyAQ_000070_000080.mp4,crying,79
2414,data/k400/train/eZFcidp0uPo_000030_000040.mp4,crying,79
2415,data/k400/train/ef8wrRf9ASM_000059_000069.mp4,crying,79
2416,data/k400/train/ezg0V3ce0HQ_000008_000018.mp4,crying,79
2417,data/k400/train/f6pCqiv-XjU_000004_000014.mp4,crying,79
2418,data/k400/train/gXtIT1G6HRc_000014_000024.mp4,crying,79
2419,data/k400/train/hrS7WKr7GMY_000179_000189.mp4,crying,79
2420,data/k400/train/jHhLRnLJWQ0_000006_000016.mp4,crying,79
2421,data/k400/train/kbwWEDBkkt8_000007_000017.mp4,crying,79
2422,data/k400/train/lPWnXCvsG7U_000244_000254.mp4,crying,79
2423,data/k400/train/lTTnrH5-wss_000018_000028.mp4,crying,79
2424,data/k400/train/m2huMMiAOSk_000044_000054.mp4,crying,79
2425,data/k400/train/mfCMOxnFhLU_000039_000049.mp4,crying,79
2426,data/k400/train/pKUjxoQTfm8_000017_000027.mp4,crying,79
2427,data/k400/train/qFOg87dNSh4_000001_000011.mp4,crying,79
2428,data/k400/train/qcSK7N9QI5I_000002_000012.mp4,crying,79
2429,data/k400/train/rg7xd31aSu0_000037_000047.mp4,crying,79
2430,data/k400/train/svMSD181yFw_000001_000011.mp4,crying,79
2431,data/k400/train/u-oc-Eln_yc_000003_000013.mp4,crying,79
2432,data/k400/train/vUUH1OTxwfY_000090_000100.mp4,crying,79
2433,data/k400/train/vhrNdguLkTE_000002_000012.mp4,crying,79
2434,data/k400/train/yAgm_XnqBec_000010_000020.mp4,crying,79
2435,data/k400/train/yDD0alN95O8_000015_000025.mp4,crying,79
2436,data/k400/train/-KzuR868p6E_000112_000122.mp4,curling hair,80
2437,data/k400/train/4UbXhCVpnMA_000139_000149.mp4,curling hair,80
2438,data/k400/train/5_EjTYCt1n8_000222_000232.mp4,curling hair,80
2439,data/k400/train/9w1teHirLMU_000184_000194.mp4,curling hair,80
2440,data/k400/train/BA5WFf3PQrU_000226_000236.mp4,curling hair,80
2441,data/k400/train/DBujSKojYmU_000024_000034.mp4,curling hair,80
2442,data/k400/train/Ff60pCU3mHA_000105_000115.mp4,curling hair,80
2443,data/k400/train/GXyBluWXOKI_000582_000592.mp4,curling hair,80
2444,data/k400/train/HWF_cGJ4EzM_000348_000358.mp4,curling hair,80
2445,data/k400/train/J1OY6-23bSk_000339_000349.mp4,curling hair,80
2446,data/k400/train/KAzeiHMKxsM_000006_000016.mp4,curling hair,80
2447,data/k400/train/MMroCTe-ysc_000016_000026.mp4,curling hair,80
2448,data/k400/train/OTXmfxPLVVc_000202_000212.mp4,curling hair,80
2449,data/k400/train/PSqwdduJi8c_000243_000253.mp4,curling hair,80
2450,data/k400/train/QqT-qqx6Fzw_000248_000258.mp4,curling hair,80
2451,data/k400/train/_Ip0Kp8owvk_000697_000707.mp4,curling hair,80
2452,data/k400/train/cS6AuXD9JiY_000303_000313.mp4,curling hair,80
2453,data/k400/train/dCBP0KtN0UQ_000117_000127.mp4,curling hair,80
2454,data/k400/train/dyGKFjF_PMI_000452_000462.mp4,curling hair,80
2455,data/k400/train/hH1y1ApZZt0_000532_000542.mp4,curling hair,80
2456,data/k400/train/ikfnnWJnEL8_000281_000291.mp4,curling hair,80
2457,data/k400/train/ivnDwfZAgrE_000050_000060.mp4,curling hair,80
2458,data/k400/train/kk9MiKy9PO0_000251_000261.mp4,curling hair,80
2459,data/k400/train/n-VStoPlCvQ_000106_000116.mp4,curling hair,80
2460,data/k400/train/oEhhVxyrDN4_000034_000044.mp4,curling hair,80
2461,data/k400/train/rD0GGsAPxdA_000303_000313.mp4,curling hair,80
2462,data/k400/train/tCwxV0wCdTg_000117_000127.mp4,curling hair,80
2463,data/k400/train/tWchyyg3X5s_000102_000112.mp4,curling hair,80
2464,data/k400/train/uznhV3NlDxo_000080_000090.mp4,curling hair,80
2465,data/k400/train/wG0d5M6ATI4_000667_000677.mp4,curling hair,80
2466,data/k400/train/wYMJVo-FfhY_000226_000236.mp4,curling hair,80
2467,data/k400/train/ws2epToS2Ks_000053_000063.mp4,curling hair,80
2468,data/k400/train/y7S0701UM5U_000291_000301.mp4,curling hair,80
2469,data/k400/train/8tzcBp3naVg_000153_000163.mp4,cutting nails,81
2470,data/k400/train/COaCPVh-46Y_000011_000021.mp4,cutting nails,81
2471,data/k400/train/CSnc-WE7Wak_000000_000010.mp4,cutting nails,81
2472,data/k400/train/FbP7S64nsFk_000035_000045.mp4,cutting nails,81
2473,data/k400/train/GbOygCqfRP4_000002_000012.mp4,cutting nails,81
2474,data/k400/train/MeCEqzhM1I4_000014_000024.mp4,cutting nails,81
2475,data/k400/train/OFWvCY1mi3s_000201_000211.mp4,cutting nails,81
2476,data/k400/train/VwoyL8nWb_4_000049_000059.mp4,cutting nails,81
2477,data/k400/train/Z1tnxOcTDWs_000237_000247.mp4,cutting nails,81
2478,data/k400/train/c4xguhzNZAk_000021_000031.mp4,cutting nails,81
2479,data/k400/train/e76igewQxvA_000017_000027.mp4,cutting nails,81
2480,data/k400/train/gLBHan_f5io_000002_000012.mp4,cutting nails,81
2481,data/k400/train/ghz3LFaveuc_000046_000056.mp4,cutting nails,81
2482,data/k400/train/hVQBhTQuOsA_000121_000131.mp4,cutting nails,81
2483,data/k400/train/ipT8hzaT6OI_000001_000011.mp4,cutting nails,81
2484,data/k400/train/j9abyaTHz-M_000001_000011.mp4,cutting nails,81
2485,data/k400/train/jvOOoLO_rLQ_000012_000022.mp4,cutting nails,81
2486,data/k400/train/n2mYn4xJjMs_000037_000047.mp4,cutting nails,81
2487,data/k400/train/paqF-WC-20Q_000043_000053.mp4,cutting nails,81
2488,data/k400/train/vh1x3-RBY-M_000044_000054.mp4,cutting nails,81
2489,data/k400/train/xnp736cLesA_000031_000041.mp4,cutting nails,81
2490,data/k400/train/3o5TKzk-rcE_000148_000158.mp4,cutting pineapple,82
2491,data/k400/train/4XNMerl23m8_000058_000068.mp4,cutting pineapple,82
2492,data/k400/train/H4D-KIlfbEc_000002_000012.mp4,cutting pineapple,82
2493,data/k400/train/HhpasGk9DXM_000014_000024.mp4,cutting pineapple,82
2494,data/k400/train/MiVockWR_sg_000000_000010.mp4,cutting pineapple,82
2495,data/k400/train/NwVMhx1nq0I_000000_000010.mp4,cutting pineapple,82
2496,data/k400/train/PSRupbQ3FAA_000008_000018.mp4,cutting pineapple,82
2497,data/k400/train/Tw8QjkPgXyo_000167_000177.mp4,cutting pineapple,82
2498,data/k400/train/UBxd6z-YkzE_000065_000075.mp4,cutting pineapple,82
2499,data/k400/train/UTATeXIBtbM_000053_000063.mp4,cutting pineapple,82
2500,data/k400/train/VU_PZqOxmJ0_000097_000107.mp4,cutting pineapple,82
2501,data/k400/train/XWlgbsmW0Jw_000022_000032.mp4,cutting pineapple,82
2502,data/k400/train/Xd-oCZKmKtM_000022_000032.mp4,cutting pineapple,82
2503,data/k400/train/bH_sHR2zD8A_000003_000013.mp4,cutting pineapple,82
2504,data/k400/train/bOZ5qUvhjmc_000041_000051.mp4,cutting pineapple,82
2505,data/k400/train/bwXDi7Y7ZmQ_000006_000016.mp4,cutting pineapple,82
2506,data/k400/train/coMyeYWRubQ_000080_000090.mp4,cutting pineapple,82
2507,data/k400/train/f3NgUOUDjYE_000001_000011.mp4,cutting pineapple,82
2508,data/k400/train/gpqoUo5MYrc_000090_000100.mp4,cutting pineapple,82
2509,data/k400/train/jLGmV64D-FE_000000_000010.mp4,cutting pineapple,82
2510,data/k400/train/o2etvQjD7_s_000035_000045.mp4,cutting pineapple,82
2511,data/k400/train/uNK3mVa6lYs_000051_000061.mp4,cutting pineapple,82
2512,data/k400/train/wX5vyQ8DedE_000064_000074.mp4,cutting pineapple,82
2513,data/k400/train/0yK1Hcrkcms_000012_000022.mp4,cutting watermelon,83
2514,data/k400/train/1J8gJLQZBjs_000251_000261.mp4,cutting watermelon,83
2515,data/k400/train/2_srjIqHNy4_000032_000042.mp4,cutting watermelon,83
2516,data/k400/train/9mZ51AXsz4M_000002_000012.mp4,cutting watermelon,83
2517,data/k400/train/AWFtzqstxdo_000023_000033.mp4,cutting watermelon,83
2518,data/k400/train/BOajEKFrFXk_000028_000038.mp4,cutting watermelon,83
2519,data/k400/train/EEulx3E2Nz4_000042_000052.mp4,cutting watermelon,83
2520,data/k400/train/EOwbtBdx9nc_000078_000088.mp4,cutting watermelon,83
2521,data/k400/train/G6rBsFz04Ok_000015_000025.mp4,cutting watermelon,83
2522,data/k400/train/GlQ3wTzdSOI_000010_000020.mp4,cutting watermelon,83
2523,data/k400/train/GzkYoRJi1Bg_000210_000220.mp4,cutting watermelon,83
2524,data/k400/train/JatBYCTrHKU_000007_000017.mp4,cutting watermelon,83
2525,data/k400/train/LOc5KaaLZP4_000001_000011.mp4,cutting watermelon,83
2526,data/k400/train/LVU9LajBL1Y_000025_000035.mp4,cutting watermelon,83
2527,data/k400/train/Mbo6dt0hePs_000029_000039.mp4,cutting watermelon,83
2528,data/k400/train/P08JPoh21Y0_000000_000010.mp4,cutting watermelon,83
2529,data/k400/train/SEliW94so7s_000034_000044.mp4,cutting watermelon,83
2530,data/k400/train/UuJoKILsAJQ_000232_000242.mp4,cutting watermelon,83
2531,data/k400/train/VWTYINwIFY4_000000_000010.mp4,cutting watermelon,83
2532,data/k400/train/WhpN07-vRec_000016_000026.mp4,cutting watermelon,83
2533,data/k400/train/dosK7ipxj_c_000000_000010.mp4,cutting watermelon,83
2534,data/k400/train/fPugEY-8Ss8_000008_000018.mp4,cutting watermelon,83
2535,data/k400/train/hJ5GxLzWGlc_000004_000014.mp4,cutting watermelon,83
2536,data/k400/train/l70a04fFcP4_000077_000087.mp4,cutting watermelon,83
2537,data/k400/train/nXBbIUW09Fc_000015_000025.mp4,cutting watermelon,83
2538,data/k400/train/neRjbMOrOb8_000001_000011.mp4,cutting watermelon,83
2539,data/k400/train/oI_Oua7fKag_000086_000096.mp4,cutting watermelon,83
2540,data/k400/train/q_PiSj7znbw_000019_000029.mp4,cutting watermelon,83
2541,data/k400/train/s11om_n3poo_000018_000028.mp4,cutting watermelon,83
2542,data/k400/train/sAbTc7EYwrY_000020_000030.mp4,cutting watermelon,83
2543,data/k400/train/t6nMnHwSsLk_000047_000057.mp4,cutting watermelon,83
2544,data/k400/train/tG-IryuAEJI_000065_000075.mp4,cutting watermelon,83
2545,data/k400/train/u5sXPpzsiRA_000033_000043.mp4,cutting watermelon,83
2546,data/k400/train/x0_E1F6PdqQ_000132_000142.mp4,cutting watermelon,83
2547,data/k400/train/z6QH97NTuHo_000001_000011.mp4,cutting watermelon,83
2548,data/k400/train/0GITpJjX4qs_000545_000555.mp4,dancing ballet,84
2549,data/k400/train/1Cg4StZK_IA_000109_000119.mp4,dancing ballet,84
2550,data/k400/train/3GewP3XbJHE_000050_000060.mp4,dancing ballet,84
2551,data/k400/train/4w9Z_IRg538_000002_000012.mp4,dancing ballet,84
2552,data/k400/train/51CrVpu3XcQ_000031_000041.mp4,dancing ballet,84
2553,data/k400/train/6KMkfUMV-AQ_000043_000053.mp4,dancing ballet,84
2554,data/k400/train/6bRPlUZNG9U_000003_000013.mp4,dancing ballet,84
2555,data/k400/train/9qso6eFavO0_000024_000034.mp4,dancing ballet,84
2556,data/k400/train/AChldN5F28g_000069_000079.mp4,dancing ballet,84
2557,data/k400/train/AV9U4hOr22E_000065_000075.mp4,dancing ballet,84
2558,data/k400/train/CIRj3W0XGZg_000275_000285.mp4,dancing ballet,84
2559,data/k400/train/CxO57kYqK3Y_000022_000032.mp4,dancing ballet,84
2560,data/k400/train/ECaAxDhJguU_000019_000029.mp4,dancing ballet,84
2561,data/k400/train/EMp1V1Bmf7w_000113_000123.mp4,dancing ballet,84
2562,data/k400/train/GpQOmdbrWr4_000159_000169.mp4,dancing ballet,84
2563,data/k400/train/ICsdspbp0kM_000099_000109.mp4,dancing ballet,84
2564,data/k400/train/KZgOyc1WyNc_000055_000065.mp4,dancing ballet,84
2565,data/k400/train/Kurj-VW1prI_000394_000404.mp4,dancing ballet,84
2566,data/k400/train/LJfImC4TkGo_000000_000010.mp4,dancing ballet,84
2567,data/k400/train/Mz1K7r4GrRc_000034_000044.mp4,dancing ballet,84
2568,data/k400/train/N9nKG77lF-E_000004_000014.mp4,dancing ballet,84
2569,data/k400/train/O2aimC15eos_000036_000046.mp4,dancing ballet,84
2570,data/k400/train/QcXemrUkV1M_000023_000033.mp4,dancing ballet,84
2571,data/k400/train/Qho8YFNeyd8_000249_000259.mp4,dancing ballet,84
2572,data/k400/train/RdYdw7Lng6Q_000018_000028.mp4,dancing ballet,84
2573,data/k400/train/RzlIdDhXxmo_000187_000197.mp4,dancing ballet,84
2574,data/k400/train/SPNSbGv8OFY_000073_000083.mp4,dancing ballet,84
2575,data/k400/train/TzYE1Ye8PI8_000000_000010.mp4,dancing ballet,84
2576,data/k400/train/VJpkXWzk924_000130_000140.mp4,dancing ballet,84
2577,data/k400/train/WvSaKksHzYI_000086_000096.mp4,dancing ballet,84
2578,data/k400/train/XkMdzjt_OGw_000063_000073.mp4,dancing ballet,84
2579,data/k400/train/Z0xjoPIZem0_000004_000014.mp4,dancing ballet,84
2580,data/k400/train/Z1JiXEfJOOs_000007_000017.mp4,dancing ballet,84
2581,data/k400/train/_2gDwnq9OqA_000079_000089.mp4,dancing ballet,84
2582,data/k400/train/_vpHlyAMN8k_000102_000112.mp4,dancing ballet,84
2583,data/k400/train/bhRE-x2xU6o_000002_000012.mp4,dancing ballet,84
2584,data/k400/train/cCLC2nPfRMY_000099_000109.mp4,dancing ballet,84
2585,data/k400/train/cJD9syJQWAk_000038_000048.mp4,dancing ballet,84
2586,data/k400/train/fc8M89EC8gQ_000055_000065.mp4,dancing ballet,84
2587,data/k400/train/gFrUYla2DYw_000160_000170.mp4,dancing ballet,84
2588,data/k400/train/gsq74tLvsOo_000118_000128.mp4,dancing ballet,84
2589,data/k400/train/h7-g3CqaGtE_000054_000064.mp4,dancing ballet,84
2590,data/k400/train/h_tNkvyGjiA_000007_000017.mp4,dancing ballet,84
2591,data/k400/train/klz5Ky3ClUk_000011_000021.mp4,dancing ballet,84
2592,data/k400/train/lFBPQ3z9y1o_000040_000050.mp4,dancing ballet,84
2593,data/k400/train/pCUgaQb326w_000020_000030.mp4,dancing ballet,84
2594,data/k400/train/pR1jxLvjcgU_000155_000165.mp4,dancing ballet,84
2595,data/k400/train/pUQXlqVvcmI_000004_000014.mp4,dancing ballet,84
2596,data/k400/train/t-vLqAg6Y-g_000171_000181.mp4,dancing ballet,84
2597,data/k400/train/tbzrcupNcZc_000141_000151.mp4,dancing ballet,84
2598,data/k400/train/uNM-NYB2bS0_000706_000716.mp4,dancing ballet,84
2599,data/k400/train/vU7nssnIna4_000232_000242.mp4,dancing ballet,84
2600,data/k400/train/vY-Za2aSFLQ_000074_000084.mp4,dancing ballet,84
2601,data/k400/train/wX9Q9QoiYgk_000005_000015.mp4,dancing ballet,84
2602,data/k400/train/zEGZKNsyNac_000375_000385.mp4,dancing ballet,84
2603,data/k400/train/zH3Zyw7Ewzg_000079_000089.mp4,dancing ballet,84
2604,data/k400/train/zHF0x2rr20s_000153_000163.mp4,dancing ballet,84
2605,data/k400/train/-1_m2Igd2Yc_000209_000219.mp4,dancing charleston,85
2606,data/k400/train/-OoGOfXlexk_000019_000029.mp4,dancing charleston,85
2607,data/k400/train/1dhbh3JUe_o_000007_000017.mp4,dancing charleston,85
2608,data/k400/train/5dkzhmbsKrg_000099_000109.mp4,dancing charleston,85
2609,data/k400/train/8-sK37lQ6ec_000006_000016.mp4,dancing charleston,85
2610,data/k400/train/9L2AddQZQ6s_000003_000013.mp4,dancing charleston,85
2611,data/k400/train/AgvT7Hq_tfU_000028_000038.mp4,dancing charleston,85
2612,data/k400/train/BmhdjV398X4_000184_000194.mp4,dancing charleston,85
2613,data/k400/train/E1rGktnQ2UM_000018_000028.mp4,dancing charleston,85
2614,data/k400/train/H5_omsu2VSk_000000_000010.mp4,dancing charleston,85
2615,data/k400/train/IG3T__mTJlo_000004_000014.mp4,dancing charleston,85
2616,data/k400/train/IIWp4SadCMc_000095_000105.mp4,dancing charleston,85
2617,data/k400/train/Ktf8MExLh8A_000076_000086.mp4,dancing charleston,85
2618,data/k400/train/Ldmbu3OVl_Y_000009_000019.mp4,dancing charleston,85
2619,data/k400/train/MOj_P0flREw_000000_000010.mp4,dancing charleston,85
2620,data/k400/train/MsZWI36ukts_000046_000056.mp4,dancing charleston,85
2621,data/k400/train/MvcrbUzdnL8_000111_000121.mp4,dancing charleston,85
2622,data/k400/train/NB8Q-9tmy-0_000013_000023.mp4,dancing charleston,85
2623,data/k400/train/OligiWG1CLo_000071_000081.mp4,dancing charleston,85
2624,data/k400/train/S6I2wS10FXc_000084_000094.mp4,dancing charleston,85
2625,data/k400/train/SLFxzYOM0B4_000076_000086.mp4,dancing charleston,85
2626,data/k400/train/SnjxtSHqeRg_000000_000010.mp4,dancing charleston,85
2627,data/k400/train/USjbgEp6jlA_000027_000037.mp4,dancing charleston,85
2628,data/k400/train/UimYwbbhdtY_000008_000018.mp4,dancing charleston,85
2629,data/k400/train/W8ZKsOhzufQ_000049_000059.mp4,dancing charleston,85
2630,data/k400/train/b39Go3tdw2E_000077_000087.mp4,dancing charleston,85
2631,data/k400/train/bEiZdgrlEtA_000010_000020.mp4,dancing charleston,85
2632,data/k400/train/c1EXWQiYPVA_000009_000019.mp4,dancing charleston,85
2633,data/k400/train/dnwa6uU1aow_000006_000016.mp4,dancing charleston,85
2634,data/k400/train/lPRBXaqX4oE_000097_000107.mp4,dancing charleston,85
2635,data/k400/train/m4vW0QQyeuA_000001_000011.mp4,dancing charleston,85
2636,data/k400/train/qhmDtDeCwKw_000060_000070.mp4,dancing charleston,85
2637,data/k400/train/sIW0Pxo62dI_000094_000104.mp4,dancing charleston,85
2638,data/k400/train/sNlIuLcs8Bc_000001_000011.mp4,dancing charleston,85
2639,data/k400/train/uInezlSbv18_000052_000062.mp4,dancing charleston,85
2640,data/k400/train/uNw_1-k4m0c_000000_000010.mp4,dancing charleston,85
2641,data/k400/train/wgQvvMTu6T8_000021_000031.mp4,dancing charleston,85
2642,data/k400/train/wvZ5t72bXCw_000040_000050.mp4,dancing charleston,85
2643,data/k400/train/xfHquzcWcTw_000062_000072.mp4,dancing charleston,85
2644,data/k400/train/zIec9gTf6cE_000010_000020.mp4,dancing charleston,85
2645,data/k400/train/zO_XRch2fbQ_000105_000115.mp4,dancing charleston,85
2646,data/k400/train/226PNWYIkTM_000050_000060.mp4,dancing gangnam style,86
2647,data/k400/train/2ZFA76SobOE_000137_000147.mp4,dancing gangnam style,86
2648,data/k400/train/7ZQpVeTUJt4_000003_000013.mp4,dancing gangnam style,86
2649,data/k400/train/AMVYzMB2AUY_000014_000024.mp4,dancing gangnam style,86
2650,data/k400/train/EW3Ivz3E8E4_000009_000019.mp4,dancing gangnam style,86
2651,data/k400/train/EldFlQROPW4_000011_000021.mp4,dancing gangnam style,86
2652,data/k400/train/GfG_M0Zo9RY_000004_000014.mp4,dancing gangnam style,86
2653,data/k400/train/HRvwvrzGBJo_000068_000078.mp4,dancing gangnam style,86
2654,data/k400/train/Hej7V0c7u-I_000002_000012.mp4,dancing gangnam style,86
2655,data/k400/train/KBLcfVuiGK4_000177_000187.mp4,dancing gangnam style,86
2656,data/k400/train/KLcdnl_i2Nk_000031_000041.mp4,dancing gangnam style,86
2657,data/k400/train/KV4jIAq3WJo_000155_000165.mp4,dancing gangnam style,86
2658,data/k400/train/Mb_axiQ3Mto_000024_000034.mp4,dancing gangnam style,86
2659,data/k400/train/NhKaSlqBxu8_000053_000063.mp4,dancing gangnam style,86
2660,data/k400/train/O0YRMqJ_Sx8_000077_000087.mp4,dancing gangnam style,86
2661,data/k400/train/V6Yo-zi56rs_000041_000051.mp4,dancing gangnam style,86
2662,data/k400/train/VY4-MMNwsi0_000001_000011.mp4,dancing gangnam style,86
2663,data/k400/train/YknoHe9-gY4_000033_000043.mp4,dancing gangnam style,86
2664,data/k400/train/ei-l-8uH0Yg_000036_000046.mp4,dancing gangnam style,86
2665,data/k400/train/ekrftI8bkH8_000025_000035.mp4,dancing gangnam style,86
2666,data/k400/train/haYLgqGyR8M_000107_000117.mp4,dancing gangnam style,86
2667,data/k400/train/nSplr_TTsjQ_000003_000013.mp4,dancing gangnam style,86
2668,data/k400/train/nbQI3RETfQE_000079_000089.mp4,dancing gangnam style,86
2669,data/k400/train/qo3VKMRsqVA_000007_000017.mp4,dancing gangnam style,86
2670,data/k400/train/s_LkDJykVu0_000000_000010.mp4,dancing gangnam style,86
2671,data/k400/train/ukNZGwQ2To8_000019_000029.mp4,dancing gangnam style,86
2672,data/k400/train/vX8yz3TICR4_000127_000137.mp4,dancing gangnam style,86
2673,data/k400/train/wX6bc4lklJI_000065_000075.mp4,dancing gangnam style,86
2674,data/k400/train/y0kVnHRLZUs_000099_000109.mp4,dancing gangnam style,86
2675,data/k400/train/yb41StiIsWI_000138_000148.mp4,dancing gangnam style,86
2676,data/k400/train/26ombvbnKCE_000083_000093.mp4,dancing macarena,87
2677,data/k400/train/50v7028jybE_000001_000011.mp4,dancing macarena,87
2678,data/k400/train/5tnuYKPatLM_000045_000055.mp4,dancing macarena,87
2679,data/k400/train/8oN0lwWRzQI_000000_000010.mp4,dancing macarena,87
2680,data/k400/train/Aa7npPfJkjQ_000038_000048.mp4,dancing macarena,87
2681,data/k400/train/AeIORQ7NjSU_000003_000013.mp4,dancing macarena,87
2682,data/k400/train/BA33H9NJaHc_000110_000120.mp4,dancing macarena,87
2683,data/k400/train/FRwntCY7B_A_000016_000026.mp4,dancing macarena,87
2684,data/k400/train/LaFPQosvBsM_000009_000019.mp4,dancing macarena,87
2685,data/k400/train/MeQjtiW7EZg_000062_000072.mp4,dancing macarena,87
2686,data/k400/train/Qxl4hZsbSpk_000012_000022.mp4,dancing macarena,87
2687,data/k400/train/RIFDzbgqYLY_000150_000160.mp4,dancing macarena,87
2688,data/k400/train/TW3mGwKu1S4_000003_000013.mp4,dancing macarena,87
2689,data/k400/train/U3vUR_sa1GM_000005_000015.mp4,dancing macarena,87
2690,data/k400/train/VxKibVsXZ5s_000001_000011.mp4,dancing macarena,87
2691,data/k400/train/W8bJpOAA0Vw_000156_000166.mp4,dancing macarena,87
2692,data/k400/train/WdXO8yPgrS0_000035_000045.mp4,dancing macarena,87
2693,data/k400/train/_gkEShe1w5Y_000037_000047.mp4,dancing macarena,87
2694,data/k400/train/_hNYMQCG45A_000189_000199.mp4,dancing macarena,87
2695,data/k400/train/aYQRG0apoQc_000002_000012.mp4,dancing macarena,87
2696,data/k400/train/bKXbFOWTASU_000016_000026.mp4,dancing macarena,87
2697,data/k400/train/biJhW295it0_000000_000010.mp4,dancing macarena,87
2698,data/k400/train/eQ62IvUJ_0w_000070_000080.mp4,dancing macarena,87
2699,data/k400/train/g29Beno9P0Y_000160_000170.mp4,dancing macarena,87
2700,data/k400/train/gGYnHDwh9ic_000007_000017.mp4,dancing macarena,87
2701,data/k400/train/lEP-KXJdJVM_000001_000011.mp4,dancing macarena,87
2702,data/k400/train/nVy6qRdt88c_000075_000085.mp4,dancing macarena,87
2703,data/k400/train/q3VdYO8taEk_000014_000024.mp4,dancing macarena,87
2704,data/k400/train/rTPTA_sPM8g_000070_000080.mp4,dancing macarena,87
2705,data/k400/train/rq95WjdwiX4_000065_000075.mp4,dancing macarena,87
2706,data/k400/train/tAQh-q84Vo0_000006_000016.mp4,dancing macarena,87
2707,data/k400/train/v3r1u8DF8h8_000003_000013.mp4,dancing macarena,87
2708,data/k400/train/x1n9xuqftdE_000007_000017.mp4,dancing macarena,87
2709,data/k400/train/zfyIJ7G8DGo_000019_000029.mp4,dancing macarena,87
2710,data/k400/train/6A7bQCdMbxg_000001_000011.mp4,deadlifting,88
2711,data/k400/train/6AkUakVhpbg_000004_000014.mp4,deadlifting,88
2712,data/k400/train/6eTi2gI1tyU_000046_000056.mp4,deadlifting,88
2713,data/k400/train/79PlgWth32E_000003_000013.mp4,deadlifting,88
2714,data/k400/train/8LGhxo7bDOs_000000_000010.mp4,deadlifting,88
2715,data/k400/train/8LOUYBWPpEs_000074_000084.mp4,deadlifting,88
2716,data/k400/train/AqLNgstDFAA_000121_000131.mp4,deadlifting,88
2717,data/k400/train/CqbcVwhyads_000030_000040.mp4,deadlifting,88
2718,data/k400/train/DVx6Ml5V65c_000010_000020.mp4,deadlifting,88
2719,data/k400/train/DW4vMgjhFdU_000004_000014.mp4,deadlifting,88
2720,data/k400/train/DWPYKzW0eWc_000030_000040.mp4,deadlifting,88
2721,data/k400/train/DXuWKZWShVU_000002_000012.mp4,deadlifting,88
2722,data/k400/train/DXvJV6XNkrA_000004_000014.mp4,deadlifting,88
2723,data/k400/train/F8BjnCjKl5I_000017_000027.mp4,deadlifting,88
2724,data/k400/train/HnBoPrxTX2M_000003_000013.mp4,deadlifting,88
2725,data/k400/train/Hvfs-5IoOVM_000022_000032.mp4,deadlifting,88
2726,data/k400/train/IR_YFc17dec_000143_000153.mp4,deadlifting,88
2727,data/k400/train/Kg-T1HV0Mw4_000018_000028.mp4,deadlifting,88
2728,data/k400/train/Rs88GbEgjP4_000028_000038.mp4,deadlifting,88
2729,data/k400/train/SLEABiUpj4E_000019_000029.mp4,deadlifting,88
2730,data/k400/train/SRQXIdaoUn8_000024_000034.mp4,deadlifting,88
2731,data/k400/train/SZhsWfodkjo_000000_000010.mp4,deadlifting,88
2732,data/k400/train/UPOFvI_toTA_000045_000055.mp4,deadlifting,88
2733,data/k400/train/XxDao6Gh1D4_000003_000013.mp4,deadlifting,88
2734,data/k400/train/XxhGW4IqFTI_000025_000035.mp4,deadlifting,88
2735,data/k400/train/bOTEvGTVvXQ_000000_000010.mp4,deadlifting,88
2736,data/k400/train/bTTyfbDTllE_000160_000170.mp4,deadlifting,88
2737,data/k400/train/c0j92fqJjj8_000008_000018.mp4,deadlifting,88
2738,data/k400/train/c51QGkX6Asg_000002_000012.mp4,deadlifting,88
2739,data/k400/train/c6japVNpnh8_000004_000014.mp4,deadlifting,88
2740,data/k400/train/f8JqKBDg6tM_000025_000035.mp4,deadlifting,88
2741,data/k400/train/hfu_liMQZ2Y_000003_000013.mp4,deadlifting,88
2742,data/k400/train/m9Pc95ggZWE_000029_000039.mp4,deadlifting,88
2743,data/k400/train/rF_pmsUmvdE_000004_000014.mp4,deadlifting,88
2744,data/k400/train/x5WSqEQ1EFc_000004_000014.mp4,deadlifting,88
2745,data/k400/train/yzS7QTqdVYk_000021_000031.mp4,deadlifting,88
2746,data/k400/train/zpzefvZiT1g_000000_000010.mp4,deadlifting,88
2747,data/k400/train/0eqjfo5G8B4_000121_000131.mp4,decorating the christmas tree,89
2748,data/k400/train/0pbMyICJUPw_000113_000123.mp4,decorating the christmas tree,89
2749,data/k400/train/309aK3SJvuc_000053_000063.mp4,decorating the christmas tree,89
2750,data/k400/train/3Quzc-OkhgY_000158_000168.mp4,decorating the christmas tree,89
2751,data/k400/train/63W9nVU49Xg_000148_000158.mp4,decorating the christmas tree,89
2752,data/k400/train/6aa2z1AHi4M_000187_000197.mp4,decorating the christmas tree,89
2753,data/k400/train/9Qeh0ONdUQk_000000_000010.mp4,decorating the christmas tree,89
2754,data/k400/train/9u26ljluLNA_000003_000013.mp4,decorating the christmas tree,89
2755,data/k400/train/Az24psiRVEw_000046_000056.mp4,decorating the christmas tree,89
2756,data/k400/train/BwqFSkoeyNc_000082_000092.mp4,decorating the christmas tree,89
2757,data/k400/train/FASkAWnrjY4_000172_000182.mp4,decorating the christmas tree,89
2758,data/k400/train/HJRgMCR_I1w_000165_000175.mp4,decorating the christmas tree,89
2759,data/k400/train/L5JA32KpA78_000000_000010.mp4,decorating the christmas tree,89
2760,data/k400/train/XfHmckD-7vQ_000054_000064.mp4,decorating the christmas tree,89
2761,data/k400/train/aSgefPWoD_o_000131_000141.mp4,decorating the christmas tree,89
2762,data/k400/train/bXIqDKIIOaI_000090_000100.mp4,decorating the christmas tree,89
2763,data/k400/train/uLeiGi8md0g_000026_000036.mp4,decorating the christmas tree,89
2764,data/k400/train/v7C5zLDN4FU_000072_000082.mp4,decorating the christmas tree,89
2765,data/k400/train/2rQKGDecwxM_000040_000050.mp4,digging,90
2766,data/k400/train/2uYG51S03kI_000003_000013.mp4,digging,90
2767,data/k400/train/KtkagvqtwAY_000003_000013.mp4,digging,90
2768,data/k400/train/RMANtpPzbas_000107_000117.mp4,digging,90
2769,data/k400/train/UNTResGSslQ_000001_000011.mp4,digging,90
2770,data/k400/train/ZVCNlgTAIZc_000047_000057.mp4,digging,90
2771,data/k400/train/ia4dUlAUT3w_000038_000048.mp4,digging,90
2772,data/k400/train/o_5Yzs92HKs_000022_000032.mp4,digging,90
2773,data/k400/train/oyNnHZpVuVQ_000037_000047.mp4,digging,90
2774,data/k400/train/BU-XHNRzwW8_000100_000110.mp4,dining,91
2775,data/k400/train/E60UgUkiXXA_000588_000598.mp4,dining,91
2776,data/k400/train/I1Bt7NE2DGw_000057_000067.mp4,dining,91
2777,data/k400/train/KVr-5Ks8teQ_000000_000010.mp4,dining,91
2778,data/k400/train/N_ypttJlbk0_003111_003121.mp4,dining,91
2779,data/k400/train/OEqF80lwp2A_000090_000100.mp4,dining,91
2780,data/k400/train/QT9KZaNyGUQ_000131_000141.mp4,dining,91
2781,data/k400/train/VRee7fYwOHI_000002_000012.mp4,dining,91
2782,data/k400/train/Y5Sw-A9lbdI_000023_000033.mp4,dining,91
2783,data/k400/train/aFjNrl1Q3iM_000158_000168.mp4,dining,91
2784,data/k400/train/hJUZBaXN_5o_000031_000041.mp4,dining,91
2785,data/k400/train/kG_A_9TyKxI_000042_000052.mp4,dining,91
2786,data/k400/train/nrsn7LTcooo_000283_000293.mp4,dining,91
2787,data/k400/train/xZ6A5nPysOg_000804_000814.mp4,dining,91
2788,data/k400/train/xnq-HIDYtng_000028_000038.mp4,dining,91
2789,data/k400/train/Bvx_YXWEYBw_000007_000017.mp4,disc golfing,92
2790,data/k400/train/HVzetdwQwV4_000000_000010.mp4,disc golfing,92
2791,data/k400/train/IX4AHTjWqJA_000030_000040.mp4,disc golfing,92
2792,data/k400/train/NkIlbetDAsE_000014_000024.mp4,disc golfing,92
2793,data/k400/train/POgEX9BkHcg_000122_000132.mp4,disc golfing,92
2794,data/k400/train/PjKB6BMgrZQ_000012_000022.mp4,disc golfing,92
2795,data/k400/train/QmmrOtqfNyU_000000_000010.mp4,disc golfing,92
2796,data/k400/train/RrA9_xm54MI_000092_000102.mp4,disc golfing,92
2797,data/k400/train/T6_lAtpdAfk_000000_000010.mp4,disc golfing,92
2798,data/k400/train/UvevLv3l6ek_000226_000236.mp4,disc golfing,92
2799,data/k400/train/VjUyANL-kWg_000053_000063.mp4,disc golfing,92
2800,data/k400/train/Vt0mm9riiJo_000006_000016.mp4,disc golfing,92
2801,data/k400/train/dQhX6B640DA_000014_000024.mp4,disc golfing,92
2802,data/k400/train/hmlPfsFq82s_000050_000060.mp4,disc golfing,92
2803,data/k400/train/j7z-wiqJnJE_000009_000019.mp4,disc golfing,92
2804,data/k400/train/mmDmvUTzJko_000057_000067.mp4,disc golfing,92
2805,data/k400/train/ocvldvhzDy4_000027_000037.mp4,disc golfing,92
2806,data/k400/train/r81H61Rt93M_000150_000160.mp4,disc golfing,92
2807,data/k400/train/rdxzD2w9xug_000001_000011.mp4,disc golfing,92
2808,data/k400/train/sdk2w1cPqkQ_000002_000012.mp4,disc golfing,92
2809,data/k400/train/t6bzRrfE680_000004_000014.mp4,disc golfing,92
2810,data/k400/train/tEmpe131aQA_000086_000096.mp4,disc golfing,92
2811,data/k400/train/wLJIiLKqAO4_000004_000014.mp4,disc golfing,92
2812,data/k400/train/xXL4gvj8Fm4_000808_000818.mp4,disc golfing,92
2813,data/k400/train/ziMJLo5AZGU_000048_000058.mp4,disc golfing,92
2814,data/k400/train/-AiFIrQGTKw_000013_000023.mp4,diving cliff,93
2815,data/k400/train/0JLr8UTKkEo_000032_000042.mp4,diving cliff,93
2816,data/k400/train/0Rg441j0mmU_000101_000111.mp4,diving cliff,93
2817,data/k400/train/2a9ItQNaDGg_000135_000145.mp4,diving cliff,93
2818,data/k400/train/2rzWk7u-uqQ_000019_000029.mp4,diving cliff,93
2819,data/k400/train/3WufBHULQKs_000076_000086.mp4,diving cliff,93
2820,data/k400/train/3oeOIMKmWGQ_000007_000017.mp4,diving cliff,93
2821,data/k400/train/5RtME_NxZUw_000045_000055.mp4,diving cliff,93
2822,data/k400/train/5r41_VNKZG4_000017_000027.mp4,diving cliff,93
2823,data/k400/train/8pdrdp9zUKU_000149_000159.mp4,diving cliff,93
2824,data/k400/train/BenYc8HmFdU_000001_000011.mp4,diving cliff,93
2825,data/k400/train/ByJuZoEzpzU_000001_000011.mp4,diving cliff,93
2826,data/k400/train/CPOLs1a7Dpc_000037_000047.mp4,diving cliff,93
2827,data/k400/train/Com1G0TC-zc_000032_000042.mp4,diving cliff,93
2828,data/k400/train/EWea3GI8EAM_000035_000045.mp4,diving cliff,93
2829,data/k400/train/F0W367pAgFU_000001_000011.mp4,diving cliff,93
2830,data/k400/train/NVe_ubP98ZM_000099_000109.mp4,diving cliff,93
2831,data/k400/train/Nc3SpcT2CHQ_000004_000014.mp4,diving cliff,93
2832,data/k400/train/PtVui7xi9wQ_000008_000018.mp4,diving cliff,93
2833,data/k400/train/SOjPklS37U0_000005_000015.mp4,diving cliff,93
2834,data/k400/train/UeljWMMy5Wo_000073_000083.mp4,diving cliff,93
2835,data/k400/train/Vu3uFerstMc_000017_000027.mp4,diving cliff,93
2836,data/k400/train/W3qz0cTByBM_000071_000081.mp4,diving cliff,93
2837,data/k400/train/WQltd-olUIs_000001_000011.mp4,diving cliff,93
2838,data/k400/train/XjOnm6Tr98Y_000000_000010.mp4,diving cliff,93
2839,data/k400/train/an6AP3fdJGo_000020_000030.mp4,diving cliff,93
2840,data/k400/train/e1zKgvMoPQU_000184_000194.mp4,diving cliff,93
2841,data/k400/train/iXki-EQ9VLI_000045_000055.mp4,diving cliff,93
2842,data/k400/train/iZTytFTA60k_000003_000013.mp4,diving cliff,93
2843,data/k400/train/kQctZS9ANro_000018_000028.mp4,diving cliff,93
2844,data/k400/train/kRPVuJiVaJ0_000003_000013.mp4,diving cliff,93
2845,data/k400/train/md1E5vMrmiI_000125_000135.mp4,diving cliff,93
2846,data/k400/train/nWPx6zzqZdI_000085_000095.mp4,diving cliff,93
2847,data/k400/train/rzcs9Fck5ig_000007_000017.mp4,diving cliff,93
2848,data/k400/train/sS9pbRRR9yM_000833_000843.mp4,diving cliff,93
2849,data/k400/train/se9gr884Tok_000012_000022.mp4,diving cliff,93
2850,data/k400/train/sw6zP7oajGc_000003_000013.mp4,diving cliff,93
2851,data/k400/train/vo0FTNn5e8Q_000004_000014.mp4,diving cliff,93
2852,data/k400/train/wW7NQaCP8F0_000006_000016.mp4,diving cliff,93
2853,data/k400/train/xS5TQdjF17k_000017_000027.mp4,diving cliff,93
2854,data/k400/train/yz2hhFJDDuo_000030_000040.mp4,diving cliff,93
2855,data/k400/train/3p1isXGe7RE_000010_000020.mp4,dodgeball,94
2856,data/k400/train/4yTj8WzUAmA_000010_000020.mp4,dodgeball,94
2857,data/k400/train/6OFaZxm7oYo_000695_000705.mp4,dodgeball,94
2858,data/k400/train/9XMbolx4Vh8_000001_000011.mp4,dodgeball,94
2859,data/k400/train/GrV0Er4_pWI_000020_000030.mp4,dodgeball,94
2860,data/k400/train/ImtIIdzsUqM_000358_000368.mp4,dodgeball,94
2861,data/k400/train/KvlZbKMF19A_000022_000032.mp4,dodgeball,94
2862,data/k400/train/LMW_9JiHHxE_000002_000012.mp4,dodgeball,94
2863,data/k400/train/P7eEcu1WMc0_000049_000059.mp4,dodgeball,94
2864,data/k400/train/PKoekpgzbeE_000231_000241.mp4,dodgeball,94
2865,data/k400/train/SCJNO4FRbZo_000299_000309.mp4,dodgeball,94
2866,data/k400/train/XS1Hihw2QME_000069_000079.mp4,dodgeball,94
2867,data/k400/train/bNHBvPYuvzQ_000000_000010.mp4,dodgeball,94
2868,data/k400/train/e3OAY8APElg_000000_000010.mp4,dodgeball,94
2869,data/k400/train/f-KQictz9GU_000117_000127.mp4,dodgeball,94
2870,data/k400/train/hSnaInmEcBE_000003_000013.mp4,dodgeball,94
2871,data/k400/train/i6ARreLP6og_000111_000121.mp4,dodgeball,94
2872,data/k400/train/lXdxpUmafHQ_000095_000105.mp4,dodgeball,94
2873,data/k400/train/mM_fJMNXHoA_000000_000010.mp4,dodgeball,94
2874,data/k400/train/q6KcA3M5sjQ_000152_000162.mp4,dodgeball,94
2875,data/k400/train/qk21kVp539g_000001_000011.mp4,dodgeball,94
2876,data/k400/train/sFWsvtI_dck_000174_000184.mp4,dodgeball,94
2877,data/k400/train/sgxdVtPPJ9I_000018_000028.mp4,dodgeball,94
2878,data/k400/train/sqdlqCyRe0Y_000068_000078.mp4,dodgeball,94
2879,data/k400/train/v-NwYgOdEJk_000044_000054.mp4,dodgeball,94
2880,data/k400/train/xefATT83BkI_000005_000015.mp4,dodgeball,94
2881,data/k400/train/zf1eP9c_7hU_000076_000086.mp4,dodgeball,94
2882,data/k400/train/-khwg4aAQaU_000150_000160.mp4,doing aerobics,95
2883,data/k400/train/6VHEVcOj8is_000046_000056.mp4,doing aerobics,95
2884,data/k400/train/BjSEl2Bl5nE_000011_000021.mp4,doing aerobics,95
2885,data/k400/train/DoCCvsBd-zk_000084_000094.mp4,doing aerobics,95
2886,data/k400/train/HY7ysRgNyBw_000104_000114.mp4,doing aerobics,95
2887,data/k400/train/XhzkXQg5-nY_000057_000067.mp4,doing aerobics,95
2888,data/k400/train/a18jzNQzShA_000135_000145.mp4,doing aerobics,95
2889,data/k400/train/agJXUogriz0_000318_000328.mp4,doing aerobics,95
2890,data/k400/train/awGYv-cF3Bk_000597_000607.mp4,doing aerobics,95
2891,data/k400/train/ayOkDhNnnhE_000021_000031.mp4,doing aerobics,95
2892,data/k400/train/cpMDvqouKWE_000045_000055.mp4,doing aerobics,95
2893,data/k400/train/f2spY7CF0GI_000154_000164.mp4,doing aerobics,95
2894,data/k400/train/iIWMDT5U57s_002119_002129.mp4,doing aerobics,95
2895,data/k400/train/mJuCAaE01E4_000049_000059.mp4,doing aerobics,95
2896,data/k400/train/neoT06UTydk_000021_000031.mp4,doing aerobics,95
2897,data/k400/train/oNU05og4ii4_000411_000421.mp4,doing aerobics,95
2898,data/k400/train/2lW6skTENSw_000001_000011.mp4,doing laundry,96
2899,data/k400/train/3Ov86yTJik4_000001_000011.mp4,doing laundry,96
2900,data/k400/train/7fRljoi32nU_000018_000028.mp4,doing laundry,96
2901,data/k400/train/94Caka8M6Y8_000065_000075.mp4,doing laundry,96
2902,data/k400/train/MdRxPdYZ5pU_000000_000010.mp4,doing laundry,96
2903,data/k400/train/N2UjpXET8Ww_000058_000068.mp4,doing laundry,96
2904,data/k400/train/SmJ5SmHptcQ_000079_000089.mp4,doing laundry,96
2905,data/k400/train/T5A_1UeQAU4_000082_000092.mp4,doing laundry,96
2906,data/k400/train/Y8m6jltCtC8_000008_000018.mp4,doing laundry,96
2907,data/k400/train/admrQMs57JQ_000002_000012.mp4,doing laundry,96
2908,data/k400/train/gby06aXkSBk_000079_000089.mp4,doing laundry,96
2909,data/k400/train/kEWzZ6EBnN0_000405_000415.mp4,doing laundry,96
2910,data/k400/train/l4H9_n26C4M_000062_000072.mp4,doing laundry,96
2911,data/k400/train/mHQVqe6ZTbA_000005_000015.mp4,doing laundry,96
2912,data/k400/train/xs7AJA64JB8_000003_000013.mp4,doing laundry,96
2913,data/k400/train/0ZVOqgbd6kY_000285_000295.mp4,doing nails,97
2914,data/k400/train/2uGZ34BngFI_000493_000503.mp4,doing nails,97
2915,data/k400/train/60vlBZ46iPU_000025_000035.mp4,doing nails,97
2916,data/k400/train/8ojZLva6dFc_000367_000377.mp4,doing nails,97
2917,data/k400/train/D958VpU681U_000187_000197.mp4,doing nails,97
2918,data/k400/train/JtKkvabFrls_000113_000123.mp4,doing nails,97
2919,data/k400/train/LIgkJgElESM_000115_000125.mp4,doing nails,97
2920,data/k400/train/Ly5diUF_kN0_000085_000095.mp4,doing nails,97
2921,data/k400/train/PRnJAkFYwJA_000024_000034.mp4,doing nails,97
2922,data/k400/train/Q9xDXEB7C3U_000000_000010.mp4,doing nails,97
2923,data/k400/train/QlotVIoQLyU_000310_000320.mp4,doing nails,97
2924,data/k400/train/XRhTGXrq1fs_000140_000150.mp4,doing nails,97
2925,data/k400/train/Z1j0jO2ArMw_000365_000375.mp4,doing nails,97
2926,data/k400/train/ZnsF-j3EVvc_000381_000391.mp4,doing nails,97
2927,data/k400/train/ZqERNjyfwMw_000003_000013.mp4,doing nails,97
2928,data/k400/train/ffwXzVAEImM_000450_000460.mp4,doing nails,97
2929,data/k400/train/hLxeTbdH-rY_000068_000078.mp4,doing nails,97
2930,data/k400/train/iHGV0kBfRNQ_000055_000065.mp4,doing nails,97
2931,data/k400/train/kUtHfxFzrTE_000121_000131.mp4,doing nails,97
2932,data/k400/train/mFmBbgjpYRY_000164_000174.mp4,doing nails,97
2933,data/k400/train/qyssgQ2xq2M_000180_000190.mp4,doing nails,97
2934,data/k400/train/vbxc6obXpyg_000062_000072.mp4,doing nails,97
2935,data/k400/train/w8RvDYLD5i0_000054_000064.mp4,doing nails,97
2936,data/k400/train/wLg_AbCzbsg_000040_000050.mp4,doing nails,97
2937,data/k400/train/wX74Ft0yBNM_000122_000132.mp4,doing nails,97
2938,data/k400/train/xq8Bpy2VnwI_000112_000122.mp4,doing nails,97
2939,data/k400/train/yX02VaCB_uA_000282_000292.mp4,doing nails,97
2940,data/k400/train/2wBwYulzpqo_000128_000138.mp4,drawing,98
2941,data/k400/train/INbAwIvoPgU_000079_000089.mp4,drawing,98
2942,data/k400/train/IPrfOHnHU08_000324_000334.mp4,drawing,98
2943,data/k400/train/PLNL4ZnxFnQ_000047_000057.mp4,drawing,98
2944,data/k400/train/RtOX-Bv4Rjk_000069_000079.mp4,drawing,98
2945,data/k400/train/UQDnCTQA7FA_000142_000152.mp4,drawing,98
2946,data/k400/train/_UYocDqQ644_000392_000402.mp4,drawing,98
2947,data/k400/train/fzsxtAVelAQ_000013_000023.mp4,drawing,98
2948,data/k400/train/jOgBgLRVV8o_000029_000039.mp4,drawing,98
2949,data/k400/train/lQgjfnpp8QA_000125_000135.mp4,drawing,98
2950,data/k400/train/pVk09WZi2jU_000058_000068.mp4,drawing,98
2951,data/k400/train/w48xWyUHQtY_000004_000014.mp4,drawing,98
2952,data/k400/train/1hJsZUvGe20_000041_000051.mp4,dribbling basketball,99
2953,data/k400/train/4lKqcfqtWr4_000018_000028.mp4,dribbling basketball,99
2954,data/k400/train/6rDjmP0mZLI_000002_000012.mp4,dribbling basketball,99
2955,data/k400/train/7zWHXnb18R4_000019_000029.mp4,dribbling basketball,99
2956,data/k400/train/86Q72OVAGPo_000013_000023.mp4,dribbling basketball,99
2957,data/k400/train/8WO9BuYxfMM_000000_000010.mp4,dribbling basketball,99
2958,data/k400/train/AFuaoYuuhnQ_000030_000040.mp4,dribbling basketball,99
2959,data/k400/train/B-Y_6VBAGIY_000159_000169.mp4,dribbling basketball,99
2960,data/k400/train/CfV2g0La0WA_000039_000049.mp4,dribbling basketball,99
2961,data/k400/train/Ck9z1T5EK-8_000004_000014.mp4,dribbling basketball,99
2962,data/k400/train/G2GcdCDoTFA_000045_000055.mp4,dribbling basketball,99
2963,data/k400/train/G2J-z8uttqA_000025_000035.mp4,dribbling basketball,99
2964,data/k400/train/H4OUKz5inbA_000000_000010.mp4,dribbling basketball,99
2965,data/k400/train/H4glQcAnS50_000001_000011.mp4,dribbling basketball,99
2966,data/k400/train/HbmaF58Xjbw_000031_000041.mp4,dribbling basketball,99
2967,data/k400/train/IVVqhWKh1ns_000242_000252.mp4,dribbling basketball,99
2968,data/k400/train/LeSfCMOkqcU_000000_000010.mp4,dribbling basketball,99
2969,data/k400/train/NtT5zQt0M00_000002_000012.mp4,dribbling basketball,99
2970,data/k400/train/Ot5OjyxZnOI_000016_000026.mp4,dribbling basketball,99
2971,data/k400/train/TRRMdPISHow_000013_000023.mp4,dribbling basketball,99
2972,data/k400/train/Ttih4GIKIzk_000018_000028.mp4,dribbling basketball,99
2973,data/k400/train/YqRWzjGtZkU_000001_000011.mp4,dribbling basketball,99
2974,data/k400/train/Z0UkpOLPBaA_000004_000014.mp4,dribbling basketball,99
2975,data/k400/train/ZLTrRdOP128_000040_000050.mp4,dribbling basketball,99
2976,data/k400/train/ddtcuVVxpTs_000010_000020.mp4,dribbling basketball,99
2977,data/k400/train/fDNSjssMHlY_000003_000013.mp4,dribbling basketball,99
2978,data/k400/train/gkDisWByEK4_000031_000041.mp4,dribbling basketball,99
2979,data/k400/train/h7GA2mat3b0_000041_000051.mp4,dribbling basketball,99
2980,data/k400/train/kSTTL993kF8_000022_000032.mp4,dribbling basketball,99
2981,data/k400/train/kzntz1O1vOM_000051_000061.mp4,dribbling basketball,99
2982,data/k400/train/lkZKXAeOIuQ_000016_000026.mp4,dribbling basketball,99
2983,data/k400/train/mNaaLKfkUes_000000_000010.mp4,dribbling basketball,99
2984,data/k400/train/pM1-4HfeqAs_000004_000014.mp4,dribbling basketball,99
2985,data/k400/train/qxpP-jJD1W0_000037_000047.mp4,dribbling basketball,99
2986,data/k400/train/rPIsGiVsQ-s_000029_000039.mp4,dribbling basketball,99
2987,data/k400/train/sIdPfXCPRM0_000001_000011.mp4,dribbling basketball,99
2988,data/k400/train/uJy0_OMuHU4_000023_000033.mp4,dribbling basketball,99
2989,data/k400/train/wPW47Q_EA0w_000004_000014.mp4,dribbling basketball,99
2990,data/k400/train/y5ay0mjjIJ0_000031_000041.mp4,dribbling basketball,99
2991,data/k400/train/4gU9rFedrtU_000059_000069.mp4,drinking,100
2992,data/k400/train/82VuOVfB2uE_000041_000051.mp4,drinking,100
2993,data/k400/train/Csy2yLIZ4QI_000008_000018.mp4,drinking,100
2994,data/k400/train/Cw3aCxhwFAU_000007_000017.mp4,drinking,100
2995,data/k400/train/E5EVJcPuU-8_000104_000114.mp4,drinking,100
2996,data/k400/train/FfXOeAAPdOs_000040_000050.mp4,drinking,100
2997,data/k400/train/J_UkAm6ZFag_000017_000027.mp4,drinking,100
2998,data/k400/train/LMPNApgBk6U_000000_000010.mp4,drinking,100
2999,data/k400/train/OFrNO3ooWFA_000127_000137.mp4,drinking,100
3000,data/k400/train/P1B8QLIplbM_000015_000025.mp4,drinking,100
3001,data/k400/train/P6mlY-e3t-g_000089_000099.mp4,drinking,100
3002,data/k400/train/S62XeXQW0Tk_000185_000195.mp4,drinking,100
3003,data/k400/train/SBqDl56pUbs_000293_000303.mp4,drinking,100
3004,data/k400/train/SQxPIhKTZWw_000018_000028.mp4,drinking,100
3005,data/k400/train/Ss5Sg16vi1U_000009_000019.mp4,drinking,100
3006,data/k400/train/SwEQOrzNK-M_002267_002277.mp4,drinking,100
3007,data/k400/train/XDKjcBFXCxY_000142_000152.mp4,drinking,100
3008,data/k400/train/YeLTnMjp_2M_000004_000014.mp4,drinking,100
3009,data/k400/train/boJo3HIIQsk_000077_000087.mp4,drinking,100
3010,data/k400/train/de-2DpO7-bI_000001_000011.mp4,drinking,100
3011,data/k400/train/iVDGSMvlwQM_000749_000759.mp4,drinking,100
3012,data/k400/train/p4oxWlBIKJk_000019_000029.mp4,drinking,100
3013,data/k400/train/rKO1i0SD3mg_000369_000379.mp4,drinking,100
3014,data/k400/train/uDmLbafMBIw_000049_000059.mp4,drinking,100
3015,data/k400/train/2P9rS3dDeyk_000028_000038.mp4,drinking beer,101
3016,data/k400/train/2XLhI47SOdo_000008_000018.mp4,drinking beer,101
3017,data/k400/train/80is1m0lo7E_000001_000011.mp4,drinking beer,101
3018,data/k400/train/CB4LtzrScCE_000004_000014.mp4,drinking beer,101
3019,data/k400/train/EfLpXu0cC9U_000077_000087.mp4,drinking beer,101
3020,data/k400/train/Jhm_ZsDf4HA_000005_000015.mp4,drinking beer,101
3021,data/k400/train/QPVxLgdkRYo_000002_000012.mp4,drinking beer,101
3022,data/k400/train/QvyB3a1dPz0_000000_000010.mp4,drinking beer,101
3023,data/k400/train/R6aH3dwCj60_000005_000015.mp4,drinking beer,101
3024,data/k400/train/RMkAkf8NrqQ_000002_000012.mp4,drinking beer,101
3025,data/k400/train/SgO3sVU-ih0_000008_000018.mp4,drinking beer,101
3026,data/k400/train/Ux-ob1bKOk0_000003_000013.mp4,drinking beer,101
3027,data/k400/train/WFGepM_uxEU_000003_000013.mp4,drinking beer,101
3028,data/k400/train/ZA3OxgMKBgU_000003_000013.mp4,drinking beer,101
3029,data/k400/train/bdHZ95HVEDA_000003_000013.mp4,drinking beer,101
3030,data/k400/train/kI6XrNbjBng_000004_000014.mp4,drinking beer,101
3031,data/k400/train/q2tm8R1nV94_000021_000031.mp4,drinking beer,101
3032,data/k400/train/0Q__osPqNtE_000000_000010.mp4,drinking shots,102
3033,data/k400/train/2FiQtUVHJvE_000004_000014.mp4,drinking shots,102
3034,data/k400/train/956Z0WqdNn0_000461_000471.mp4,drinking shots,102
3035,data/k400/train/FrVnjICc4EU_000043_000053.mp4,drinking shots,102
3036,data/k400/train/HjiVgFOuh6g_000012_000022.mp4,drinking shots,102
3037,data/k400/train/W2O1tlB_lJM_000021_000031.mp4,drinking shots,102
3038,data/k400/train/dgtEWaJdNKw_000030_000040.mp4,drinking shots,102
3039,data/k400/train/gfN2qk-Dhqo_000049_000059.mp4,drinking shots,102
3040,data/k400/train/i4XMqnKEKP8_000205_000215.mp4,drinking shots,102
3041,data/k400/train/nsp60E3s5Dk_000000_000010.mp4,drinking shots,102
3042,data/k400/train/sBAN9I46XtU_000257_000267.mp4,drinking shots,102
3043,data/k400/train/wZj3X1E1sy8_000040_000050.mp4,drinking shots,102
3044,data/k400/train/ypZ7xPIGsUo_000143_000153.mp4,drinking shots,102
3045,data/k400/train/-RdREpFcycY_000050_000060.mp4,driving car,103
3046,data/k400/train/1yidKlC1yKQ_000070_000080.mp4,driving car,103
3047,data/k400/train/2rd6G4HJOBc_000094_000104.mp4,driving car,103
3048,data/k400/train/6hRz_kEAjRc_000115_000125.mp4,driving car,103
3049,data/k400/train/ATdR-hbHfzA_000512_000522.mp4,driving car,103
3050,data/k400/train/CrSMYPE7hwE_000063_000073.mp4,driving car,103
3051,data/k400/train/DwCT55JcjEg_000261_000271.mp4,driving car,103
3052,data/k400/train/GKhQ24OQ5BE_000063_000073.mp4,driving car,103
3053,data/k400/train/HfDZF2-ubgg_000001_000011.mp4,driving car,103
3054,data/k400/train/L7992tAxS94_000290_000300.mp4,driving car,103
3055,data/k400/train/Oe89edqrU9Q_000057_000067.mp4,driving car,103
3056,data/k400/train/One0h8mEQRE_000001_000011.mp4,driving car,103
3057,data/k400/train/P5NqT8LHk3g_000021_000031.mp4,driving car,103
3058,data/k400/train/RL2oAowHyGs_000508_000518.mp4,driving car,103
3059,data/k400/train/RYBsv1YLfJ0_000053_000063.mp4,driving car,103
3060,data/k400/train/S_eVE6KQ4Jg_000096_000106.mp4,driving car,103
3061,data/k400/train/Sw3kTY3A5jw_000002_000012.mp4,driving car,103
3062,data/k400/train/VUocpvmXYDo_000001_000011.mp4,driving car,103
3063,data/k400/train/Xzay98BjBiU_000004_000014.mp4,driving car,103
3064,data/k400/train/YCUdDoVRBZE_000012_000022.mp4,driving car,103
3065,data/k400/train/_74JfYOXsEE_000379_000389.mp4,driving car,103
3066,data/k400/train/aV6lw0K62zI_000064_000074.mp4,driving car,103
3067,data/k400/train/bQE2zyTBEK0_000120_000130.mp4,driving car,103
3068,data/k400/train/cibeSKLfTgY_000003_000013.mp4,driving car,103
3069,data/k400/train/dIjVZjBpwaM_000004_000014.mp4,driving car,103
3070,data/k400/train/eCfDZtVTRzE_000055_000065.mp4,driving car,103
3071,data/k400/train/eXeUu_Y6WOw_000059_000069.mp4,driving car,103
3072,data/k400/train/en59x6AA28s_000018_000028.mp4,driving car,103
3073,data/k400/train/iJduAVSXYYc_000003_000013.mp4,driving car,103
3074,data/k400/train/jCnjv0UsYdc_000208_000218.mp4,driving car,103
3075,data/k400/train/kYZ0FT0446w_000124_000134.mp4,driving car,103
3076,data/k400/train/lDfJ4qJGk3o_000032_000042.mp4,driving car,103
3077,data/k400/train/lIGvV2tejYA_000010_000020.mp4,driving car,103
3078,data/k400/train/mdlwcsWY0bU_000003_000013.mp4,driving car,103
3079,data/k400/train/meuGecU25eg_000072_000082.mp4,driving car,103
3080,data/k400/train/mrFPfP4Zpv8_000019_000029.mp4,driving car,103
3081,data/k400/train/p0PKixyusqs_000072_000082.mp4,driving car,103
3082,data/k400/train/qbQLrvbdaZM_000006_000016.mp4,driving car,103
3083,data/k400/train/sIo-KtJym5k_000049_000059.mp4,driving car,103
3084,data/k400/train/t2lj_EIhM8k_000373_000383.mp4,driving car,103
3085,data/k400/train/v7Up8m6p8DU_000141_000151.mp4,driving car,103
3086,data/k400/train/vqkyeJLq_fk_000030_000040.mp4,driving car,103
3087,data/k400/train/18DpXhELiOg_000016_000026.mp4,driving tractor,104
3088,data/k400/train/1QUUZCi7YwQ_000127_000137.mp4,driving tractor,104
3089,data/k400/train/1QgtdUjon5c_000077_000087.mp4,driving tractor,104
3090,data/k400/train/2kYnLJhE4qQ_000004_000014.mp4,driving tractor,104
3091,data/k400/train/3BfTQkQMcDE_000147_000157.mp4,driving tractor,104
3092,data/k400/train/4nWAMzCRN64_000094_000104.mp4,driving tractor,104
3093,data/k400/train/5FAHkllW4pM_000017_000027.mp4,driving tractor,104
3094,data/k400/train/5_4UTI_dkcA_000061_000071.mp4,driving tractor,104
3095,data/k400/train/7_Y71uz33oM_000022_000032.mp4,driving tractor,104
3096,data/k400/train/CsiYCHPwCfs_000003_000013.mp4,driving tractor,104
3097,data/k400/train/CxqXK-hltaY_000004_000014.mp4,driving tractor,104
3098,data/k400/train/DfMS-RNu0HE_000336_000346.mp4,driving tractor,104
3099,data/k400/train/IXY_gS0F_50_000006_000016.mp4,driving tractor,104
3100,data/k400/train/KK_WOUyidM8_000002_000012.mp4,driving tractor,104
3101,data/k400/train/KUyavsVrDiI_000102_000112.mp4,driving tractor,104
3102,data/k400/train/NLpNBp2uG0g_000005_000015.mp4,driving tractor,104
3103,data/k400/train/Pjq19fNzsO8_000003_000013.mp4,driving tractor,104
3104,data/k400/train/RIRjnd9mjAs_000005_000015.mp4,driving tractor,104
3105,data/k400/train/Rt3LUR-O0cg_000005_000015.mp4,driving tractor,104
3106,data/k400/train/S5k8mw2swVs_000055_000065.mp4,driving tractor,104
3107,data/k400/train/Strehg1REcY_000005_000015.mp4,driving tractor,104
3108,data/k400/train/TBFP2LJCqRY_000014_000024.mp4,driving tractor,104
3109,data/k400/train/TTA5WqGyFik_000085_000095.mp4,driving tractor,104
3110,data/k400/train/Tg7wShQoMu4_000095_000105.mp4,driving tractor,104
3111,data/k400/train/VrVCzJjG6QI_000098_000108.mp4,driving tractor,104
3112,data/k400/train/W-qKmiV548s_000353_000363.mp4,driving tractor,104
3113,data/k400/train/Xo5Eeo8hfcI_000097_000107.mp4,driving tractor,104
3114,data/k400/train/YmtKbUaXJ-U_000006_000016.mp4,driving tractor,104
3115,data/k400/train/dJmrHf-v4v4_000002_000012.mp4,driving tractor,104
3116,data/k400/train/dK4-AfLks3w_000204_000214.mp4,driving tractor,104
3117,data/k400/train/g4mUuh0rPKc_000023_000033.mp4,driving tractor,104
3118,data/k400/train/gtjT395rzu0_000004_000014.mp4,driving tractor,104
3119,data/k400/train/h0mEaxKontw_000095_000105.mp4,driving tractor,104
3120,data/k400/train/kZ3HCB8fWeI_000023_000033.mp4,driving tractor,104
3121,data/k400/train/lMueCiuH9u8_000004_000014.mp4,driving tractor,104
3122,data/k400/train/n0uObeZVEDM_000036_000046.mp4,driving tractor,104
3123,data/k400/train/neRf1DGOqxU_000014_000024.mp4,driving tractor,104
3124,data/k400/train/qUjEjWxa53Y_000112_000122.mp4,driving tractor,104
3125,data/k400/train/s1hvnK3POHM_000002_000012.mp4,driving tractor,104
3126,data/k400/train/yqJdIqYsDNU_000040_000050.mp4,driving tractor,104
3127,data/k400/train/1_OOIF7z-lw_000020_000030.mp4,drop kicking,105
3128,data/k400/train/5EyGz4F7Mk4_000016_000026.mp4,drop kicking,105
3129,data/k400/train/5pUzceuqz-w_000000_000010.mp4,drop kicking,105
3130,data/k400/train/7j1h2O-ESxY_000047_000057.mp4,drop kicking,105
3131,data/k400/train/7yq_GLJVRC8_000000_000010.mp4,drop kicking,105
3132,data/k400/train/B0vUor8jC9w_000002_000012.mp4,drop kicking,105
3133,data/k400/train/EXadrAAghzw_000009_000019.mp4,drop kicking,105
3134,data/k400/train/FCxLR3hV8XE_000033_000043.mp4,drop kicking,105
3135,data/k400/train/FmvbBut7X6Y_000000_000010.mp4,drop kicking,105
3136,data/k400/train/HTLbZvYe3-A_000098_000108.mp4,drop kicking,105
3137,data/k400/train/HWrR2qwSOkE_000017_000027.mp4,drop kicking,105
3138,data/k400/train/OBVOYHbWsHg_000001_000011.mp4,drop kicking,105
3139,data/k400/train/PzGtiHKGBQk_000002_000012.mp4,drop kicking,105
3140,data/k400/train/QVNLFm8HATc_000010_000020.mp4,drop kicking,105
3141,data/k400/train/X0m-iqc4GLE_000002_000012.mp4,drop kicking,105
3142,data/k400/train/ZWdML4w7KmY_000000_000010.mp4,drop kicking,105
3143,data/k400/train/a1-Qfnez1hA_000002_000012.mp4,drop kicking,105
3144,data/k400/train/bO8nx5pYijk_000001_000011.mp4,drop kicking,105
3145,data/k400/train/eq3Ck7ko69A_000003_000013.mp4,drop kicking,105
3146,data/k400/train/gRsYUwsfujs_000003_000013.mp4,drop kicking,105
3147,data/k400/train/mvFa-mcrHT0_000001_000011.mp4,drop kicking,105
3148,data/k400/train/oljO7R70Kes_000003_000013.mp4,drop kicking,105
3149,data/k400/train/pooboFKRZYM_000001_000011.mp4,drop kicking,105
3150,data/k400/train/pvMlS0dHmro_000031_000041.mp4,drop kicking,105
3151,data/k400/train/pyP_rtYYplc_000002_000012.mp4,drop kicking,105
3152,data/k400/train/tXDh2yfyTsI_000000_000010.mp4,drop kicking,105
3153,data/k400/train/xXZsQxOnmH0_000010_000020.mp4,drop kicking,105
3154,data/k400/train/0V449UJoTeY_000019_000029.mp4,drumming fingers,106
3155,data/k400/train/Ceg6MYTftZY_000068_000078.mp4,drumming fingers,106
3156,data/k400/train/Q-XreSWpSEA_000015_000025.mp4,drumming fingers,106
3157,data/k400/train/Rh383TwTX-U_000004_000014.mp4,drumming fingers,106
3158,data/k400/train/S-Y3q3NiN7g_000031_000041.mp4,drumming fingers,106
3159,data/k400/train/eD1bD0d2vmI_000320_000330.mp4,drumming fingers,106
3160,data/k400/train/jb111OKt0Hk_000015_000025.mp4,drumming fingers,106
3161,data/k400/train/qKsQwly-6tk_000145_000155.mp4,drumming fingers,106
3162,data/k400/train/uFWGcEmCGhI_000242_000252.mp4,drumming fingers,106
3163,data/k400/train/1r2MgT_SYDI_000062_000072.mp4,dunking basketball,107
3164,data/k400/train/2pr5gkioRMA_000016_000026.mp4,dunking basketball,107
3165,data/k400/train/3u4CbKIXxnU_000040_000050.mp4,dunking basketball,107
3166,data/k400/train/5XSohPKDSQo_000220_000230.mp4,dunking basketball,107
3167,data/k400/train/5jPyb2y1RIs_000006_000016.mp4,dunking basketball,107
3168,data/k400/train/6Hc9BSCgjp0_000001_000011.mp4,dunking basketball,107
3169,data/k400/train/7QHAZ4s5ByQ_000004_000014.mp4,dunking basketball,107
3170,data/k400/train/8HLQaBWS-Fk_000000_000010.mp4,dunking basketball,107
3171,data/k400/train/9nGhKDKHmQI_000106_000116.mp4,dunking basketball,107
3172,data/k400/train/AhyC5ZWzQ3Q_000000_000010.mp4,dunking basketball,107
3173,data/k400/train/AnVsGetzuA0_000000_000010.mp4,dunking basketball,107
3174,data/k400/train/Ao_S3m_lut0_000000_000010.mp4,dunking basketball,107
3175,data/k400/train/Bs7rm8PWtyM_000001_000011.mp4,dunking basketball,107
3176,data/k400/train/Bsb_9wcsrYo_000000_000010.mp4,dunking basketball,107
3177,data/k400/train/GiC8zPJCimU_000106_000116.mp4,dunking basketball,107
3178,data/k400/train/I0WR0ABaoa4_000001_000011.mp4,dunking basketball,107
3179,data/k400/train/Jxy1RBfHwc0_000051_000061.mp4,dunking basketball,107
3180,data/k400/train/LNTFcQhCG20_000098_000108.mp4,dunking basketball,107
3181,data/k400/train/NdHE6_mqd-g_000004_000014.mp4,dunking basketball,107
3182,data/k400/train/QI3KKvqKnDE_000080_000090.mp4,dunking basketball,107
3183,data/k400/train/QbshWAWmQIQ_000000_000010.mp4,dunking basketball,107
3184,data/k400/train/RFfpOtL5Gy0_000001_000011.mp4,dunking basketball,107
3185,data/k400/train/S-RdSzXD4Ro_000002_000012.mp4,dunking basketball,107
3186,data/k400/train/SveLCJe0RvM_000105_000115.mp4,dunking basketball,107
3187,data/k400/train/UgUFiVGlszQ_000002_000012.mp4,dunking basketball,107
3188,data/k400/train/V1iQWl1kWhA_000000_000010.mp4,dunking basketball,107
3189,data/k400/train/VBB1kar6sAo_000004_000014.mp4,dunking basketball,107
3190,data/k400/train/Vymh8zw0nxo_000019_000029.mp4,dunking basketball,107
3191,data/k400/train/Wv3p3JVEbSs_000397_000407.mp4,dunking basketball,107
3192,data/k400/train/Ykc1NXjM9_0_000129_000139.mp4,dunking basketball,107
3193,data/k400/train/a0H1Y7DgiwA_000031_000041.mp4,dunking basketball,107
3194,data/k400/train/b4ZEeNZ-cMU_000038_000048.mp4,dunking basketball,107
3195,data/k400/train/bRM0wYZ7UlM_000071_000081.mp4,dunking basketball,107
3196,data/k400/train/d0_5NgpS_FU_000125_000135.mp4,dunking basketball,107
3197,data/k400/train/hcoyb3JzluU_000001_000011.mp4,dunking basketball,107
3198,data/k400/train/hl_H_1QKUUA_000016_000026.mp4,dunking basketball,107
3199,data/k400/train/jSdCK5vAIg4_000034_000044.mp4,dunking basketball,107
3200,data/k400/train/lNtQuC_O0UE_000076_000086.mp4,dunking basketball,107
3201,data/k400/train/mIVnELiA90M_000000_000010.mp4,dunking basketball,107
3202,data/k400/train/o1DrX-8kk1Y_000002_000012.mp4,dunking basketball,107
3203,data/k400/train/rkx4Y_RlTik_000002_000012.mp4,dunking basketball,107
3204,data/k400/train/sEz8veqnYIk_000025_000035.mp4,dunking basketball,107
3205,data/k400/train/uRQVNs9gEc4_000018_000028.mp4,dunking basketball,107
3206,data/k400/train/vEXPj6R0hII_000000_000010.mp4,dunking basketball,107
3207,data/k400/train/wZ8pFDZguWs_000000_000010.mp4,dunking basketball,107
3208,data/k400/train/xpF5eDj1FCg_000003_000013.mp4,dunking basketball,107
3209,data/k400/train/yYWLR9vwUrA_000047_000057.mp4,dunking basketball,107
3210,data/k400/train/zw_bPrPCR4Q_000013_000023.mp4,dunking basketball,107
3211,data/k400/train/-XA9ixioG8I_000147_000157.mp4,dying hair,108
3212,data/k400/train/-d_uc-ryKz8_000181_000191.mp4,dying hair,108
3213,data/k400/train/0j9pyABEzhI_000423_000433.mp4,dying hair,108
3214,data/k400/train/1CKYGiJJ1RA_000229_000239.mp4,dying hair,108
3215,data/k400/train/4FRu2BBLtU8_000384_000394.mp4,dying hair,108
3216,data/k400/train/9FmG7dhGdH8_000060_000070.mp4,dying hair,108
3217,data/k400/train/A8tN_Mn-UHw_000220_000230.mp4,dying hair,108
3218,data/k400/train/BfwctOjUKoE_000457_000467.mp4,dying hair,108
3219,data/k400/train/DfQGVDz_-js_000100_000110.mp4,dying hair,108
3220,data/k400/train/Dr8XIopGQuY_000208_000218.mp4,dying hair,108
3221,data/k400/train/Drjw0tq2Y1M_000002_000012.mp4,dying hair,108
3222,data/k400/train/E31rF20Pmpc_000025_000035.mp4,dying hair,108
3223,data/k400/train/GnqjjCZAjJA_000188_000198.mp4,dying hair,108
3224,data/k400/train/HBcoMvk6Cqk_000228_000238.mp4,dying hair,108
3225,data/k400/train/IrrK_W8X3bE_000039_000049.mp4,dying hair,108
3226,data/k400/train/KTPJVLvJDho_000258_000268.mp4,dying hair,108
3227,data/k400/train/NHEophtUpdc_000189_000199.mp4,dying hair,108
3228,data/k400/train/NjiptA_6FSM_000098_000108.mp4,dying hair,108
3229,data/k400/train/SAH3k0VWEfA_000047_000057.mp4,dying hair,108
3230,data/k400/train/TlJdIywGStw_000150_000160.mp4,dying hair,108
3231,data/k400/train/VEBqK5WUA88_000314_000324.mp4,dying hair,108
3232,data/k400/train/VZ7dDscccII_000202_000212.mp4,dying hair,108
3233,data/k400/train/Xkbjq0y49oc_000082_000092.mp4,dying hair,108
3234,data/k400/train/Z9BKEUvhR7Q_000027_000037.mp4,dying hair,108
3235,data/k400/train/_N68sGlZMqM_000000_000010.mp4,dying hair,108
3236,data/k400/train/aPSlmoaNrSA_002540_002550.mp4,dying hair,108
3237,data/k400/train/dGwnywfOgfs_000245_000255.mp4,dying hair,108
3238,data/k400/train/etIO7Dlsiug_000265_000275.mp4,dying hair,108
3239,data/k400/train/fkHVGx4pHpo_000116_000126.mp4,dying hair,108
3240,data/k400/train/g3ydRTAInCs_000265_000275.mp4,dying hair,108
3241,data/k400/train/gOXkfTGXkuE_000367_000377.mp4,dying hair,108
3242,data/k400/train/hmLB3URFLuQ_000074_000084.mp4,dying hair,108
3243,data/k400/train/i8ShE37jSY8_000089_000099.mp4,dying hair,108
3244,data/k400/train/iWFbCJ1447M_000330_000340.mp4,dying hair,108
3245,data/k400/train/lLy9_zhC03U_000379_000389.mp4,dying hair,108
3246,data/k400/train/o0sjnVRZnY0_000332_000342.mp4,dying hair,108
3247,data/k400/train/p6yZUhY4VrA_000012_000022.mp4,dying hair,108
3248,data/k400/train/soaX09KO0jM_000342_000352.mp4,dying hair,108
3249,data/k400/train/tB14Ual3HOM_000232_000242.mp4,dying hair,108
3250,data/k400/train/tH997mMxMqM_000168_000178.mp4,dying hair,108
3251,data/k400/train/ujNZ64Yhu0Y_000120_000130.mp4,dying hair,108
3252,data/k400/train/vMnWTL4hAX8_000281_000291.mp4,dying hair,108
3253,data/k400/train/wpFDCsso-pQ_000242_000252.mp4,dying hair,108
3254,data/k400/train/yXOfFEVIt-c_000088_000098.mp4,dying hair,108
3255,data/k400/train/zK4uo9d_vFs_000079_000089.mp4,dying hair,108
3256,data/k400/train/00MUo_0F9-Q_000261_000271.mp4,eating burger,109
3257,data/k400/train/12Icqn94FZc_000212_000222.mp4,eating burger,109
3258,data/k400/train/2BqRWvR7pNA_000251_000261.mp4,eating burger,109
3259,data/k400/train/3-PSD0BJ0e0_000001_000011.mp4,eating burger,109
3260,data/k400/train/4oqMiniu9uA_000222_000232.mp4,eating burger,109
3261,data/k400/train/5TFlaq99d9I_000209_000219.mp4,eating burger,109
3262,data/k400/train/7N3tDeQ4hlw_000003_000013.mp4,eating burger,109
3263,data/k400/train/8G0iG-9tR4U_000005_000015.mp4,eating burger,109
3264,data/k400/train/8f9NUbxbsWo_000310_000320.mp4,eating burger,109
3265,data/k400/train/8hwez3O2wHw_000011_000021.mp4,eating burger,109
3266,data/k400/train/9cbb_kdUspU_000208_000218.mp4,eating burger,109
3267,data/k400/train/9gJ9krtfyjE_000046_000056.mp4,eating burger,109
3268,data/k400/train/9smtBJJzOsY_000107_000117.mp4,eating burger,109
3269,data/k400/train/ByWLy7omG5I_000042_000052.mp4,eating burger,109
3270,data/k400/train/CCafkhErUao_000025_000035.mp4,eating burger,109
3271,data/k400/train/CLMy-5kqQUY_000042_000052.mp4,eating burger,109
3272,data/k400/train/CNwPjTpzSyA_000003_000013.mp4,eating burger,109
3273,data/k400/train/EvYDJXh97Rk_000059_000069.mp4,eating burger,109
3274,data/k400/train/FlXmliAqSIg_000019_000029.mp4,eating burger,109
3275,data/k400/train/Fxndn2nsPmI_000222_000232.mp4,eating burger,109
3276,data/k400/train/HGzf6fFKJXs_000014_000024.mp4,eating burger,109
3277,data/k400/train/IhGacXhYn4c_000060_000070.mp4,eating burger,109
3278,data/k400/train/JOEEHLi5xMw_000004_000014.mp4,eating burger,109
3279,data/k400/train/JSmDXYyVu10_000001_000011.mp4,eating burger,109
3280,data/k400/train/JsNHniEnqDU_000256_000266.mp4,eating burger,109
3281,data/k400/train/JteaJTqnVaA_000007_000017.mp4,eating burger,109
3282,data/k400/train/KQLZgTPN1ps_000006_000016.mp4,eating burger,109
3283,data/k400/train/Oo1McG1EeA0_000089_000099.mp4,eating burger,109
3284,data/k400/train/PCpKX83dfZM_000157_000167.mp4,eating burger,109
3285,data/k400/train/R3i4ZGOrs_M_000139_000149.mp4,eating burger,109
3286,data/k400/train/RHcCktMdUek_000054_000064.mp4,eating burger,109
3287,data/k400/train/S9OJsTlALK0_000011_000021.mp4,eating burger,109
3288,data/k400/train/WA7v5Zjx_XE_000014_000024.mp4,eating burger,109
3289,data/k400/train/Y8Xm5igVRxw_000001_000011.mp4,eating burger,109
3290,data/k400/train/YakcTOPhGmo_000003_000013.mp4,eating burger,109
3291,data/k400/train/_WijOegXa_Q_000391_000401.mp4,eating burger,109
3292,data/k400/train/abPTzJV9tIk_000000_000010.mp4,eating burger,109
3293,data/k400/train/cT82_HMBvxE_000004_000014.mp4,eating burger,109
3294,data/k400/train/d-Z-tQehbuo_000040_000050.mp4,eating burger,109
3295,data/k400/train/dZkS5sX2sJM_000069_000079.mp4,eating burger,109
3296,data/k400/train/dhgSWXs9UaE_000029_000039.mp4,eating burger,109
3297,data/k400/train/evUMNnrwNu0_000014_000024.mp4,eating burger,109
3298,data/k400/train/gNV7XWW0e90_000057_000067.mp4,eating burger,109
3299,data/k400/train/jC7-fQToO2o_000017_000027.mp4,eating burger,109
3300,data/k400/train/ls7oOV8U2_g_000028_000038.mp4,eating burger,109
3301,data/k400/train/p0B1xs4YjdM_000191_000201.mp4,eating burger,109
3302,data/k400/train/p_l3JvvpLCg_000000_000010.mp4,eating burger,109
3303,data/k400/train/qGKZU3cQ3mw_000113_000123.mp4,eating burger,109
3304,data/k400/train/qSZQtMBrx7k_000000_000010.mp4,eating burger,109
3305,data/k400/train/qw0rZ5nCYMk_000590_000600.mp4,eating burger,109
3306,data/k400/train/r7ybPM3zCoQ_000009_000019.mp4,eating burger,109
3307,data/k400/train/w9k7SP_ayd0_000099_000109.mp4,eating burger,109
3308,data/k400/train/wDhJHG-co-E_000023_000033.mp4,eating burger,109
3309,data/k400/train/yNWf-x8aV-I_000079_000089.mp4,eating burger,109
3310,data/k400/train/ylWJ5_2wKc8_000012_000022.mp4,eating burger,109
3311,data/k400/train/1rLgHXNOoqI_000013_000023.mp4,eating cake,110
3312,data/k400/train/2DMxUUkDgFI_000002_000012.mp4,eating cake,110
3313,data/k400/train/Cdix4xm1qaI_000022_000032.mp4,eating cake,110
3314,data/k400/train/GQC-UszS414_000014_000024.mp4,eating cake,110
3315,data/k400/train/GaeGbxvAuQg_000029_000039.mp4,eating cake,110
3316,data/k400/train/GpGsPpYeybo_000031_000041.mp4,eating cake,110
3317,data/k400/train/HUWwtuQpAHE_000335_000345.mp4,eating cake,110
3318,data/k400/train/LI9lVI3lwY4_000038_000048.mp4,eating cake,110
3319,data/k400/train/MBTwMp0L4Gw_000165_000175.mp4,eating cake,110
3320,data/k400/train/OGFo9hC6bHA_000041_000051.mp4,eating cake,110
3321,data/k400/train/Q3pbU1uWImI_000019_000029.mp4,eating cake,110
3322,data/k400/train/QFV1lBMb8-k_000002_000012.mp4,eating cake,110
3323,data/k400/train/RtHD1I-sjA0_000041_000051.mp4,eating cake,110
3324,data/k400/train/VasMl1ESheU_000016_000026.mp4,eating cake,110
3325,data/k400/train/Y2AvOlkaEdg_000005_000015.mp4,eating cake,110
3326,data/k400/train/aw4ahjnxKyg_000027_000037.mp4,eating cake,110
3327,data/k400/train/ecvm9lvlbfM_000029_000039.mp4,eating cake,110
3328,data/k400/train/feg_V4e2rVA_000016_000026.mp4,eating cake,110
3329,data/k400/train/i-hRZKbccsk_000007_000017.mp4,eating cake,110
3330,data/k400/train/iMG1zP3tr7Q_000029_000039.mp4,eating cake,110
3331,data/k400/train/o09sy9oet4Y_000004_000014.mp4,eating cake,110
3332,data/k400/train/rGkudCnBZ8w_000378_000388.mp4,eating cake,110
3333,data/k400/train/-drAc7uvFBc_000039_000049.mp4,eating carrots,111
3334,data/k400/train/4yXJGJJikXY_000007_000017.mp4,eating carrots,111
3335,data/k400/train/7ojtnCZOEA8_000005_000015.mp4,eating carrots,111
3336,data/k400/train/AdZ92vVFOI8_000016_000026.mp4,eating carrots,111
3337,data/k400/train/Jo3ieEFm4Zk_000051_000061.mp4,eating carrots,111
3338,data/k400/train/KtvpXgW8MHE_000001_000011.mp4,eating carrots,111
3339,data/k400/train/MVOr9NiCUbI_000029_000039.mp4,eating carrots,111
3340,data/k400/train/MgZooo_O_yY_000087_000097.mp4,eating carrots,111
3341,data/k400/train/MsvRymjRpJY_000054_000064.mp4,eating carrots,111
3342,data/k400/train/P0X_LxRCu2I_000004_000014.mp4,eating carrots,111
3343,data/k400/train/Rgd6L-ultd8_000047_000057.mp4,eating carrots,111
3344,data/k400/train/UQXv2PhQptY_000001_000011.mp4,eating carrots,111
3345,data/k400/train/WMwLjKiISjY_000044_000054.mp4,eating carrots,111
3346,data/k400/train/bBCHuEDw99s_000347_000357.mp4,eating carrots,111
3347,data/k400/train/iutcN0hsFcw_000019_000029.mp4,eating carrots,111
3348,data/k400/train/lvtG3eFarAc_000001_000011.mp4,eating carrots,111
3349,data/k400/train/qA11okZX-7k_000002_000012.mp4,eating carrots,111
3350,data/k400/train/uX8heKRFh7U_000051_000061.mp4,eating carrots,111
3351,data/k400/train/uYXUaZ9m_vE_000178_000188.mp4,eating carrots,111
3352,data/k400/train/wRFtZXEFN4A_000112_000122.mp4,eating carrots,111
3353,data/k400/train/xBxthIT9WYk_000495_000505.mp4,eating carrots,111
3354,data/k400/train/yXSe601ENkM_000062_000072.mp4,eating carrots,111
3355,data/k400/train/ztVkwnuergY_000116_000126.mp4,eating carrots,111
3356,data/k400/train/-S1QIxO-t1o_000085_000095.mp4,eating chips,112
3357,data/k400/train/70RMIiovmjU_000014_000024.mp4,eating chips,112
3358,data/k400/train/8o4N4iwNJfc_000006_000016.mp4,eating chips,112
3359,data/k400/train/9nmfDU4b0bs_000041_000051.mp4,eating chips,112
3360,data/k400/train/BMvzFZPCalA_000013_000023.mp4,eating chips,112
3361,data/k400/train/IUaCghSF3AA_000001_000011.mp4,eating chips,112
3362,data/k400/train/IztMZhRhDmA_000011_000021.mp4,eating chips,112
3363,data/k400/train/MQxdaQXFAO0_000234_000244.mp4,eating chips,112
3364,data/k400/train/MpGqGq002Qg_000183_000193.mp4,eating chips,112
3365,data/k400/train/VCFXo1kxhtI_000000_000010.mp4,eating chips,112
3366,data/k400/train/VZ-G3cBPPsI_000034_000044.mp4,eating chips,112
3367,data/k400/train/WhYTXKWakk4_000000_000010.mp4,eating chips,112
3368,data/k400/train/aQkjUUhTohg_000000_000010.mp4,eating chips,112
3369,data/k400/train/fwOvg-rDonU_000000_000010.mp4,eating chips,112
3370,data/k400/train/g9FZXmpAKYw_000137_000147.mp4,eating chips,112
3371,data/k400/train/hW2f1d8u5lQ_000014_000024.mp4,eating chips,112
3372,data/k400/train/kJtCzI-vFTs_000018_000028.mp4,eating chips,112
3373,data/k400/train/lFuWPKb1uIA_000050_000060.mp4,eating chips,112
3374,data/k400/train/m-BmZfJcgqw_000003_000013.mp4,eating chips,112
3375,data/k400/train/plISkPvf1Uw_000120_000130.mp4,eating chips,112
3376,data/k400/train/rkY7d7hZXos_000044_000054.mp4,eating chips,112
3377,data/k400/train/v1ycmD9b4gI_000391_000401.mp4,eating chips,112
3378,data/k400/train/vL3dOdaf4lQ_000000_000010.mp4,eating chips,112
3379,data/k400/train/wGehlQys_nA_000063_000073.mp4,eating chips,112
3380,data/k400/train/y5a1Dgkr1iI_000066_000076.mp4,eating chips,112
3381,data/k400/train/-4rQAS_gF_U_000042_000052.mp4,eating doughnuts,113
3382,data/k400/train/2lkP6WX1JqE_000034_000044.mp4,eating doughnuts,113
3383,data/k400/train/3S4RfsZcmGM_000026_000036.mp4,eating doughnuts,113
3384,data/k400/train/4vk35gpzDvQ_000010_000020.mp4,eating doughnuts,113
3385,data/k400/train/6I5c1jIcZPI_000057_000067.mp4,eating doughnuts,113
3386,data/k400/train/A10SQOB2tJw_000018_000028.mp4,eating doughnuts,113
3387,data/k400/train/D2JXS_hBjgU_000074_000084.mp4,eating doughnuts,113
3388,data/k400/train/FYuEYAQ-vpM_000005_000015.mp4,eating doughnuts,113
3389,data/k400/train/H6w18CC97xQ_000009_000019.mp4,eating doughnuts,113
3390,data/k400/train/HDWRXdh545E_000003_000013.mp4,eating doughnuts,113
3391,data/k400/train/Igt0otgcaNA_000085_000095.mp4,eating doughnuts,113
3392,data/k400/train/KrJap2wYcC8_000038_000048.mp4,eating doughnuts,113
3393,data/k400/train/LsPaK_ePhl8_000187_000197.mp4,eating doughnuts,113
3394,data/k400/train/PHHSesnR9po_000061_000071.mp4,eating doughnuts,113
3395,data/k400/train/Pm3PZJ50IWU_000072_000082.mp4,eating doughnuts,113
3396,data/k400/train/RXPTJananc0_000108_000118.mp4,eating doughnuts,113
3397,data/k400/train/cjYnTgD1Ltw_000016_000026.mp4,eating doughnuts,113
3398,data/k400/train/sozaqRM19CY_000007_000017.mp4,eating doughnuts,113
3399,data/k400/train/tUhXwSpNdH8_000000_000010.mp4,eating doughnuts,113
3400,data/k400/train/u1btJABTo1E_000081_000091.mp4,eating doughnuts,113
3401,data/k400/train/udDy77mh1nQ_000138_000148.mp4,eating doughnuts,113
3402,data/k400/train/vJAkn35zy2A_000040_000050.mp4,eating doughnuts,113
3403,data/k400/train/wzJz2yyQ8T4_000028_000038.mp4,eating doughnuts,113
3404,data/k400/train/4jITw_7Yfk0_000030_000040.mp4,eating hotdog,114
3405,data/k400/train/5yKx_NuBV8w_000048_000058.mp4,eating hotdog,114
3406,data/k400/train/DZPuqhtKqYU_000195_000205.mp4,eating hotdog,114
3407,data/k400/train/Rqzc0TmS2S8_000068_000078.mp4,eating hotdog,114
3408,data/k400/train/VJuvOemnpLI_000010_000020.mp4,eating hotdog,114
3409,data/k400/train/d9Cqzmx2rAg_000134_000144.mp4,eating hotdog,114
3410,data/k400/train/iuByXy9HdkQ_000577_000587.mp4,eating hotdog,114
3411,data/k400/train/jEBvoW5w_-0_000094_000104.mp4,eating hotdog,114
3412,data/k400/train/mo5eQ2y1P3k_000111_000121.mp4,eating hotdog,114
3413,data/k400/train/pMUUxQfPxQQ_000006_000016.mp4,eating hotdog,114
3414,data/k400/train/sHsIYIUCyV4_000256_000266.mp4,eating hotdog,114
3415,data/k400/train/t-V5s6B2NNo_000000_000010.mp4,eating hotdog,114
3416,data/k400/train/1x0kc937VCs_000092_000102.mp4,eating ice cream,115
3417,data/k400/train/6zSr6xUdZrs_000120_000130.mp4,eating ice cream,115
3418,data/k400/train/B_aJHGI6SnI_000034_000044.mp4,eating ice cream,115
3419,data/k400/train/DGwARpte2fk_000001_000011.mp4,eating ice cream,115
3420,data/k400/train/Hkau5CDB2xo_000003_000013.mp4,eating ice cream,115
3421,data/k400/train/Js_kLKAMxSM_000012_000022.mp4,eating ice cream,115
3422,data/k400/train/KW-L0sGNQ9w_000031_000041.mp4,eating ice cream,115
3423,data/k400/train/PI0yL4SFrYo_000001_000011.mp4,eating ice cream,115
3424,data/k400/train/QIDedA53cQI_000023_000033.mp4,eating ice cream,115
3425,data/k400/train/QxeIGeS2kzU_000051_000061.mp4,eating ice cream,115
3426,data/k400/train/R-WLzEEMp00_000120_000130.mp4,eating ice cream,115
3427,data/k400/train/S7CHZI3Kn-Y_000010_000020.mp4,eating ice cream,115
3428,data/k400/train/UQFSnNjnkWU_000016_000026.mp4,eating ice cream,115
3429,data/k400/train/ZA06HyAPHZ8_000009_000019.mp4,eating ice cream,115
3430,data/k400/train/_KvLjXaean4_000303_000313.mp4,eating ice cream,115
3431,data/k400/train/_LMykjP85Uc_000023_000033.mp4,eating ice cream,115
3432,data/k400/train/aLb3PpudOXg_000006_000016.mp4,eating ice cream,115
3433,data/k400/train/ckn_YWZ28Yw_000006_000016.mp4,eating ice cream,115
3434,data/k400/train/eFrSYOLZ-ZM_000022_000032.mp4,eating ice cream,115
3435,data/k400/train/gGm1HiYuiWg_000122_000132.mp4,eating ice cream,115
3436,data/k400/train/gkP-8SwvCPU_000100_000110.mp4,eating ice cream,115
3437,data/k400/train/iL0l2XZzK2k_000013_000023.mp4,eating ice cream,115
3438,data/k400/train/jIWGjpqCwJE_000164_000174.mp4,eating ice cream,115
3439,data/k400/train/jPywzha0oXo_000011_000021.mp4,eating ice cream,115
3440,data/k400/train/jeYuBA44TH0_000001_000011.mp4,eating ice cream,115
3441,data/k400/train/jr3CqR7e49g_000003_000013.mp4,eating ice cream,115
3442,data/k400/train/kymyQSR7z2s_000000_000010.mp4,eating ice cream,115
3443,data/k400/train/owSmScXmPK0_000001_000011.mp4,eating ice cream,115
3444,data/k400/train/qVJgchNaqgU_000003_000013.mp4,eating ice cream,115
3445,data/k400/train/rHfdPI6hKVI_000003_000013.mp4,eating ice cream,115
3446,data/k400/train/rkUmFEuA0aQ_000053_000063.mp4,eating ice cream,115
3447,data/k400/train/sW8fu3M9rPE_000000_000010.mp4,eating ice cream,115
3448,data/k400/train/uu_I0csjvVY_000019_000029.mp4,eating ice cream,115
3449,data/k400/train/vDJpknyu3U0_000004_000014.mp4,eating ice cream,115
3450,data/k400/train/vQHbWUydleY_000029_000039.mp4,eating ice cream,115
3451,data/k400/train/wqh0Tg2M9ow_000006_000016.mp4,eating ice cream,115
3452,data/k400/train/y7cQPTF9R68_000003_000013.mp4,eating ice cream,115
3453,data/k400/train/-MytqRwRwBg_000007_000017.mp4,eating spaghetti,116
3454,data/k400/train/12WWbRUbOms_000072_000082.mp4,eating spaghetti,116
3455,data/k400/train/1itTAI1TWpk_000007_000017.mp4,eating spaghetti,116
3456,data/k400/train/8QzONtiWSGk_000036_000046.mp4,eating spaghetti,116
3457,data/k400/train/8lTtso32yII_000038_000048.mp4,eating spaghetti,116
3458,data/k400/train/DCnK9FqtSkU_000008_000018.mp4,eating spaghetti,116
3459,data/k400/train/DVKEG7025Us_000017_000027.mp4,eating spaghetti,116
3460,data/k400/train/E-VXPQg4W60_000006_000016.mp4,eating spaghetti,116
3461,data/k400/train/ERAKj92azJg_000009_000019.mp4,eating spaghetti,116
3462,data/k400/train/F5nrRP5oR80_000055_000065.mp4,eating spaghetti,116
3463,data/k400/train/JM-gNWGxHRo_000069_000079.mp4,eating spaghetti,116
3464,data/k400/train/K5cBiGgqoko_000014_000024.mp4,eating spaghetti,116
3465,data/k400/train/KT5c7PiQfiQ_000002_000012.mp4,eating spaghetti,116
3466,data/k400/train/LQ3T8pJLl0Q_000010_000020.mp4,eating spaghetti,116
3467,data/k400/train/N9lWZFm5syY_000230_000240.mp4,eating spaghetti,116
3468,data/k400/train/OSixbY--Vds_000002_000012.mp4,eating spaghetti,116
3469,data/k400/train/Osi-3o1uU-o_000002_000012.mp4,eating spaghetti,116
3470,data/k400/train/Q4p1C0M9Fz4_000044_000054.mp4,eating spaghetti,116
3471,data/k400/train/R0KwgOU6YAY_000001_000011.mp4,eating spaghetti,116
3472,data/k400/train/SE9WfG0yo0A_000033_000043.mp4,eating spaghetti,116
3473,data/k400/train/ZSFymdJbq3s_000000_000010.mp4,eating spaghetti,116
3474,data/k400/train/_56Z8PZ6zl8_000079_000089.mp4,eating spaghetti,116
3475,data/k400/train/_rssCV2XxGg_000020_000030.mp4,eating spaghetti,116
3476,data/k400/train/bhmfdquWVsU_000035_000045.mp4,eating spaghetti,116
3477,data/k400/train/cOFsoUQWj7I_000224_000234.mp4,eating spaghetti,116
3478,data/k400/train/czRrswCquoM_000018_000028.mp4,eating spaghetti,116
3479,data/k400/train/dr7dY5FgrfM_000004_000014.mp4,eating spaghetti,116
3480,data/k400/train/fYg6YZwcArM_000001_000011.mp4,eating spaghetti,116
3481,data/k400/train/fhcgjG7RXdk_000020_000030.mp4,eating spaghetti,116
3482,data/k400/train/fkGpC7cEf8M_000005_000015.mp4,eating spaghetti,116
3483,data/k400/train/gIoJM_leZDk_000080_000090.mp4,eating spaghetti,116
3484,data/k400/train/gf6c_VwvdSM_000002_000012.mp4,eating spaghetti,116
3485,data/k400/train/i93OTpMSTqQ_000052_000062.mp4,eating spaghetti,116
3486,data/k400/train/j26MRJafa8A_000368_000378.mp4,eating spaghetti,116
3487,data/k400/train/j2oDiwR70tM_000001_000011.mp4,eating spaghetti,116
3488,data/k400/train/qxz4QsD_QdM_000003_000013.mp4,eating spaghetti,116
3489,data/k400/train/r6x-8dRvSPo_000030_000040.mp4,eating spaghetti,116
3490,data/k400/train/uDzIhHSPUtc_000084_000094.mp4,eating spaghetti,116
3491,data/k400/train/vZNTxMsd6Wg_000028_000038.mp4,eating spaghetti,116
3492,data/k400/train/ytQMZmgSUCE_000086_000096.mp4,eating spaghetti,116
3493,data/k400/train/z_qEuIpu6KI_000025_000035.mp4,eating spaghetti,116
3494,data/k400/train/31LazXkQKyw_000061_000071.mp4,eating watermelon,117
3495,data/k400/train/5jTAxu0w2f0_000004_000014.mp4,eating watermelon,117
3496,data/k400/train/7onfKLq-3Kw_000045_000055.mp4,eating watermelon,117
3497,data/k400/train/Gk8BDejss68_000015_000025.mp4,eating watermelon,117
3498,data/k400/train/Gt7YtDehFuA_000076_000086.mp4,eating watermelon,117
3499,data/k400/train/H8I040i-AbE_000011_000021.mp4,eating watermelon,117
3500,data/k400/train/JJjcMACoPvA_000031_000041.mp4,eating watermelon,117
3501,data/k400/train/Lk3XJezqLtk_000102_000112.mp4,eating watermelon,117
3502,data/k400/train/Oak-1BV-pqA_000033_000043.mp4,eating watermelon,117
3503,data/k400/train/Qi7Ock6p4Cc_000032_000042.mp4,eating watermelon,117
3504,data/k400/train/USz6D7HmIAM_000003_000013.mp4,eating watermelon,117
3505,data/k400/train/cVmxHDEE3z8_000020_000030.mp4,eating watermelon,117
3506,data/k400/train/cgxXO7_WHDY_000004_000014.mp4,eating watermelon,117
3507,data/k400/train/gvxo9ow4lHI_000012_000022.mp4,eating watermelon,117
3508,data/k400/train/nk3LdtI16zk_000036_000046.mp4,eating watermelon,117
3509,data/k400/train/sMUE8dUgZXE_000016_000026.mp4,eating watermelon,117
3510,data/k400/train/siFUAKMRcVU_000001_000011.mp4,eating watermelon,117
3511,data/k400/train/uNjT6REuOz8_000009_000019.mp4,eating watermelon,117
3512,data/k400/train/4Obe7rJ0pz8_000001_000011.mp4,egg hunting,118
3513,data/k400/train/7dIa1UCfyKg_000120_000130.mp4,egg hunting,118
3514,data/k400/train/F1NazPVujNM_000003_000013.mp4,egg hunting,118
3515,data/k400/train/F2cULjnrMvc_000107_000117.mp4,egg hunting,118
3516,data/k400/train/OMrYQ6mGFD8_000038_000048.mp4,egg hunting,118
3517,data/k400/train/RVhR_UR-IPs_000000_000010.mp4,egg hunting,118
3518,data/k400/train/UQOPfmwBb2g_000375_000385.mp4,egg hunting,118
3519,data/k400/train/WKeOAueSSg4_000088_000098.mp4,egg hunting,118
3520,data/k400/train/fZKpQA5uViI_000168_000178.mp4,egg hunting,118
3521,data/k400/train/hl_fBZnK_QM_000115_000125.mp4,egg hunting,118
3522,data/k400/train/jmcVhLY8gNg_000097_000107.mp4,egg hunting,118
3523,data/k400/train/owuZdntJlNI_000000_000010.mp4,egg hunting,118
3524,data/k400/train/rYmhcDn6oVU_000053_000063.mp4,egg hunting,118
3525,data/k400/train/3_u4Bsxgd5Y_000040_000050.mp4,exercising arm,119
3526,data/k400/train/6I-x-Km5rng_000006_000016.mp4,exercising arm,119
3527,data/k400/train/6e8Z-pLDs7c_000008_000018.mp4,exercising arm,119
3528,data/k400/train/IuoH8e0-p6Y_000004_000014.mp4,exercising arm,119
3529,data/k400/train/R1zHj1S9QEI_000029_000039.mp4,exercising arm,119
3530,data/k400/train/T_B6GVlX9jA_000001_000011.mp4,exercising arm,119
3531,data/k400/train/hNbgOywMFww_000005_000015.mp4,exercising arm,119
3532,data/k400/train/hV-TKTCmKx0_000000_000010.mp4,exercising arm,119
3533,data/k400/train/i_Br_6ugVSQ_000031_000041.mp4,exercising arm,119
3534,data/k400/train/pwg8vmUJBzk_000000_000010.mp4,exercising arm,119
3535,data/k400/train/tfZS0Ge6bcw_000001_000011.mp4,exercising arm,119
3536,data/k400/train/zNtoGbORYtE_000003_000013.mp4,exercising arm,119
3537,data/k400/train/Aw-eKls0E1M_000044_000054.mp4,exercising with an exercise ball,120
3538,data/k400/train/BXR3vfKLX98_000018_000028.mp4,exercising with an exercise ball,120
3539,data/k400/train/GZg_8-FoZAQ_000367_000377.mp4,exercising with an exercise ball,120
3540,data/k400/train/JtGbzX1upik_000070_000080.mp4,exercising with an exercise ball,120
3541,data/k400/train/NULM4Vh0VLk_000058_000068.mp4,exercising with an exercise ball,120
3542,data/k400/train/OHSPauKssrc_000263_000273.mp4,exercising with an exercise ball,120
3543,data/k400/train/Qo-WupBkzkQ_000044_000054.mp4,exercising with an exercise ball,120
3544,data/k400/train/eV8b_inLUd4_000002_000012.mp4,exercising with an exercise ball,120
3545,data/k400/train/fbVpK67j_hE_000031_000041.mp4,exercising with an exercise ball,120
3546,data/k400/train/qhnRZhxuQ6c_000039_000049.mp4,exercising with an exercise ball,120
3547,data/k400/train/ySqNIlXZ9nY_000052_000062.mp4,exercising with an exercise ball,120
3548,data/k400/train/yxUanam1k3A_000373_000383.mp4,exercising with an exercise ball,120
3549,data/k400/train/-HTSu7LEGLI_000013_000023.mp4,extinguishing fire,121
3550,data/k400/train/10pl8VN2Un4_000051_000061.mp4,extinguishing fire,121
3551,data/k400/train/90vFhiY0oSc_000077_000087.mp4,extinguishing fire,121
3552,data/k400/train/9OfwcKz3Ewg_000089_000099.mp4,extinguishing fire,121
3553,data/k400/train/9xJJZdw0QgQ_000000_000010.mp4,extinguishing fire,121
3554,data/k400/train/AG37ivEungg_000349_000359.mp4,extinguishing fire,121
3555,data/k400/train/FkzxvSTCEDY_000030_000040.mp4,extinguishing fire,121
3556,data/k400/train/K3Z8buUz1q0_000353_000363.mp4,extinguishing fire,121
3557,data/k400/train/KWEo_djhTBU_000002_000012.mp4,extinguishing fire,121
3558,data/k400/train/TMAld8qWRd8_000460_000470.mp4,extinguishing fire,121
3559,data/k400/train/W81U_T_PhVw_000012_000022.mp4,extinguishing fire,121
3560,data/k400/train/XWTB2n-n9Tw_000138_000148.mp4,extinguishing fire,121
3561,data/k400/train/_BEWgH7toWw_000124_000134.mp4,extinguishing fire,121
3562,data/k400/train/bQmOToET8BQ_000117_000127.mp4,extinguishing fire,121
3563,data/k400/train/eLk9PTvOfvY_000036_000046.mp4,extinguishing fire,121
3564,data/k400/train/g1p7WMTTT_M_000044_000054.mp4,extinguishing fire,121
3565,data/k400/train/kK5nNKiwPBg_000027_000037.mp4,extinguishing fire,121
3566,data/k400/train/mBD-1KJN4e0_000036_000046.mp4,extinguishing fire,121
3567,data/k400/train/nwJjIihzxRg_000025_000035.mp4,extinguishing fire,121
3568,data/k400/train/xQEDVRNkTcQ_000001_000011.mp4,extinguishing fire,121
3569,data/k400/train/y5Z509g2m_A_000020_000030.mp4,extinguishing fire,121
3570,data/k400/train/1bCSvLwE8A8_000003_000013.mp4,faceplanting,122
3571,data/k400/train/30JlXT8ck2s_000003_000013.mp4,faceplanting,122
3572,data/k400/train/367KCUMu3AU_000002_000012.mp4,faceplanting,122
3573,data/k400/train/5dBPyR3MrKA_000004_000014.mp4,faceplanting,122
3574,data/k400/train/ETN5x45Bnn0_000020_000030.mp4,faceplanting,122
3575,data/k400/train/IvUCa6cFBFs_000014_000024.mp4,faceplanting,122
3576,data/k400/train/O4p6HSQ76k0_000006_000016.mp4,faceplanting,122
3577,data/k400/train/THC94v0c9hk_000001_000011.mp4,faceplanting,122
3578,data/k400/train/lLaJtNtOlpw_000010_000020.mp4,faceplanting,122
3579,data/k400/train/qBk1nbPMDdw_000012_000022.mp4,faceplanting,122
3580,data/k400/train/rDuqstGnIn8_000005_000015.mp4,faceplanting,122
3581,data/k400/train/--PyMoD3_eg_000020_000030.mp4,feeding birds,123
3582,data/k400/train/-yTIisA8eNI_000064_000074.mp4,feeding birds,123
3583,data/k400/train/0HssmdVwSD4_000047_000057.mp4,feeding birds,123
3584,data/k400/train/0O8w8zn8qSc_000000_000010.mp4,feeding birds,123
3585,data/k400/train/1T99mI3sfm4_000033_000043.mp4,feeding birds,123
3586,data/k400/train/1ohsqnwy5NA_000010_000020.mp4,feeding birds,123
3587,data/k400/train/4-9PARnQ4LM_000030_000040.mp4,feeding birds,123
3588,data/k400/train/43N9ASNW_cU_000043_000053.mp4,feeding birds,123
3589,data/k400/train/4JjzyvVKwAU_000021_000031.mp4,feeding birds,123
3590,data/k400/train/7PUzaYTG17s_000000_000010.mp4,feeding birds,123
3591,data/k400/train/8dV3-gNBxwE_000001_000011.mp4,feeding birds,123
3592,data/k400/train/8fnDbyTGbKI_000027_000037.mp4,feeding birds,123
3593,data/k400/train/E_hXjkhqDAU_000004_000014.mp4,feeding birds,123
3594,data/k400/train/GFzxL_Mdhdg_000013_000023.mp4,feeding birds,123
3595,data/k400/train/GZvwobPSSrQ_000071_000081.mp4,feeding birds,123
3596,data/k400/train/H_C90lUyBLQ_000003_000013.mp4,feeding birds,123
3597,data/k400/train/ILLMU4Z9xvE_000008_000018.mp4,feeding birds,123
3598,data/k400/train/Iyp80Kl8XIk_000043_000053.mp4,feeding birds,123
3599,data/k400/train/J1ed-2-epjA_000015_000025.mp4,feeding birds,123
3600,data/k400/train/JWspruxOky0_000018_000028.mp4,feeding birds,123
3601,data/k400/train/MPxrLKtiiJQ_000024_000034.mp4,feeding birds,123
3602,data/k400/train/MrlU_uK0E3A_000002_000012.mp4,feeding birds,123
3603,data/k400/train/NJoxPNhDJWA_000032_000042.mp4,feeding birds,123
3604,data/k400/train/PGD9QmIrr8M_000011_000021.mp4,feeding birds,123
3605,data/k400/train/RAq1TE42kL0_000168_000178.mp4,feeding birds,123
3606,data/k400/train/UwtETsKCPsw_000057_000067.mp4,feeding birds,123
3607,data/k400/train/V_MG2EpmAaA_000000_000010.mp4,feeding birds,123
3608,data/k400/train/W_HykH7oEj0_000041_000051.mp4,feeding birds,123
3609,data/k400/train/YcxwNbjhxfg_000009_000019.mp4,feeding birds,123
3610,data/k400/train/_S_rkMafZgk_000151_000161.mp4,feeding birds,123
3611,data/k400/train/_mfM1oUCtV4_000002_000012.mp4,feeding birds,123
3612,data/k400/train/dbQ3aZLIwS4_000205_000215.mp4,feeding birds,123
3613,data/k400/train/hozHqWgh25Y_000012_000022.mp4,feeding birds,123
3614,data/k400/train/i-TUJ_uQgrI_000017_000027.mp4,feeding birds,123
3615,data/k400/train/ilHFt2icUT8_000042_000052.mp4,feeding birds,123
3616,data/k400/train/jcaq-yaMT6c_000013_000023.mp4,feeding birds,123
3617,data/k400/train/k-pmeWCHHmY_000061_000071.mp4,feeding birds,123
3618,data/k400/train/knBHrHS8Qu0_000036_000046.mp4,feeding birds,123
3619,data/k400/train/l5-1MKKgNqg_000025_000035.mp4,feeding birds,123
3620,data/k400/train/lPEz_8qnuiY_000014_000024.mp4,feeding birds,123
3621,data/k400/train/ll96QnuCQhE_000021_000031.mp4,feeding birds,123
3622,data/k400/train/mZeVTJ3YqMc_000002_000012.mp4,feeding birds,123
3623,data/k400/train/mhHdksZv0e0_000025_000035.mp4,feeding birds,123
3624,data/k400/train/mtJbbDKut68_000002_000012.mp4,feeding birds,123
3625,data/k400/train/n4AI77MbDiQ_000016_000026.mp4,feeding birds,123
3626,data/k400/train/nNlIphxSyW0_000000_000010.mp4,feeding birds,123
3627,data/k400/train/njHrtpfVLkA_000007_000017.mp4,feeding birds,123
3628,data/k400/train/pnTBkabGilA_000059_000069.mp4,feeding birds,123
3629,data/k400/train/ppQ1yxZZyBI_000004_000014.mp4,feeding birds,123
3630,data/k400/train/rryK1aDntrk_000001_000011.mp4,feeding birds,123
3631,data/k400/train/vSiTxNFfH_Y_000017_000027.mp4,feeding birds,123
3632,data/k400/train/yHucNka_v64_000179_000189.mp4,feeding birds,123
3633,data/k400/train/z4tr0lbYMu8_000103_000113.mp4,feeding birds,123
3634,data/k400/train/zb6bIO6ioFQ_000042_000052.mp4,feeding birds,123
3635,data/k400/train/14GQGPU0k9Q_000011_000021.mp4,feeding fish,124
3636,data/k400/train/2-44tHyZFU0_000011_000021.mp4,feeding fish,124
3637,data/k400/train/3Gvur4N1I3c_000103_000113.mp4,feeding fish,124
3638,data/k400/train/3a_B8TWU5TI_000003_000013.mp4,feeding fish,124
3639,data/k400/train/9n7WsmWcZQc_000016_000026.mp4,feeding fish,124
3640,data/k400/train/BCjENcIT-Ds_000010_000020.mp4,feeding fish,124
3641,data/k400/train/CqQk-k24VVU_000037_000047.mp4,feeding fish,124
3642,data/k400/train/DeXqANkmnaM_000004_000014.mp4,feeding fish,124
3643,data/k400/train/HJxT5fS7tsc_000161_000171.mp4,feeding fish,124
3644,data/k400/train/HXz2uG-fD9I_000100_000110.mp4,feeding fish,124
3645,data/k400/train/LZ_FXWTnszQ_000042_000052.mp4,feeding fish,124
3646,data/k400/train/PbRoYtynwdY_000001_000011.mp4,feeding fish,124
3647,data/k400/train/UOBBectz8NU_000004_000014.mp4,feeding fish,124
3648,data/k400/train/YSF-C5qfXPc_000022_000032.mp4,feeding fish,124
3649,data/k400/train/ZFBlrT7vgso_000001_000011.mp4,feeding fish,124
3650,data/k400/train/gg8SJWVItuk_000040_000050.mp4,feeding fish,124
3651,data/k400/train/hR5Z1PutMxc_000084_000094.mp4,feeding fish,124
3652,data/k400/train/k0ml8aNcH8o_000003_000013.mp4,feeding fish,124
3653,data/k400/train/mZEypr-pwLc_000011_000021.mp4,feeding fish,124
3654,data/k400/train/n6djwUjA9Uw_000038_000048.mp4,feeding fish,124
3655,data/k400/train/o0DHm4SjHqI_000104_000114.mp4,feeding fish,124
3656,data/k400/train/oLUVU3lruMc_000068_000078.mp4,feeding fish,124
3657,data/k400/train/pUVcYzNx5Qs_000017_000027.mp4,feeding fish,124
3658,data/k400/train/qrdL8ABwXZI_000007_000017.mp4,feeding fish,124
3659,data/k400/train/s6mrnr8FdxA_000016_000026.mp4,feeding fish,124
3660,data/k400/train/sT_ExHTYqKo_000011_000021.mp4,feeding fish,124
3661,data/k400/train/tAWJ__CjoJQ_000005_000015.mp4,feeding fish,124
3662,data/k400/train/tDSzPXL3mD0_000098_000108.mp4,feeding fish,124
3663,data/k400/train/wN22mFzViIk_000006_000016.mp4,feeding fish,124
3664,data/k400/train/-lOSt51AJeM_000010_000020.mp4,feeding goats,125
3665,data/k400/train/36WoM240L0E_000002_000012.mp4,feeding goats,125
3666,data/k400/train/3Xl5-47IHH4_000043_000053.mp4,feeding goats,125
3667,data/k400/train/3Z38euPxK8Y_000002_000012.mp4,feeding goats,125
3668,data/k400/train/AnGaPahxT9g_000001_000011.mp4,feeding goats,125
3669,data/k400/train/BzrRm1engDI_000013_000023.mp4,feeding goats,125
3670,data/k400/train/DAGB72lFb-g_000012_000022.mp4,feeding goats,125
3671,data/k400/train/EyBt7FSUp7Q_000031_000041.mp4,feeding goats,125
3672,data/k400/train/F1ghaW9trQ4_000001_000011.mp4,feeding goats,125
3673,data/k400/train/F9tfaIrZsM4_000044_000054.mp4,feeding goats,125
3674,data/k400/train/GrvDzYz28EU_000000_000010.mp4,feeding goats,125
3675,data/k400/train/GsDk-wAjpag_000002_000012.mp4,feeding goats,125
3676,data/k400/train/L3G8_rCBiCA_000017_000027.mp4,feeding goats,125
3677,data/k400/train/LIwMgqKuHwE_000036_000046.mp4,feeding goats,125
3678,data/k400/train/N4CQE82zYtI_000001_000011.mp4,feeding goats,125
3679,data/k400/train/OGit_12f35s_000010_000020.mp4,feeding goats,125
3680,data/k400/train/OMpK44J1gts_000021_000031.mp4,feeding goats,125
3681,data/k400/train/OToPHDE5EYc_000027_000037.mp4,feeding goats,125
3682,data/k400/train/PVdI81G_oYg_000022_000032.mp4,feeding goats,125
3683,data/k400/train/Q5raEWLNnGs_000001_000011.mp4,feeding goats,125
3684,data/k400/train/QqcmwdzDTDk_000027_000037.mp4,feeding goats,125
3685,data/k400/train/RCH283SodBk_000036_000046.mp4,feeding goats,125
3686,data/k400/train/TKXwbVdbBso_000041_000051.mp4,feeding goats,125
3687,data/k400/train/U9INelx5-Sk_000001_000011.mp4,feeding goats,125
3688,data/k400/train/UyZwQnCXU0k_000029_000039.mp4,feeding goats,125
3689,data/k400/train/XZxzTAuNUbk_000018_000028.mp4,feeding goats,125
3690,data/k400/train/Zd1fCaRf_NM_000030_000040.mp4,feeding goats,125
3691,data/k400/train/ZwXzQfILHGc_000004_000014.mp4,feeding goats,125
3692,data/k400/train/aFcbgUEjqRw_000006_000016.mp4,feeding goats,125
3693,data/k400/train/cG0hSC7CgBI_000083_000093.mp4,feeding goats,125
3694,data/k400/train/eAiO5tMuLSg_000050_000060.mp4,feeding goats,125
3695,data/k400/train/eLCgHLfRUts_000065_000075.mp4,feeding goats,125
3696,data/k400/train/hHYrMYM3z0E_000015_000025.mp4,feeding goats,125
3697,data/k400/train/hUhXtbJCVFM_000024_000034.mp4,feeding goats,125
3698,data/k400/train/iNC-vB7hJl4_000071_000081.mp4,feeding goats,125
3699,data/k400/train/ihu_DbvbtAQ_000083_000093.mp4,feeding goats,125
3700,data/k400/train/l-mb_2BDdEg_000066_000076.mp4,feeding goats,125
3701,data/k400/train/mZxOksUUMtc_000027_000037.mp4,feeding goats,125
3702,data/k400/train/obI87DVSSsY_000011_000021.mp4,feeding goats,125
3703,data/k400/train/q-BSyCPdlC0_000002_000012.mp4,feeding goats,125
3704,data/k400/train/rRXNDleKVDI_000000_000010.mp4,feeding goats,125
3705,data/k400/train/sKT0kxTxBhA_000005_000015.mp4,feeding goats,125
3706,data/k400/train/sPBXDZuWt4s_000005_000015.mp4,feeding goats,125
3707,data/k400/train/tlJN9RTRrMU_000087_000097.mp4,feeding goats,125
3708,data/k400/train/vQdqeOg9SSg_000030_000040.mp4,feeding goats,125
3709,data/k400/train/xvavUJDpwCM_000001_000011.mp4,feeding goats,125
3710,data/k400/train/y8kA2G6BSeo_000060_000070.mp4,feeding goats,125
3711,data/k400/train/1m50SSGbG2k_000148_000158.mp4,filling eyebrows,126
3712,data/k400/train/1z9PHf2YEMY_000154_000164.mp4,filling eyebrows,126
3713,data/k400/train/2IAgvjK8wuc_000091_000101.mp4,filling eyebrows,126
3714,data/k400/train/2Y9BnZW8ITo_000248_000258.mp4,filling eyebrows,126
3715,data/k400/train/2eOURrqRlcQ_000124_000134.mp4,filling eyebrows,126
3716,data/k400/train/3TohWdYZqOE_000150_000160.mp4,filling eyebrows,126
3717,data/k400/train/3rX-Aqk0inI_000143_000153.mp4,filling eyebrows,126
3718,data/k400/train/4Z_yrgRG80Q_000094_000104.mp4,filling eyebrows,126
3719,data/k400/train/51JT-bJeLjw_000066_000076.mp4,filling eyebrows,126
3720,data/k400/train/72vxOdy_1vo_000214_000224.mp4,filling eyebrows,126
3721,data/k400/train/7JuzMUp63Qc_000358_000368.mp4,filling eyebrows,126
3722,data/k400/train/9bNnFIcVAyI_000049_000059.mp4,filling eyebrows,126
3723,data/k400/train/Bs2Q_sfNayo_000330_000340.mp4,filling eyebrows,126
3724,data/k400/train/H47uqRxFOBQ_000075_000085.mp4,filling eyebrows,126
3725,data/k400/train/I7-WnLDzjKc_000205_000215.mp4,filling eyebrows,126
3726,data/k400/train/Jxio1t_OTUk_000095_000105.mp4,filling eyebrows,126
3727,data/k400/train/KUcBrwiyBD0_000154_000164.mp4,filling eyebrows,126
3728,data/k400/train/LWfDOOmNfaI_000132_000142.mp4,filling eyebrows,126
3729,data/k400/train/LYUfbRXLZd8_000133_000143.mp4,filling eyebrows,126
3730,data/k400/train/Q7mKXCXgFnY_000422_000432.mp4,filling eyebrows,126
3731,data/k400/train/RXkDbEgj1Ck_000056_000066.mp4,filling eyebrows,126
3732,data/k400/train/Va6c9fgJKpE_000031_000041.mp4,filling eyebrows,126
3733,data/k400/train/W9VbdHPUo54_000001_000011.mp4,filling eyebrows,126
3734,data/k400/train/XuLijXa0eqQ_000059_000069.mp4,filling eyebrows,126
3735,data/k400/train/YtA5M7TGj0Y_000070_000080.mp4,filling eyebrows,126
3736,data/k400/train/Z2LLVTmRycE_000072_000082.mp4,filling eyebrows,126
3737,data/k400/train/ZPxs6YlVq5c_000142_000152.mp4,filling eyebrows,126
3738,data/k400/train/h6WP8R3oBYI_000701_000711.mp4,filling eyebrows,126
3739,data/k400/train/hHB9EvN-11U_000091_000101.mp4,filling eyebrows,126
3740,data/k400/train/ipR-pe9UakY_000051_000061.mp4,filling eyebrows,126
3741,data/k400/train/j6peMvWHaDs_000002_000012.mp4,filling eyebrows,126
3742,data/k400/train/kZAx7N8r8TQ_000233_000243.mp4,filling eyebrows,126
3743,data/k400/train/kyoL3KCnNDw_000417_000427.mp4,filling eyebrows,126
3744,data/k400/train/medKEegzKwc_000223_000233.mp4,filling eyebrows,126
3745,data/k400/train/pBz_gsXervY_000563_000573.mp4,filling eyebrows,126
3746,data/k400/train/r0CPFGZpJCU_000291_000301.mp4,filling eyebrows,126
3747,data/k400/train/sHXCupDbLm8_000229_000239.mp4,filling eyebrows,126
3748,data/k400/train/t4pOcjRJ6gc_000020_000030.mp4,filling eyebrows,126
3749,data/k400/train/tEgwiaMtTd4_000321_000331.mp4,filling eyebrows,126
3750,data/k400/train/uwmD0UsRYoI_000275_000285.mp4,filling eyebrows,126
3751,data/k400/train/vzZ7gnm3HQI_000046_000056.mp4,filling eyebrows,126
3752,data/k400/train/wA8Lw6tpvpk_000242_000252.mp4,filling eyebrows,126
3753,data/k400/train/wW_ZHywJJyM_000066_000076.mp4,filling eyebrows,126
3754,data/k400/train/xwVgT_CJ5nI_000411_000421.mp4,filling eyebrows,126
3755,data/k400/train/yIG5EfhyFT8_000169_000179.mp4,filling eyebrows,126
3756,data/k400/train/z3V9S0XHGu8_000271_000281.mp4,filling eyebrows,126
3757,data/k400/train/3gEwVbpFaN8_000001_000011.mp4,finger snapping,127
3758,data/k400/train/3gv7KYaVDCs_000002_000012.mp4,finger snapping,127
3759,data/k400/train/6ta5uLZ4Efo_000002_000012.mp4,finger snapping,127
3760,data/k400/train/6wJnBrnVhKc_000049_000059.mp4,finger snapping,127
3761,data/k400/train/B0X7sXqmLrQ_000000_000010.mp4,finger snapping,127
3762,data/k400/train/GENtxozjOZg_000004_000014.mp4,finger snapping,127
3763,data/k400/train/HRJDgrGTQH8_000003_000013.mp4,finger snapping,127
3764,data/k400/train/HaUviaT2jGU_000175_000185.mp4,finger snapping,127
3765,data/k400/train/IudHd7d-NmU_000001_000011.mp4,finger snapping,127
3766,data/k400/train/J8rQ3N7nNt0_000009_000019.mp4,finger snapping,127
3767,data/k400/train/JEhH8QqbxTk_000004_000014.mp4,finger snapping,127
3768,data/k400/train/KNeNYjiZNM4_000001_000011.mp4,finger snapping,127
3769,data/k400/train/LwtFXNKKXyM_000011_000021.mp4,finger snapping,127
3770,data/k400/train/Mokn0pFoPCw_000001_000011.mp4,finger snapping,127
3771,data/k400/train/NtpgQAIinvI_000197_000207.mp4,finger snapping,127
3772,data/k400/train/OhiWO4OJALw_000004_000014.mp4,finger snapping,127
3773,data/k400/train/P4gC9T7bQVw_000001_000011.mp4,finger snapping,127
3774,data/k400/train/RB_QsE_GPMs_000002_000012.mp4,finger snapping,127
3775,data/k400/train/TKHaLZwguYI_000027_000037.mp4,finger snapping,127
3776,data/k400/train/WAbcI6ycNOg_000017_000027.mp4,finger snapping,127
3777,data/k400/train/YCI0oVNSCjo_000011_000021.mp4,finger snapping,127
3778,data/k400/train/b67G_ZuUhac_000000_000010.mp4,finger snapping,127
3779,data/k400/train/baHne8GGyxg_000001_000011.mp4,finger snapping,127
3780,data/k400/train/biNhKtn1PrE_000000_000010.mp4,finger snapping,127
3781,data/k400/train/eTeWPvqUzbo_000011_000021.mp4,finger snapping,127
3782,data/k400/train/f9MS4PF-tto_000061_000071.mp4,finger snapping,127
3783,data/k400/train/hC1NqOXV4Vk_000000_000010.mp4,finger snapping,127
3784,data/k400/train/iA6exFwkm-o_000010_000020.mp4,finger snapping,127
3785,data/k400/train/imWReGfjcdw_000001_000011.mp4,finger snapping,127
3786,data/k400/train/mWJa1mWdha4_000029_000039.mp4,finger snapping,127
3787,data/k400/train/p6VIZQAV5PQ_000009_000019.mp4,finger snapping,127
3788,data/k400/train/pvGDO2Py3sY_000015_000025.mp4,finger snapping,127
3789,data/k400/train/usWquZlBJOk_000001_000011.mp4,finger snapping,127
3790,data/k400/train/v-QuEKcN0JA_000018_000028.mp4,finger snapping,127
3791,data/k400/train/y8NOZiHVkiI_000037_000047.mp4,finger snapping,127
3792,data/k400/train/ynGDMYbdlNA_000051_000061.mp4,finger snapping,127
3793,data/k400/train/zvPJxblGXeo_000001_000011.mp4,finger snapping,127
3794,data/k400/train/-IWhEBQqXJE_000013_000023.mp4,fixing hair,128
3795,data/k400/train/9ni00tp_L2s_000047_000057.mp4,fixing hair,128
3796,data/k400/train/An6_L8NaWyQ_000010_000020.mp4,fixing hair,128
3797,data/k400/train/DKdeK8j32Rg_000110_000120.mp4,fixing hair,128
3798,data/k400/train/IKb0BHXq8Lc_000114_000124.mp4,fixing hair,128
3799,data/k400/train/IMYSRXodlZw_000201_000211.mp4,fixing hair,128
3800,data/k400/train/KwijfehHJf8_000118_000128.mp4,fixing hair,128
3801,data/k400/train/L2OZt13WwzE_000162_000172.mp4,fixing hair,128
3802,data/k400/train/LEz1iK0ySXA_000088_000098.mp4,fixing hair,128
3803,data/k400/train/OqXZyeH_71c_000006_000016.mp4,fixing hair,128
3804,data/k400/train/RZZDVS4nE0Y_000061_000071.mp4,fixing hair,128
3805,data/k400/train/TO8mXtdSJVo_000027_000037.mp4,fixing hair,128
3806,data/k400/train/Y1v1Z_dGbgI_000180_000190.mp4,fixing hair,128
3807,data/k400/train/ZYp3vjRQZQQ_000081_000091.mp4,fixing hair,128
3808,data/k400/train/hox73Y1uPrM_000070_000080.mp4,fixing hair,128
3809,data/k400/train/mVIr29GgdrA_000719_000729.mp4,fixing hair,128
3810,data/k400/train/t4yg03r9KT0_000004_000014.mp4,fixing hair,128
3811,data/k400/train/tdy_SnqISDI_000189_000199.mp4,fixing hair,128
3812,data/k400/train/zIck9AN_lAE_000047_000057.mp4,fixing hair,128
3813,data/k400/train/-XVjAQJ-IPI_000008_000018.mp4,flipping pancake,129
3814,data/k400/train/-ktn5tf901k_000000_000010.mp4,flipping pancake,129
3815,data/k400/train/4_vHmx038ec_000010_000020.mp4,flipping pancake,129
3816,data/k400/train/4y4juQqBMYo_000000_000010.mp4,flipping pancake,129
3817,data/k400/train/5iMQo-0ttQo_000023_000033.mp4,flipping pancake,129
3818,data/k400/train/FLVSpMplM5U_000002_000012.mp4,flipping pancake,129
3819,data/k400/train/GftdvOg901Y_000001_000011.mp4,flipping pancake,129
3820,data/k400/train/Ia-3HDa93PQ_000003_000013.mp4,flipping pancake,129
3821,data/k400/train/MfVB0etptfM_000000_000010.mp4,flipping pancake,129
3822,data/k400/train/OVQnh-cW9Pc_000000_000010.mp4,flipping pancake,129
3823,data/k400/train/X8odsh_mq4Y_000023_000033.mp4,flipping pancake,129
3824,data/k400/train/aQ6sI7zaTu4_000000_000010.mp4,flipping pancake,129
3825,data/k400/train/c_vCGELCWs4_000000_000010.mp4,flipping pancake,129
3826,data/k400/train/ggZBoCAVZWc_000000_000010.mp4,flipping pancake,129
3827,data/k400/train/kRzuijTTuEU_000000_000010.mp4,flipping pancake,129
3828,data/k400/train/l4C7UE0k5YA_000017_000027.mp4,flipping pancake,129
3829,data/k400/train/lc5cVoiD7H0_000022_000032.mp4,flipping pancake,129
3830,data/k400/train/mTsXuPCZbRY_000069_000079.mp4,flipping pancake,129
3831,data/k400/train/mgDVacMLN-s_000001_000011.mp4,flipping pancake,129
3832,data/k400/train/nEYmZDeTidY_000000_000010.mp4,flipping pancake,129
3833,data/k400/train/nNKAahudGSM_000004_000014.mp4,flipping pancake,129
3834,data/k400/train/oQWesA4Mo_4_000001_000011.mp4,flipping pancake,129
3835,data/k400/train/pdC3cHLx1JY_000032_000042.mp4,flipping pancake,129
3836,data/k400/train/uKVgydpL3ao_000011_000021.mp4,flipping pancake,129
3837,data/k400/train/vLOIHUyjEnA_000010_000020.mp4,flipping pancake,129
3838,data/k400/train/wuc7FbHBiEs_000002_000012.mp4,flipping pancake,129
3839,data/k400/train/xkiSeuC7ZAM_000002_000012.mp4,flipping pancake,129
3840,data/k400/train/-rWaYafx3Gc_000178_000188.mp4,flying kite,130
3841,data/k400/train/0cSmJPgrEXE_000000_000010.mp4,flying kite,130
3842,data/k400/train/2_zwBMVtdcc_000080_000090.mp4,flying kite,130
3843,data/k400/train/3bqoV8hs3mA_000022_000032.mp4,flying kite,130
3844,data/k400/train/65npE33xwE8_000466_000476.mp4,flying kite,130
3845,data/k400/train/9QMQft8pR84_000032_000042.mp4,flying kite,130
3846,data/k400/train/CGR_Q0UzLGI_000021_000031.mp4,flying kite,130
3847,data/k400/train/CNoF8-n7SdI_000029_000039.mp4,flying kite,130
3848,data/k400/train/HhA5PrQiUTo_000419_000429.mp4,flying kite,130
3849,data/k400/train/HwVHGWsugRQ_000012_000022.mp4,flying kite,130
3850,data/k400/train/I9R2wvqZ4qQ_000082_000092.mp4,flying kite,130
3851,data/k400/train/K5zyzrfIwc4_000058_000068.mp4,flying kite,130
3852,data/k400/train/N-sKwbD18Cg_000031_000041.mp4,flying kite,130
3853,data/k400/train/NoF1wdb63UA_000055_000065.mp4,flying kite,130
3854,data/k400/train/PDuDeA6j8uo_000010_000020.mp4,flying kite,130
3855,data/k400/train/Qm13lyQsXzU_000041_000051.mp4,flying kite,130
3856,data/k400/train/SPueJulRMgI_000006_000016.mp4,flying kite,130
3857,data/k400/train/SU73PfaTwnw_000021_000031.mp4,flying kite,130
3858,data/k400/train/TUv_fwNB_qo_000016_000026.mp4,flying kite,130
3859,data/k400/train/TwL3f84w2c4_000003_000013.mp4,flying kite,130
3860,data/k400/train/UXK1PB5uw6o_000016_000026.mp4,flying kite,130
3861,data/k400/train/UflwgUZdEus_000004_000014.mp4,flying kite,130
3862,data/k400/train/V9uBbo9TJ5I_000002_000012.mp4,flying kite,130
3863,data/k400/train/VMZu7t7N1iw_000022_000032.mp4,flying kite,130
3864,data/k400/train/VZyXe9_ooN8_000002_000012.mp4,flying kite,130
3865,data/k400/train/X3jQMdVPFEg_000090_000100.mp4,flying kite,130
3866,data/k400/train/Y80hLa0GozU_000027_000037.mp4,flying kite,130
3867,data/k400/train/YQbKxbXBa7U_000002_000012.mp4,flying kite,130
3868,data/k400/train/Zu6LukhmaiU_000003_000013.mp4,flying kite,130
3869,data/k400/train/_cMBF6hnP1o_000003_000013.mp4,flying kite,130
3870,data/k400/train/_hHw3vgVMlo_000026_000036.mp4,flying kite,130
3871,data/k400/train/b9nQJ7j4Olc_000072_000082.mp4,flying kite,130
3872,data/k400/train/bCNGL0k5AvQ_000002_000012.mp4,flying kite,130
3873,data/k400/train/cDXG-_ruDKU_000015_000025.mp4,flying kite,130
3874,data/k400/train/eYOpHKuVd1o_000004_000014.mp4,flying kite,130
3875,data/k400/train/fIKV-8hLSsE_000004_000014.mp4,flying kite,130
3876,data/k400/train/gmoZSROucxY_000003_000013.mp4,flying kite,130
3877,data/k400/train/i10onsvbxHQ_000012_000022.mp4,flying kite,130
3878,data/k400/train/iV-izSNj5ps_000009_000019.mp4,flying kite,130
3879,data/k400/train/jKTxpLTr5L4_000032_000042.mp4,flying kite,130
3880,data/k400/train/kFSoI3qyzQI_000008_000018.mp4,flying kite,130
3881,data/k400/train/n6NgsYwpGHA_000030_000040.mp4,flying kite,130
3882,data/k400/train/r15htQwG7fc_000005_000015.mp4,flying kite,130
3883,data/k400/train/skO5SwYyXJc_000130_000140.mp4,flying kite,130
3884,data/k400/train/sov7zElmeNY_000004_000014.mp4,flying kite,130
3885,data/k400/train/uMBo_kZA9gc_000001_000011.mp4,flying kite,130
3886,data/k400/train/yXrwJW-ITtk_000001_000011.mp4,flying kite,130
3887,data/k400/train/z40NjrFcoeE_000156_000166.mp4,flying kite,130
3888,data/k400/train/0pSJ1kAkawU_000016_000026.mp4,folding clothes,131
3889,data/k400/train/17VmzhDfYTY_000070_000080.mp4,folding clothes,131
3890,data/k400/train/2bXQamSxeiM_000050_000060.mp4,folding clothes,131
3891,data/k400/train/5wDARWk98nM_000014_000024.mp4,folding clothes,131
3892,data/k400/train/6cSd59fqzpk_000002_000012.mp4,folding clothes,131
3893,data/k400/train/CZ-9KDXQcP4_000011_000021.mp4,folding clothes,131
3894,data/k400/train/DsYsMETIttA_000090_000100.mp4,folding clothes,131
3895,data/k400/train/FA01HqqiEIE_000012_000022.mp4,folding clothes,131
3896,data/k400/train/G3Y8oRFWUpQ_000033_000043.mp4,folding clothes,131
3897,data/k400/train/HADHCxEbQPs_000044_000054.mp4,folding clothes,131
3898,data/k400/train/He3EnrxYrWc_000070_000080.mp4,folding clothes,131
3899,data/k400/train/IJ8Oun-IuCI_000062_000072.mp4,folding clothes,131
3900,data/k400/train/SRcdrgPA5wI_000639_000649.mp4,folding clothes,131
3901,data/k400/train/Uvn44qAfl64_000279_000289.mp4,folding clothes,131
3902,data/k400/train/V7LaBlHgqqg_000028_000038.mp4,folding clothes,131
3903,data/k400/train/Vds4_L7RMUs_000001_000011.mp4,folding clothes,131
3904,data/k400/train/WMigPD_CNXI_000115_000125.mp4,folding clothes,131
3905,data/k400/train/WsSeBxpLVC8_000348_000358.mp4,folding clothes,131
3906,data/k400/train/Y97GPn8nl04_000018_000028.mp4,folding clothes,131
3907,data/k400/train/bIElbnj1E4w_000001_000011.mp4,folding clothes,131
3908,data/k400/train/bPouy2ybydo_000030_000040.mp4,folding clothes,131
3909,data/k400/train/bTXg-cQCKwg_000062_000072.mp4,folding clothes,131
3910,data/k400/train/dX0Yh44Y7qA_000000_000010.mp4,folding clothes,131
3911,data/k400/train/eskHfeC1idI_000004_000014.mp4,folding clothes,131
3912,data/k400/train/iuuSFgjcOM8_000019_000029.mp4,folding clothes,131
3913,data/k400/train/jzOcGxEABAs_000033_000043.mp4,folding clothes,131
3914,data/k400/train/lzSFUmceitE_000011_000021.mp4,folding clothes,131
3915,data/k400/train/nZDNZrLdJlQ_000149_000159.mp4,folding clothes,131
3916,data/k400/train/pzUjSp3nbLI_000001_000011.mp4,folding clothes,131
3917,data/k400/train/rn9yqdq3aHo_000133_000143.mp4,folding clothes,131
3918,data/k400/train/s8Gd8_WLdW0_000138_000148.mp4,folding clothes,131
3919,data/k400/train/u7_op3WzuvU_000018_000028.mp4,folding clothes,131
3920,data/k400/train/zurFklsO0b4_000195_000205.mp4,folding clothes,131
3921,data/k400/train/3Re7oVWKq4A_000048_000058.mp4,folding napkins,132
3922,data/k400/train/6EiIpX8J1mI_000023_000033.mp4,folding napkins,132
3923,data/k400/train/7Ihl59F744c_000113_000123.mp4,folding napkins,132
3924,data/k400/train/7qiJxTAI7x0_000013_000023.mp4,folding napkins,132
3925,data/k400/train/BsnNhRYKj94_000066_000076.mp4,folding napkins,132
3926,data/k400/train/Cp8oHUa-iZY_000021_000031.mp4,folding napkins,132
3927,data/k400/train/DTU2odX46vM_000001_000011.mp4,folding napkins,132
3928,data/k400/train/DdzdeU7MYu0_000007_000017.mp4,folding napkins,132
3929,data/k400/train/EkoidpMYHmI_000001_000011.mp4,folding napkins,132
3930,data/k400/train/FH8r2ldxUTg_000085_000095.mp4,folding napkins,132
3931,data/k400/train/JMXirzs31cM_000196_000206.mp4,folding napkins,132
3932,data/k400/train/KIWjYA97lyk_000003_000013.mp4,folding napkins,132
3933,data/k400/train/KzuWzQYNYbc_000004_000014.mp4,folding napkins,132
3934,data/k400/train/LvQFboEbXKI_000013_000023.mp4,folding napkins,132
3935,data/k400/train/MRAPLvIIODI_000042_000052.mp4,folding napkins,132
3936,data/k400/train/NP4MmF3hl_Q_000200_000210.mp4,folding napkins,132
3937,data/k400/train/OGfcXa8VD6c_000000_000010.mp4,folding napkins,132
3938,data/k400/train/RLe5CxXqx3E_000014_000024.mp4,folding napkins,132
3939,data/k400/train/RU1664nwwy8_000010_000020.mp4,folding napkins,132
3940,data/k400/train/S-_a73caWT8_000018_000028.mp4,folding napkins,132
3941,data/k400/train/VNumv1FJzsE_000036_000046.mp4,folding napkins,132
3942,data/k400/train/Vzc8zECOWTI_000042_000052.mp4,folding napkins,132
3943,data/k400/train/WN3GSAegKpg_000003_000013.mp4,folding napkins,132
3944,data/k400/train/WtHQ1KO9_xI_000000_000010.mp4,folding napkins,132
3945,data/k400/train/XAlrQpO873s_000230_000240.mp4,folding napkins,132
3946,data/k400/train/XoGgveHELTg_000013_000023.mp4,folding napkins,132
3947,data/k400/train/YAnkganF6lA_000021_000031.mp4,folding napkins,132
3948,data/k400/train/YOYppHszL0A_000151_000161.mp4,folding napkins,132
3949,data/k400/train/ZshlHR7b50I_000017_000027.mp4,folding napkins,132
3950,data/k400/train/cx5PWLRsjhU_000020_000030.mp4,folding napkins,132
3951,data/k400/train/dt5xlGWHlVY_000012_000022.mp4,folding napkins,132
3952,data/k400/train/gGcjDUbwzXE_000066_000076.mp4,folding napkins,132
3953,data/k400/train/hg2r1sIIYO4_000017_000027.mp4,folding napkins,132
3954,data/k400/train/k3LMpZvo_kg_000006_000016.mp4,folding napkins,132
3955,data/k400/train/lKhumipTIJU_000001_000011.mp4,folding napkins,132
3956,data/k400/train/m_gkM7wrdmU_000054_000064.mp4,folding napkins,132
3957,data/k400/train/o-1lyL1hVCE_000016_000026.mp4,folding napkins,132
3958,data/k400/train/tKRTlt-N5B8_000014_000024.mp4,folding napkins,132
3959,data/k400/train/vLqmL8yEShc_000010_000020.mp4,folding napkins,132
3960,data/k400/train/znC_LA1AGL8_000081_000091.mp4,folding napkins,132
3961,data/k400/train/11JpwKsubmc_000047_000057.mp4,folding paper,133
3962,data/k400/train/2S7mJRVFAfY_000004_000014.mp4,folding paper,133
3963,data/k400/train/2mZ4EWfCC00_000149_000159.mp4,folding paper,133
3964,data/k400/train/31tH8NjslHU_000074_000084.mp4,folding paper,133
3965,data/k400/train/3MSDXAfvpEA_000028_000038.mp4,folding paper,133
3966,data/k400/train/4U_57DOQ3uQ_000103_000113.mp4,folding paper,133
3967,data/k400/train/6RD4AkYpl3E_000021_000031.mp4,folding paper,133
3968,data/k400/train/7-paA6v8x4Q_000059_000069.mp4,folding paper,133
3969,data/k400/train/821v-HoUx88_000124_000134.mp4,folding paper,133
3970,data/k400/train/8crI0aSPiwQ_000074_000084.mp4,folding paper,133
3971,data/k400/train/9ZycOkPt6Qs_000087_000097.mp4,folding paper,133
3972,data/k400/train/B9-m-Bf211g_000017_000027.mp4,folding paper,133
3973,data/k400/train/ClpsUOgv_EI_000062_000072.mp4,folding paper,133
3974,data/k400/train/EycDbIY6DJM_000027_000037.mp4,folding paper,133
3975,data/k400/train/EyqIJUkmQ0g_000070_000080.mp4,folding paper,133
3976,data/k400/train/ITYbh6pJFDw_000259_000269.mp4,folding paper,133
3977,data/k400/train/KV8J2Qkgp-E_000618_000628.mp4,folding paper,133
3978,data/k400/train/LtcTP1Q33YY_000015_000025.mp4,folding paper,133
3979,data/k400/train/PLkyWHejcbE_001068_001078.mp4,folding paper,133
3980,data/k400/train/QXOQeEGtRjs_000082_000092.mp4,folding paper,133
3981,data/k400/train/R9GpftmOjPg_000073_000083.mp4,folding paper,133
3982,data/k400/train/TBxPes4Z-o4_001797_001807.mp4,folding paper,133
3983,data/k400/train/TO-w0IuuZso_000052_000062.mp4,folding paper,133
3984,data/k400/train/TtntkX4WQbo_000004_000014.mp4,folding paper,133
3985,data/k400/train/UUEisrjNrgY_000177_000187.mp4,folding paper,133
3986,data/k400/train/UstrNn68ajw_000186_000196.mp4,folding paper,133
3987,data/k400/train/WJ4133TxTiM_000039_000049.mp4,folding paper,133
3988,data/k400/train/WWgtbEdh3CY_000006_000016.mp4,folding paper,133
3989,data/k400/train/YS7amPn7Pv4_000165_000175.mp4,folding paper,133
3990,data/k400/train/ZSSjCAFZkGk_000070_000080.mp4,folding paper,133
3991,data/k400/train/ZaBXlE78Lm0_000041_000051.mp4,folding paper,133
3992,data/k400/train/_4MfK-Hkn4c_000049_000059.mp4,folding paper,133
3993,data/k400/train/_55ZGDP8Dxw_000052_000062.mp4,folding paper,133
3994,data/k400/train/a0TIMNQvZKQ_000928_000938.mp4,folding paper,133
3995,data/k400/train/agkJwe9Q2N8_000064_000074.mp4,folding paper,133
3996,data/k400/train/ewUgzhO-SLw_000081_000091.mp4,folding paper,133
3997,data/k400/train/giEslyg5q50_000028_000038.mp4,folding paper,133
3998,data/k400/train/hSiRUXrLB9w_000116_000126.mp4,folding paper,133
3999,data/k400/train/hY3XuXa0YuE_000088_000098.mp4,folding paper,133
4000,data/k400/train/imOMSw0mgjY_000331_000341.mp4,folding paper,133
4001,data/k400/train/isbUHRLCCho_000796_000806.mp4,folding paper,133
4002,data/k400/train/jfT1CR9HwqY_000254_000264.mp4,folding paper,133
4003,data/k400/train/k4oqKQRq3JY_000043_000053.mp4,folding paper,133
4004,data/k400/train/mT9mHlwDe4c_000073_000083.mp4,folding paper,133
4005,data/k400/train/nGKaK-TDTU8_000419_000429.mp4,folding paper,133
4006,data/k400/train/oEpgbiLhbZc_000489_000499.mp4,folding paper,133
4007,data/k400/train/ojNWBnU8tE8_000115_000125.mp4,folding paper,133
4008,data/k400/train/pZZb801KA8E_000028_000038.mp4,folding paper,133
4009,data/k400/train/qp7bxq2n_tk_000029_000039.mp4,folding paper,133
4010,data/k400/train/xc6hsPk4T90_000002_000012.mp4,folding paper,133
4011,data/k400/train/zq00ibR9B94_000012_000022.mp4,folding paper,133
4012,data/k400/train/361Ngy4HwYw_000000_000010.mp4,front raises,134
4013,data/k400/train/542Oi0Vrvow_000001_000011.mp4,front raises,134
4014,data/k400/train/5WCeC4fLLrw_000005_000015.mp4,front raises,134
4015,data/k400/train/7GrZICWr0aw_000036_000046.mp4,front raises,134
4016,data/k400/train/AfAIO2jz308_000000_000010.mp4,front raises,134
4017,data/k400/train/CrgiAq16bic_000000_000010.mp4,front raises,134
4018,data/k400/train/DfawoubB5R4_000001_000011.mp4,front raises,134
4019,data/k400/train/DqTe9nbLmRI_000052_000062.mp4,front raises,134
4020,data/k400/train/Dr7KURCN_Yw_000002_000012.mp4,front raises,134
4021,data/k400/train/GbfAjf0Coo4_000005_000015.mp4,front raises,134
4022,data/k400/train/I2iyBh7nCkI_000005_000015.mp4,front raises,134
4023,data/k400/train/J81S0R4jZfo_000004_000014.mp4,front raises,134
4024,data/k400/train/KXNcFYRKOic_000000_000010.mp4,front raises,134
4025,data/k400/train/Lt4XiZu_1p4_000001_000011.mp4,front raises,134
4026,data/k400/train/LyXQM_pIf2Q_000001_000011.mp4,front raises,134
4027,data/k400/train/OHNICY4v6iQ_000001_000011.mp4,front raises,134
4028,data/k400/train/PScJwZSlb7g_000000_000010.mp4,front raises,134
4029,data/k400/train/RM7rdT7kvX4_000034_000044.mp4,front raises,134
4030,data/k400/train/Rk-eYHi6D2k_000003_000013.mp4,front raises,134
4031,data/k400/train/RoNktHCyGEY_000000_000010.mp4,front raises,134
4032,data/k400/train/RotQWqd3jrA_000009_000019.mp4,front raises,134
4033,data/k400/train/U1eq4EDSOQA_000004_000014.mp4,front raises,134
4034,data/k400/train/U7KNI-Hyu5g_000009_000019.mp4,front raises,134
4035,data/k400/train/UpNgY0PFQXg_000022_000032.mp4,front raises,134
4036,data/k400/train/WpxeIpVwOs0_000000_000010.mp4,front raises,134
4037,data/k400/train/YUv75xl6Fm4_000002_000012.mp4,front raises,134
4038,data/k400/train/_xNI7QbPGhc_000003_000013.mp4,front raises,134
4039,data/k400/train/bbhaJ5SBXJg_000003_000013.mp4,front raises,134
4040,data/k400/train/dVg3M89YsgQ_000011_000021.mp4,front raises,134
4041,data/k400/train/evZ8B0JlPYI_000001_000011.mp4,front raises,134
4042,data/k400/train/fJV3ymHQmsg_000003_000013.mp4,front raises,134
4043,data/k400/train/fwUCqThu6XA_000024_000034.mp4,front raises,134
4044,data/k400/train/gmZOTCJiT3c_000000_000010.mp4,front raises,134
4045,data/k400/train/hcRdDAaXn70_000002_000012.mp4,front raises,134
4046,data/k400/train/jVFG747lPMo_000005_000015.mp4,front raises,134
4047,data/k400/train/kYdDgXrO59E_000000_000010.mp4,front raises,134
4048,data/k400/train/ko0MVwXSz_k_000036_000046.mp4,front raises,134
4049,data/k400/train/lE23UUTTtjc_000017_000027.mp4,front raises,134
4050,data/k400/train/ltRIt8IZJNc_000001_000011.mp4,front raises,134
4051,data/k400/train/o8pwPAAKUiE_000029_000039.mp4,front raises,134
4052,data/k400/train/s_WGUAHy7VM_000008_000018.mp4,front raises,134
4053,data/k400/train/tcGZ_HWKmWM_000004_000014.mp4,front raises,134
4054,data/k400/train/yewCZzyaFVI_000035_000045.mp4,front raises,134
4055,data/k400/train/-UiktUzB4jo_000406_000416.mp4,frying vegetables,135
4056,data/k400/train/0TF97AAq6zM_000128_000138.mp4,frying vegetables,135
4057,data/k400/train/2lkd1x9EYmw_000103_000113.mp4,frying vegetables,135
4058,data/k400/train/6TFTB71b6UE_000461_000471.mp4,frying vegetables,135
4059,data/k400/train/83RO9dHOSR4_000604_000614.mp4,frying vegetables,135
4060,data/k400/train/BVfHCnbCIpA_000447_000457.mp4,frying vegetables,135
4061,data/k400/train/GcvhTv3AziU_000357_000367.mp4,frying vegetables,135
4062,data/k400/train/KLfZo86dDko_000018_000028.mp4,frying vegetables,135
4063,data/k400/train/Li_xzBc_X7M_000106_000116.mp4,frying vegetables,135
4064,data/k400/train/VzyUDFJ1-Uk_000188_000198.mp4,frying vegetables,135
4065,data/k400/train/XfbDrxd2194_000089_000099.mp4,frying vegetables,135
4066,data/k400/train/Xj0OhcaqUb8_000080_000090.mp4,frying vegetables,135
4067,data/k400/train/aFNBsGv2L54_000215_000225.mp4,frying vegetables,135
4068,data/k400/train/iNJsYA_g-WU_000468_000478.mp4,frying vegetables,135
4069,data/k400/train/jbJtk72bYoc_000033_000043.mp4,frying vegetables,135
4070,data/k400/train/lD6ohsjFqrA_000125_000135.mp4,frying vegetables,135
4071,data/k400/train/lqo8njXmuKo_000018_000028.mp4,frying vegetables,135
4072,data/k400/train/waftMBC0qi4_000005_000015.mp4,frying vegetables,135
4073,data/k400/train/2-4WGZRBeOw_000032_000042.mp4,garbage collecting,136
4074,data/k400/train/3K5MTZp7rIE_000060_000070.mp4,garbage collecting,136
4075,data/k400/train/DRvgmLLlhp0_000019_000029.mp4,garbage collecting,136
4076,data/k400/train/LldgPkbsslM_000157_000167.mp4,garbage collecting,136
4077,data/k400/train/MqJI2-k53Fk_000458_000468.mp4,garbage collecting,136
4078,data/k400/train/P4_DphZx1Ag_000056_000066.mp4,garbage collecting,136
4079,data/k400/train/SqHKBY_CX4w_000150_000160.mp4,garbage collecting,136
4080,data/k400/train/ZWd-lIxyUPk_000226_000236.mp4,garbage collecting,136
4081,data/k400/train/cteg0Z3SRy8_000029_000039.mp4,garbage collecting,136
4082,data/k400/train/e45BNpBZX7g_000015_000025.mp4,garbage collecting,136
4083,data/k400/train/gmv8hp6FlOY_000038_000048.mp4,garbage collecting,136
4084,data/k400/train/k8Q2HCX32cU_000143_000153.mp4,garbage collecting,136
4085,data/k400/train/kpHYgwbi8JU_000207_000217.mp4,garbage collecting,136
4086,data/k400/train/ldCOBkki-x0_000043_000053.mp4,garbage collecting,136
4087,data/k400/train/okFLV7TXTOY_000043_000053.mp4,garbage collecting,136
4088,data/k400/train/pCInUTuesM4_000264_000274.mp4,garbage collecting,136
4089,data/k400/train/pDLJABx-0ek_000431_000441.mp4,garbage collecting,136
4090,data/k400/train/vwjNgTwYhh8_000039_000049.mp4,garbage collecting,136
4091,data/k400/train/4seC7J4Yipw_000036_000046.mp4,gargling,137
4092,data/k400/train/6q3q3SoZwSY_000015_000025.mp4,gargling,137
4093,data/k400/train/7nSCqvwJPqI_000288_000298.mp4,gargling,137
4094,data/k400/train/93js0zpr6Ns_000302_000312.mp4,gargling,137
4095,data/k400/train/A2AgyeBLDt4_000526_000536.mp4,gargling,137
4096,data/k400/train/HEm7ZuVQTvM_000021_000031.mp4,gargling,137
4097,data/k400/train/KFtGCu1C18c_000373_000383.mp4,gargling,137
4098,data/k400/train/LYIwu1LrR0Q_000000_000010.mp4,gargling,137
4099,data/k400/train/N6YV6pJc_r8_000554_000564.mp4,gargling,137
4100,data/k400/train/QEiuTh12HAQ_000027_000037.mp4,gargling,137
4101,data/k400/train/U-5cZYJ-Cgs_000036_000046.mp4,gargling,137
4102,data/k400/train/UNC2hNgD6z8_000476_000486.mp4,gargling,137
4103,data/k400/train/Y1Vd55D3MWc_000012_000022.mp4,gargling,137
4104,data/k400/train/ZzjlpjtXttw_000009_000019.mp4,gargling,137
4105,data/k400/train/dLOgOQ9lYnM_000001_000011.mp4,gargling,137
4106,data/k400/train/docEPP8oHhw_000011_000021.mp4,gargling,137
4107,data/k400/train/fM4CrD38Mac_000135_000145.mp4,gargling,137
4108,data/k400/train/fv7FlHjYiqw_000237_000247.mp4,gargling,137
4109,data/k400/train/hOChL6OaO80_000086_000096.mp4,gargling,137
4110,data/k400/train/jYOs7ZUKd6Q_000003_000013.mp4,gargling,137
4111,data/k400/train/n6pNPVNOpf4_000016_000026.mp4,gargling,137
4112,data/k400/train/pBnODC2mkgU_000002_000012.mp4,gargling,137
4113,data/k400/train/qH-0B_r5HSI_000092_000102.mp4,gargling,137
4114,data/k400/train/-GY9XH-F_iI_000099_000109.mp4,getting a haircut,138
4115,data/k400/train/-cts78Ef9cI_000048_000058.mp4,getting a haircut,138
4116,data/k400/train/1tWuziI6F9s_000040_000050.mp4,getting a haircut,138
4117,data/k400/train/30Yk_1Yc7Vk_000011_000021.mp4,getting a haircut,138
4118,data/k400/train/3XbkWfsykTo_000074_000084.mp4,getting a haircut,138
4119,data/k400/train/3qT5dS7UKzg_000026_000036.mp4,getting a haircut,138
4120,data/k400/train/DUIqqv_JJNE_000107_000117.mp4,getting a haircut,138
4121,data/k400/train/EaK64imx6n8_000003_000013.mp4,getting a haircut,138
4122,data/k400/train/GXdLgL55AKQ_000105_000115.mp4,getting a haircut,138
4123,data/k400/train/JyKZ3GZwDxA_000080_000090.mp4,getting a haircut,138
4124,data/k400/train/MszfJ8hbzQY_000034_000044.mp4,getting a haircut,138
4125,data/k400/train/N0KGyPWYgIM_000015_000025.mp4,getting a haircut,138
4126,data/k400/train/OZdIn_1-lJY_000027_000037.mp4,getting a haircut,138
4127,data/k400/train/TFLbIliRW0A_000024_000034.mp4,getting a haircut,138
4128,data/k400/train/UZq1YuifLX8_000040_000050.mp4,getting a haircut,138
4129,data/k400/train/VnQUHQt2NS0_000100_000110.mp4,getting a haircut,138
4130,data/k400/train/WXegFxbmQI0_000005_000015.mp4,getting a haircut,138
4131,data/k400/train/aPgneJVM9bI_000044_000054.mp4,getting a haircut,138
4132,data/k400/train/b1feZxKi1YA_000091_000101.mp4,getting a haircut,138
4133,data/k400/train/d8ruKmdsPLA_000102_000112.mp4,getting a haircut,138
4134,data/k400/train/eLiVtXYy-JI_000030_000040.mp4,getting a haircut,138
4135,data/k400/train/ftDXqyZ0PnA_000012_000022.mp4,getting a haircut,138
4136,data/k400/train/fxWaEyaxJbY_000025_000035.mp4,getting a haircut,138
4137,data/k400/train/ga2PrkTw1j0_000179_000189.mp4,getting a haircut,138
4138,data/k400/train/gn_1CaOiGGM_000054_000064.mp4,getting a haircut,138
4139,data/k400/train/hzYQzEg2Pyg_000010_000020.mp4,getting a haircut,138
4140,data/k400/train/ilWkKFqedgI_000078_000088.mp4,getting a haircut,138
4141,data/k400/train/inp0zDjdf_c_000013_000023.mp4,getting a haircut,138
4142,data/k400/train/jk_7JQimPgI_000009_000019.mp4,getting a haircut,138
4143,data/k400/train/m-BN1gOSLfI_000020_000030.mp4,getting a haircut,138
4144,data/k400/train/mLFjww64sX8_000027_000037.mp4,getting a haircut,138
4145,data/k400/train/mWhSgI4RvSs_000133_000143.mp4,getting a haircut,138
4146,data/k400/train/nggu_xotCtM_000030_000040.mp4,getting a haircut,138
4147,data/k400/train/qxwQB_z4K0s_000011_000021.mp4,getting a haircut,138
4148,data/k400/train/src109oIAAE_000001_000011.mp4,getting a haircut,138
4149,data/k400/train/vQqILz6So1o_000007_000017.mp4,getting a haircut,138
4150,data/k400/train/w4E6q365rnw_000023_000033.mp4,getting a haircut,138
4151,data/k400/train/2orR-NkIVJo_000003_000013.mp4,getting a tattoo,139
4152,data/k400/train/6_DDF46SrrU_000381_000391.mp4,getting a tattoo,139
4153,data/k400/train/6kfouUE9tMQ_000008_000018.mp4,getting a tattoo,139
4154,data/k400/train/Axmo9bWbp4s_000023_000033.mp4,getting a tattoo,139
4155,data/k400/train/CbKUs30ma58_000022_000032.mp4,getting a tattoo,139
4156,data/k400/train/CqEKcAToTHY_000185_000195.mp4,getting a tattoo,139
4157,data/k400/train/EbnStMZM0UM_000234_000244.mp4,getting a tattoo,139
4158,data/k400/train/FTeUmvhdHLY_000008_000018.mp4,getting a tattoo,139
4159,data/k400/train/Fk1Ds0_w1A4_000001_000011.mp4,getting a tattoo,139
4160,data/k400/train/G1nZ-wWSDh8_000004_000014.mp4,getting a tattoo,139
4161,data/k400/train/GvAO0yW9bxM_000001_000011.mp4,getting a tattoo,139
4162,data/k400/train/HQgTNESfMew_000086_000096.mp4,getting a tattoo,139
4163,data/k400/train/KC6PXye1g2c_000084_000094.mp4,getting a tattoo,139
4164,data/k400/train/MwXTuqc2m1A_000006_000016.mp4,getting a tattoo,139
4165,data/k400/train/QbIWy9KU--Q_000353_000363.mp4,getting a tattoo,139
4166,data/k400/train/TszX_-la7oo_000032_000042.mp4,getting a tattoo,139
4167,data/k400/train/UxONs6YA4gk_000002_000012.mp4,getting a tattoo,139
4168,data/k400/train/VOvt4rWx5ao_000032_000042.mp4,getting a tattoo,139
4169,data/k400/train/Y-vj3GrvpZQ_000051_000061.mp4,getting a tattoo,139
4170,data/k400/train/YPES01L4dug_000027_000037.mp4,getting a tattoo,139
4171,data/k400/train/ZSBJeW76_D4_000000_000010.mp4,getting a tattoo,139
4172,data/k400/train/ZezWWh384L0_000039_000049.mp4,getting a tattoo,139
4173,data/k400/train/j2lEU-fVxN8_000015_000025.mp4,getting a tattoo,139
4174,data/k400/train/jogmSEJRVQM_000046_000056.mp4,getting a tattoo,139
4175,data/k400/train/lQ82V5HigyM_000142_000152.mp4,getting a tattoo,139
4176,data/k400/train/n_Tf1BGi4lY_000092_000102.mp4,getting a tattoo,139
4177,data/k400/train/oZ1a30X1xi8_000001_000011.mp4,getting a tattoo,139
4178,data/k400/train/qlF8xDG57QI_000011_000021.mp4,getting a tattoo,139
4179,data/k400/train/wMY-FD1G9aA_000048_000058.mp4,getting a tattoo,139
4180,data/k400/train/wmkBOlkyGZ4_000001_000011.mp4,getting a tattoo,139
4181,data/k400/train/ybZl0eEARnM_000012_000022.mp4,getting a tattoo,139
4182,data/k400/train/ycU9TgJGe98_000058_000068.mp4,getting a tattoo,139
4183,data/k400/train/-flfP3yiji8_000057_000067.mp4,giving or receiving award,140
4184,data/k400/train/1sR4p0bsQpk_000001_000011.mp4,giving or receiving award,140
4185,data/k400/train/2Jpzq2ZbT7k_000042_000052.mp4,giving or receiving award,140
4186,data/k400/train/2weNxgoHieQ_000029_000039.mp4,giving or receiving award,140
4187,data/k400/train/39H70AfjAIg_000009_000019.mp4,giving or receiving award,140
4188,data/k400/train/3pboRw90J3o_000023_000033.mp4,giving or receiving award,140
4189,data/k400/train/49dGjYIEd0E_000230_000240.mp4,giving or receiving award,140
4190,data/k400/train/5q5NoQVR-GA_000017_000027.mp4,giving or receiving award,140
4191,data/k400/train/7lA2rJLb_u4_000126_000136.mp4,giving or receiving award,140
4192,data/k400/train/9q92LDowP_I_000113_000123.mp4,giving or receiving award,140
4193,data/k400/train/A8sD9I-l2yg_001836_001846.mp4,giving or receiving award,140
4194,data/k400/train/CLCrPrcEk-I_000107_000117.mp4,giving or receiving award,140
4195,data/k400/train/EXuGDGj1tAA_000191_000201.mp4,giving or receiving award,140
4196,data/k400/train/EyEZXicq2YY_000082_000092.mp4,giving or receiving award,140
4197,data/k400/train/EyY0VaZSr7Y_000279_000289.mp4,giving or receiving award,140
4198,data/k400/train/FIYegR520lI_001666_001676.mp4,giving or receiving award,140
4199,data/k400/train/G7GQdCw8Otk_000012_000022.mp4,giving or receiving award,140
4200,data/k400/train/HBqAsC9zoJA_000017_000027.mp4,giving or receiving award,140
4201,data/k400/train/JoLnoErM31E_000061_000071.mp4,giving or receiving award,140
4202,data/k400/train/O_niOuwF0rI_000031_000041.mp4,giving or receiving award,140
4203,data/k400/train/PB6V3XLedjA_000117_000127.mp4,giving or receiving award,140
4204,data/k400/train/QN-tosuo1y8_000173_000183.mp4,giving or receiving award,140
4205,data/k400/train/RksS1hZn1GI_000127_000137.mp4,giving or receiving award,140
4206,data/k400/train/TPHuD5M1iDA_000048_000058.mp4,giving or receiving award,140
4207,data/k400/train/Ue2i4xLJA3Y_000003_000013.mp4,giving or receiving award,140
4208,data/k400/train/ZCpD_Y-N0vg_000086_000096.mp4,giving or receiving award,140
4209,data/k400/train/bVW-t-adiPo_000142_000152.mp4,giving or receiving award,140
4210,data/k400/train/bkWyjJoi8so_000565_000575.mp4,giving or receiving award,140
4211,data/k400/train/dIiCzAm7Fvw_000004_000014.mp4,giving or receiving award,140
4212,data/k400/train/ePW5wNxonVY_002754_002764.mp4,giving or receiving award,140
4213,data/k400/train/elPjat3g-J0_000677_000687.mp4,giving or receiving award,140
4214,data/k400/train/j45UYAYGVWg_000516_000526.mp4,giving or receiving award,140
4215,data/k400/train/jUMq1vPG9j0_000000_000010.mp4,giving or receiving award,140
4216,data/k400/train/kN7M9SePDW0_000028_000038.mp4,giving or receiving award,140
4217,data/k400/train/kgBHHKu59Z0_000942_000952.mp4,giving or receiving award,140
4218,data/k400/train/pwQtfeyXyJQ_000014_000024.mp4,giving or receiving award,140
4219,data/k400/train/q6nTQXpr6LA_000098_000108.mp4,giving or receiving award,140
4220,data/k400/train/rKR_iOFJtOQ_000127_000137.mp4,giving or receiving award,140
4221,data/k400/train/rg9rOX_oVl4_000002_000012.mp4,giving or receiving award,140
4222,data/k400/train/yzAhjEcmIqo_000018_000028.mp4,giving or receiving award,140
4223,data/k400/train/-InKRIGbKoY_000017_000027.mp4,golf chipping,141
4224,data/k400/train/ADujNYQ7EYM_000031_000041.mp4,golf chipping,141
4225,data/k400/train/CT2JHfOXbDo_000000_000010.mp4,golf chipping,141
4226,data/k400/train/FSqDoEJt4tE_000046_000056.mp4,golf chipping,141
4227,data/k400/train/IlElMkAmzUs_000014_000024.mp4,golf chipping,141
4228,data/k400/train/K7BDDXJHTlw_000058_000068.mp4,golf chipping,141
4229,data/k400/train/KMHC1BAIpNo_000000_000010.mp4,golf chipping,141
4230,data/k400/train/MwBDzRHTQHs_000062_000072.mp4,golf chipping,141
4231,data/k400/train/P0mQgZcmfow_000025_000035.mp4,golf chipping,141
4232,data/k400/train/QAhYiL2lApU_000183_000193.mp4,golf chipping,141
4233,data/k400/train/SZdRPCzPf_Y_000007_000017.mp4,golf chipping,141
4234,data/k400/train/UMxZuJNyoq8_000044_000054.mp4,golf chipping,141
4235,data/k400/train/W3m199EvfDg_000024_000034.mp4,golf chipping,141
4236,data/k400/train/WIsBErmtiZI_000069_000079.mp4,golf chipping,141
4237,data/k400/train/bYYF48kIfeo_000001_000011.mp4,golf chipping,141
4238,data/k400/train/cx-lGg6x-FE_000071_000081.mp4,golf chipping,141
4239,data/k400/train/fT9U6TWRVVg_000002_000012.mp4,golf chipping,141
4240,data/k400/train/k8F3ySoeItU_000036_000046.mp4,golf chipping,141
4241,data/k400/train/p65jlo_0p9s_000049_000059.mp4,golf chipping,141
4242,data/k400/train/p6BITAfNMoM_000119_000129.mp4,golf chipping,141
4243,data/k400/train/qQedqPvmVss_000008_000018.mp4,golf chipping,141
4244,data/k400/train/qhvcBbVgKCA_000002_000012.mp4,golf chipping,141
4245,data/k400/train/spZhwmQ2LV8_000038_000048.mp4,golf chipping,141
4246,data/k400/train/sqwZAdd-n8s_000039_000049.mp4,golf chipping,141
4247,data/k400/train/w0Sz6_kC0ng_000061_000071.mp4,golf chipping,141
4248,data/k400/train/-RvbvRbhpgk_000017_000027.mp4,golf driving,142
4249,data/k400/train/-zHveFE1hus_000068_000078.mp4,golf driving,142
4250,data/k400/train/1cGuPiqCsuk_000066_000076.mp4,golf driving,142
4251,data/k400/train/2oIHxKwO9z0_000001_000011.mp4,golf driving,142
4252,data/k400/train/3F7VQ6hxcHs_000014_000024.mp4,golf driving,142
4253,data/k400/train/C26nSa6x-Nc_000181_000191.mp4,golf driving,142
4254,data/k400/train/CJCW9_nfuUE_000290_000300.mp4,golf driving,142
4255,data/k400/train/D0YAdl_JAYk_000003_000013.mp4,golf driving,142
4256,data/k400/train/EDXJUW5Ko0k_000055_000065.mp4,golf driving,142
4257,data/k400/train/FcLFOCF_jJc_000002_000012.mp4,golf driving,142
4258,data/k400/train/G7DbvA8EJDI_000009_000019.mp4,golf driving,142
4259,data/k400/train/H9yldThtNPg_000000_000010.mp4,golf driving,142
4260,data/k400/train/HVyWttdsRmE_000012_000022.mp4,golf driving,142
4261,data/k400/train/HajwqnhV4Zw_000013_000023.mp4,golf driving,142
4262,data/k400/train/KJt3Q5fXxR8_000002_000012.mp4,golf driving,142
4263,data/k400/train/VO8jWoPS6G8_000071_000081.mp4,golf driving,142
4264,data/k400/train/W7tUtRUzByc_000000_000010.mp4,golf driving,142
4265,data/k400/train/XVHqtoyJoxs_000004_000014.mp4,golf driving,142
4266,data/k400/train/_AwSxny5Ma8_000004_000014.mp4,golf driving,142
4267,data/k400/train/_t_grJlqR6A_000042_000052.mp4,golf driving,142
4268,data/k400/train/cKYcM4uvBt0_000003_000013.mp4,golf driving,142
4269,data/k400/train/ciGCSCIhhj4_000009_000019.mp4,golf driving,142
4270,data/k400/train/dionWxR5NJc_000005_000015.mp4,golf driving,142
4271,data/k400/train/eiXPteyf-V8_000008_000018.mp4,golf driving,142
4272,data/k400/train/eyphZkz4Ztc_000053_000063.mp4,golf driving,142
4273,data/k400/train/holbbzotnOs_000018_000028.mp4,golf driving,142
4274,data/k400/train/lWP5GOof2CQ_000027_000037.mp4,golf driving,142
4275,data/k400/train/q3WgIFNA5o4_000007_000017.mp4,golf driving,142
4276,data/k400/train/rV5NSJAFnSQ_000007_000017.mp4,golf driving,142
4277,data/k400/train/sXWtdO2ZP9Y_000024_000034.mp4,golf driving,142
4278,data/k400/train/u68RZjdnVMs_000134_000144.mp4,golf driving,142
4279,data/k400/train/uYnwFOA_NLI_000006_000016.mp4,golf driving,142
4280,data/k400/train/y4UreOChYvQ_000021_000031.mp4,golf driving,142
4281,data/k400/train/-kwBcs0-DdQ_000036_000046.mp4,golf putting,143
4282,data/k400/train/0O3S2OqHDKE_000025_000035.mp4,golf putting,143
4283,data/k400/train/1mvGj9nVM28_000068_000078.mp4,golf putting,143
4284,data/k400/train/27FJGTRSCtM_000059_000069.mp4,golf putting,143
4285,data/k400/train/49CbwK4tuQI_000082_000092.mp4,golf putting,143
4286,data/k400/train/4DWrLEa3ptQ_000123_000133.mp4,golf putting,143
4287,data/k400/train/68_aOrDxktE_000040_000050.mp4,golf putting,143
4288,data/k400/train/7aRNEQwu1PI_000023_000033.mp4,golf putting,143
4289,data/k400/train/7cZvT63leDs_000248_000258.mp4,golf putting,143
4290,data/k400/train/82x9b90pi8M_000004_000014.mp4,golf putting,143
4291,data/k400/train/86SsE2t5Qco_000020_000030.mp4,golf putting,143
4292,data/k400/train/90vLhGfR5Xo_000154_000164.mp4,golf putting,143
4293,data/k400/train/A0wqmL0WB2Q_000055_000065.mp4,golf putting,143
4294,data/k400/train/ERa-6gHY-yo_000102_000112.mp4,golf putting,143
4295,data/k400/train/EfNGYOmpFgI_000080_000090.mp4,golf putting,143
4296,data/k400/train/GlTYNIb_8_M_000000_000010.mp4,golf putting,143
4297,data/k400/train/IOfGM9w7WEQ_000077_000087.mp4,golf putting,143
4298,data/k400/train/J2yQMoINz8Y_000031_000041.mp4,golf putting,143
4299,data/k400/train/JHQj51HJXVI_000101_000111.mp4,golf putting,143
4300,data/k400/train/KSIKtD8FZOc_000216_000226.mp4,golf putting,143
4301,data/k400/train/OpLvEGCxHCo_000013_000023.mp4,golf putting,143
4302,data/k400/train/PJur19aTvmo_000119_000129.mp4,golf putting,143
4303,data/k400/train/R9zl2vKau4U_000043_000053.mp4,golf putting,143
4304,data/k400/train/REs6j3mQ20I_000139_000149.mp4,golf putting,143
4305,data/k400/train/VKm6_9ZXmjM_000260_000270.mp4,golf putting,143
4306,data/k400/train/YCVXISmPBJE_000000_000010.mp4,golf putting,143
4307,data/k400/train/ZBALEfjc5H4_000062_000072.mp4,golf putting,143
4308,data/k400/train/_Gat9x3CNUs_000278_000288.mp4,golf putting,143
4309,data/k400/train/_MkzuqOlmns_000011_000021.mp4,golf putting,143
4310,data/k400/train/aEOUaZetj7U_000021_000031.mp4,golf putting,143
4311,data/k400/train/cmN5MURa6XY_000085_000095.mp4,golf putting,143
4312,data/k400/train/fFidiFprCCM_000002_000012.mp4,golf putting,143
4313,data/k400/train/jAWq20SHs1A_000146_000156.mp4,golf putting,143
4314,data/k400/train/jAnfP9qpizw_000029_000039.mp4,golf putting,143
4315,data/k400/train/jNh5H4TTyIU_000077_000087.mp4,golf putting,143
4316,data/k400/train/lBvgTgiLiBE_000023_000033.mp4,golf putting,143
4317,data/k400/train/lHD6TmyhmIQ_000065_000075.mp4,golf putting,143
4318,data/k400/train/nrL18HYBTuc_000002_000012.mp4,golf putting,143
4319,data/k400/train/plg-DRcpZJU_000135_000145.mp4,golf putting,143
4320,data/k400/train/s1bXfzAXVb8_000048_000058.mp4,golf putting,143
4321,data/k400/train/s4oRFFOKvLk_000009_000019.mp4,golf putting,143
4322,data/k400/train/tU4H3NuQTVg_000087_000097.mp4,golf putting,143
4323,data/k400/train/u3iFH7WQHks_000273_000283.mp4,golf putting,143
4324,data/k400/train/u6uFbhzU29I_000146_000156.mp4,golf putting,143
4325,data/k400/train/uDFvxzBylhs_000669_000679.mp4,golf putting,143
4326,data/k400/train/v30NZAe0p90_000013_000023.mp4,golf putting,143
4327,data/k400/train/vYVqHhPFk8c_000058_000068.mp4,golf putting,143
4328,data/k400/train/xFq377mce9o_000246_000256.mp4,golf putting,143
4329,data/k400/train/KxnJVPtdm7Q_000003_000013.mp4,grinding meat,144
4330,data/k400/train/XWguK9ija3A_000002_000012.mp4,grinding meat,144
4331,data/k400/train/Yn4qlAp-AEA_000011_000021.mp4,grinding meat,144
4332,data/k400/train/gpbMONmRe_E_000003_000013.mp4,grinding meat,144
4333,data/k400/train/r93kEJw6Mo4_000028_000038.mp4,grinding meat,144
4334,data/k400/train/rl_R4_HVsJA_000014_000024.mp4,grinding meat,144
4335,data/k400/train/vrX1IV8EcJ0_000054_000064.mp4,grinding meat,144
4336,data/k400/train/-CDYMieF_a0_000013_000023.mp4,grooming dog,145
4337,data/k400/train/46pPGAAtQ84_000135_000145.mp4,grooming dog,145
4338,data/k400/train/6mrSvWrUt58_001238_001248.mp4,grooming dog,145
4339,data/k400/train/B0cb0B90Ubg_000062_000072.mp4,grooming dog,145
4340,data/k400/train/EHOW8Ztd6bg_000010_000020.mp4,grooming dog,145
4341,data/k400/train/FDSUOhbkqIU_000060_000070.mp4,grooming dog,145
4342,data/k400/train/HMxAqOtktxM_000003_000013.mp4,grooming dog,145
4343,data/k400/train/MHR329QrAq0_000041_000051.mp4,grooming dog,145
4344,data/k400/train/N6Kmx-oYhyE_000160_000170.mp4,grooming dog,145
4345,data/k400/train/SvFu2IY9-l4_000017_000027.mp4,grooming dog,145
4346,data/k400/train/VJ3MlWDQMuA_000097_000107.mp4,grooming dog,145
4347,data/k400/train/ZF6UrTrZKJc_000000_000010.mp4,grooming dog,145
4348,data/k400/train/dnMyHqm7KsM_000099_000109.mp4,grooming dog,145
4349,data/k400/train/gMQZf_1i8IA_000001_000011.mp4,grooming dog,145
4350,data/k400/train/hD_rfFM47Nk_000132_000142.mp4,grooming dog,145
4351,data/k400/train/jKHorQ4YX30_000109_000119.mp4,grooming dog,145
4352,data/k400/train/lR3YvvHfgnQ_000003_000013.mp4,grooming dog,145
4353,data/k400/train/mm0tIRu2R9c_000122_000132.mp4,grooming dog,145
4354,data/k400/train/qOGyo1XoVmQ_000051_000061.mp4,grooming dog,145
4355,data/k400/train/vfUEUcev-Dw_000002_000012.mp4,grooming dog,145
4356,data/k400/train/zzYfRO1JA4M_000017_000027.mp4,grooming dog,145
4357,data/k400/train/-CPHycRUJfA_000022_000032.mp4,grooming horse,146
4358,data/k400/train/-MldnTjJ-zE_000137_000147.mp4,grooming horse,146
4359,data/k400/train/1eXnOzELWQI_000110_000120.mp4,grooming horse,146
4360,data/k400/train/1tEJRzqqalM_000074_000084.mp4,grooming horse,146
4361,data/k400/train/2luWYpn3wqI_000388_000398.mp4,grooming horse,146
4362,data/k400/train/7r2ctuzIxIQ_000064_000074.mp4,grooming horse,146
4363,data/k400/train/EU5LQmGMYUQ_000529_000539.mp4,grooming horse,146
4364,data/k400/train/Gssf4chnHbw_000026_000036.mp4,grooming horse,146
4365,data/k400/train/H435BdXlsns_000013_000023.mp4,grooming horse,146
4366,data/k400/train/HTjY3vaLMl0_000133_000143.mp4,grooming horse,146
4367,data/k400/train/K2i7QIfHa_A_000390_000400.mp4,grooming horse,146
4368,data/k400/train/MjujO0JY6Cc_000061_000071.mp4,grooming horse,146
4369,data/k400/train/NGuDql_75GM_000248_000258.mp4,grooming horse,146
4370,data/k400/train/OnytNvuQeic_000485_000495.mp4,grooming horse,146
4371,data/k400/train/RDq85fMq41s_000071_000081.mp4,grooming horse,146
4372,data/k400/train/T4ZD9FHpbTU_000009_000019.mp4,grooming horse,146
4373,data/k400/train/Tab-dSCaMC8_000021_000031.mp4,grooming horse,146
4374,data/k400/train/bP9mvOojyno_000015_000025.mp4,grooming horse,146
4375,data/k400/train/qCkc2mmZ_I4_000001_000011.mp4,grooming horse,146
4376,data/k400/train/qfnBlEYlcP0_000047_000057.mp4,grooming horse,146
4377,data/k400/train/qkllPRMkfv0_000081_000091.mp4,grooming horse,146
4378,data/k400/train/udSHsodv3gY_000005_000015.mp4,grooming horse,146
4379,data/k400/train/vXQqmXXrA74_000268_000278.mp4,grooming horse,146
4380,data/k400/train/wqDoWR87Y-Q_000091_000101.mp4,grooming horse,146
4381,data/k400/train/2ZKkrZgBGzw_000008_000018.mp4,gymnastics tumbling,147
4382,data/k400/train/4789wwxxFuU_000170_000180.mp4,gymnastics tumbling,147
4383,data/k400/train/5KbfOS44-gM_000049_000059.mp4,gymnastics tumbling,147
4384,data/k400/train/8hS_vJ9bPXs_000020_000030.mp4,gymnastics tumbling,147
4385,data/k400/train/BgOlocmr_0I_000089_000099.mp4,gymnastics tumbling,147
4386,data/k400/train/BiNqM_4qXMs_000011_000021.mp4,gymnastics tumbling,147
4387,data/k400/train/FaIk1_jXIA4_000004_000014.mp4,gymnastics tumbling,147
4388,data/k400/train/G9Bc7meqQMg_000083_000093.mp4,gymnastics tumbling,147
4389,data/k400/train/GFdGjJUEjaw_000010_000020.mp4,gymnastics tumbling,147
4390,data/k400/train/HfVhIw31xrI_000007_000017.mp4,gymnastics tumbling,147
4391,data/k400/train/HpD8VCSpy1s_000010_000020.mp4,gymnastics tumbling,147
4392,data/k400/train/I7nPIyRjiHE_000143_000153.mp4,gymnastics tumbling,147
4393,data/k400/train/LUDsxA9rURw_000002_000012.mp4,gymnastics tumbling,147
4394,data/k400/train/MgqQe-UHrMk_000387_000397.mp4,gymnastics tumbling,147
4395,data/k400/train/Na86_S6GcKY_000126_000136.mp4,gymnastics tumbling,147
4396,data/k400/train/TLnWrD46xbY_000019_000029.mp4,gymnastics tumbling,147
4397,data/k400/train/ToTjegqNcs4_000006_000016.mp4,gymnastics tumbling,147
4398,data/k400/train/UCpr6MT2F4Q_000004_000014.mp4,gymnastics tumbling,147
4399,data/k400/train/V6xMsOLChj4_000049_000059.mp4,gymnastics tumbling,147
4400,data/k400/train/VByjMRVclos_000084_000094.mp4,gymnastics tumbling,147
4401,data/k400/train/WBZ4qRiWfS8_000008_000018.mp4,gymnastics tumbling,147
4402,data/k400/train/X9KloNu2R18_000012_000022.mp4,gymnastics tumbling,147
4403,data/k400/train/XWvug_jLZQw_000001_000011.mp4,gymnastics tumbling,147
4404,data/k400/train/Z0p11dv-3DM_000006_000016.mp4,gymnastics tumbling,147
4405,data/k400/train/ZSsRn5-ULXw_000001_000011.mp4,gymnastics tumbling,147
4406,data/k400/train/Ze2E9Y3Pa3M_000003_000013.mp4,gymnastics tumbling,147
4407,data/k400/train/Ze2NbUblUxo_000002_000012.mp4,gymnastics tumbling,147
4408,data/k400/train/_OvanbZZVkE_000000_000010.mp4,gymnastics tumbling,147
4409,data/k400/train/_mjKR-7G_3c_000022_000032.mp4,gymnastics tumbling,147
4410,data/k400/train/avFn6N8Sn04_000004_000014.mp4,gymnastics tumbling,147
4411,data/k400/train/bfo8N_xeEr4_000044_000054.mp4,gymnastics tumbling,147
4412,data/k400/train/f-KPKqv6OeM_000061_000071.mp4,gymnastics tumbling,147
4413,data/k400/train/faKqmuKtkl0_000008_000018.mp4,gymnastics tumbling,147
4414,data/k400/train/gqIbGq82rA0_000002_000012.mp4,gymnastics tumbling,147
4415,data/k400/train/ijqRR2AEhTU_000003_000013.mp4,gymnastics tumbling,147
4416,data/k400/train/jIyugcYxkRA_000007_000017.mp4,gymnastics tumbling,147
4417,data/k400/train/jOqJt6JOS0k_000004_000014.mp4,gymnastics tumbling,147
4418,data/k400/train/jvovbKDAw6Y_000005_000015.mp4,gymnastics tumbling,147
4419,data/k400/train/kQX11guMaUk_000155_000165.mp4,gymnastics tumbling,147
4420,data/k400/train/lXZyVHX5mc8_000086_000096.mp4,gymnastics tumbling,147
4421,data/k400/train/m584BUgLP_k_000052_000062.mp4,gymnastics tumbling,147
4422,data/k400/train/sRpECkQTiaI_000014_000024.mp4,gymnastics tumbling,147
4423,data/k400/train/t6DjezDFUoc_000055_000065.mp4,gymnastics tumbling,147
4424,data/k400/train/v5N9hL58u58_000055_000065.mp4,gymnastics tumbling,147
4425,data/k400/train/wqh2JwjA7dQ_000001_000011.mp4,gymnastics tumbling,147
4426,data/k400/train/ym6Zj7Q-uz0_000000_000010.mp4,gymnastics tumbling,147
4427,data/k400/train/-aa0WRWj89M_000001_000011.mp4,hammer throw,148
4428,data/k400/train/1HWajOhmPVg_000007_000017.mp4,hammer throw,148
4429,data/k400/train/2Ti2DMUgc-E_000005_000015.mp4,hammer throw,148
4430,data/k400/train/5L6KaSd7wt8_000002_000012.mp4,hammer throw,148
4431,data/k400/train/5X84kDc8_FI_000011_000021.mp4,hammer throw,148
4432,data/k400/train/8d4rsR2QYnE_000004_000014.mp4,hammer throw,148
4433,data/k400/train/AClfn0GT4kk_000010_000020.mp4,hammer throw,148
4434,data/k400/train/EeQYIv-FdBc_000000_000010.mp4,hammer throw,148
4435,data/k400/train/F9kzAvCLeRs_000012_000022.mp4,hammer throw,148
4436,data/k400/train/FCOle0271sc_000005_000015.mp4,hammer throw,148
4437,data/k400/train/GLrLv92e19g_000001_000011.mp4,hammer throw,148
4438,data/k400/train/In-eaqpjMXU_000002_000012.mp4,hammer throw,148
4439,data/k400/train/JVOGYJLv6yE_000002_000012.mp4,hammer throw,148
4440,data/k400/train/JYJ7s_pPiXU_000001_000011.mp4,hammer throw,148
4441,data/k400/train/KD-2yaq7kCM_000011_000021.mp4,hammer throw,148
4442,data/k400/train/KV5GpUZ6XvE_000001_000011.mp4,hammer throw,148
4443,data/k400/train/MocLduqbZA0_000004_000014.mp4,hammer throw,148
4444,data/k400/train/PuhQLdpCWjU_000007_000017.mp4,hammer throw,148
4445,data/k400/train/T8nK-L-Ew9s_000002_000012.mp4,hammer throw,148
4446,data/k400/train/TSBA0diRwLQ_000036_000046.mp4,hammer throw,148
4447,data/k400/train/UvCzHlhUHOQ_000007_000017.mp4,hammer throw,148
4448,data/k400/train/Vlwa-kQLkL8_000001_000011.mp4,hammer throw,148
4449,data/k400/train/WQkzpkbQPwk_000004_000014.mp4,hammer throw,148
4450,data/k400/train/XBrhHyGaH98_000006_000016.mp4,hammer throw,148
4451,data/k400/train/XNw7MjKpwTs_000047_000057.mp4,hammer throw,148
4452,data/k400/train/XxMKwnYPG0k_000002_000012.mp4,hammer throw,148
4453,data/k400/train/_Hi7ZLD8oUA_000004_000014.mp4,hammer throw,148
4454,data/k400/train/_TL08C5t8CQ_000005_000015.mp4,hammer throw,148
4455,data/k400/train/a_cZfEGfI_8_000056_000066.mp4,hammer throw,148
4456,data/k400/train/bU3xqLdqIL8_000003_000013.mp4,hammer throw,148
4457,data/k400/train/eVf87ciEAeE_000001_000011.mp4,hammer throw,148
4458,data/k400/train/evXDdKJdas4_000020_000030.mp4,hammer throw,148
4459,data/k400/train/gGGGm_c0-Ow_000002_000012.mp4,hammer throw,148
4460,data/k400/train/gYX_uYJT0AA_000094_000104.mp4,hammer throw,148
4461,data/k400/train/gv-R-y9GWDc_000018_000028.mp4,hammer throw,148
4462,data/k400/train/iHF4ME7heSM_000027_000037.mp4,hammer throw,148
4463,data/k400/train/kIbU-GQdIs8_000002_000012.mp4,hammer throw,148
4464,data/k400/train/mLG1rRwLE5k_000002_000012.mp4,hammer throw,148
4465,data/k400/train/mSQCsoxmtoQ_000003_000013.mp4,hammer throw,148
4466,data/k400/train/mkcxbot6hsU_000035_000045.mp4,hammer throw,148
4467,data/k400/train/mr01VUEDK44_000000_000010.mp4,hammer throw,148
4468,data/k400/train/o0dzoGp6JME_000003_000013.mp4,hammer throw,148
4469,data/k400/train/qiE9VKh37xA_000002_000012.mp4,hammer throw,148
4470,data/k400/train/qsEnLQ2UnEA_000016_000026.mp4,hammer throw,148
4471,data/k400/train/qzqk8WfuPpg_000002_000012.mp4,hammer throw,148
4472,data/k400/train/r2JY80iBRhk_000011_000021.mp4,hammer throw,148
4473,data/k400/train/r5pGF3GrFvg_000010_000020.mp4,hammer throw,148
4474,data/k400/train/sJhjqLV5_uo_000009_000019.mp4,hammer throw,148
4475,data/k400/train/y9GEpkwBpjs_000000_000010.mp4,hammer throw,148
4476,data/k400/train/ypS9b0NQ_1U_000023_000033.mp4,hammer throw,148
4477,data/k400/train/-HCVx_dsCC8_000003_000013.mp4,headbanging,149
4478,data/k400/train/2DrQQ9x6bTY_000038_000048.mp4,headbanging,149
4479,data/k400/train/2lQlQpalZ_U_000002_000012.mp4,headbanging,149
4480,data/k400/train/4x5E9AY3oIw_000005_000015.mp4,headbanging,149
4481,data/k400/train/644qq7VryD0_000016_000026.mp4,headbanging,149
4482,data/k400/train/741PJo9ZwuQ_000232_000242.mp4,headbanging,149
4483,data/k400/train/7_JI14zOLjA_000016_000026.mp4,headbanging,149
4484,data/k400/train/9y5pzpvQKds_000032_000042.mp4,headbanging,149
4485,data/k400/train/B93cBOh0Mks_000000_000010.mp4,headbanging,149
4486,data/k400/train/BtUq462pCNA_000020_000030.mp4,headbanging,149
4487,data/k400/train/Ek0Y4k8y_KQ_000028_000038.mp4,headbanging,149
4488,data/k400/train/GIrYENIfB0s_000034_000044.mp4,headbanging,149
4489,data/k400/train/H9ofcEER6HY_000000_000010.mp4,headbanging,149
4490,data/k400/train/I0gXSVSpN3U_000003_000013.mp4,headbanging,149
4491,data/k400/train/ImC8PhNPHLc_000017_000027.mp4,headbanging,149
4492,data/k400/train/JVL_Z6Z7trI_000010_000020.mp4,headbanging,149
4493,data/k400/train/JrA8K4FJDRk_000062_000072.mp4,headbanging,149
4494,data/k400/train/Ky5Jdm_a4oM_000004_000014.mp4,headbanging,149
4495,data/k400/train/L1rclQ1xldA_000019_000029.mp4,headbanging,149
4496,data/k400/train/LQrFoO-gaS8_000004_000014.mp4,headbanging,149
4497,data/k400/train/LYMXxDaQOyY_000010_000020.mp4,headbanging,149
4498,data/k400/train/P8m0bIqaIA8_000031_000041.mp4,headbanging,149
4499,data/k400/train/QUVUNDouWvE_000000_000010.mp4,headbanging,149
4500,data/k400/train/RHFgJQVXaCw_000000_000010.mp4,headbanging,149
4501,data/k400/train/SYRAXA-71_U_000010_000020.mp4,headbanging,149
4502,data/k400/train/TFiqlw8KtTQ_000005_000015.mp4,headbanging,149
4503,data/k400/train/UdUOkcA2-BA_000028_000038.mp4,headbanging,149
4504,data/k400/train/VXY2jBAgEe4_000018_000028.mp4,headbanging,149
4505,data/k400/train/VoUhB81cNkk_000042_000052.mp4,headbanging,149
4506,data/k400/train/VuSSArtJr9s_000015_000025.mp4,headbanging,149
4507,data/k400/train/WblUjy0cdac_000001_000011.mp4,headbanging,149
4508,data/k400/train/X92XsaIWNcI_000175_000185.mp4,headbanging,149
4509,data/k400/train/XywrOwd-8hk_000050_000060.mp4,headbanging,149
4510,data/k400/train/YCXjzzfI81I_000051_000061.mp4,headbanging,149
4511,data/k400/train/cyDvhSLVDdU_000000_000010.mp4,headbanging,149
4512,data/k400/train/fIL8r3ZZd68_000062_000072.mp4,headbanging,149
4513,data/k400/train/ivnb31POC7k_000016_000026.mp4,headbanging,149
4514,data/k400/train/jXyEhGawvnY_000000_000010.mp4,headbanging,149
4515,data/k400/train/njEaUEE_wOc_000005_000015.mp4,headbanging,149
4516,data/k400/train/oNjrvYlAnb0_000037_000047.mp4,headbanging,149
4517,data/k400/train/oYMFoX4pR-o_000001_000011.mp4,headbanging,149
4518,data/k400/train/oflgtIaHTDo_000109_000119.mp4,headbanging,149
4519,data/k400/train/qZNX1HEyrEA_000003_000013.mp4,headbanging,149
4520,data/k400/train/suqjlSIFv3s_000000_000010.mp4,headbanging,149
4521,data/k400/train/uezt_k1TYRw_000364_000374.mp4,headbanging,149
4522,data/k400/train/wLvtmuy_4jQ_000023_000033.mp4,headbanging,149
4523,data/k400/train/xW6RagSpOAc_000001_000011.mp4,headbanging,149
4524,data/k400/train/xaH5SY88lG4_000012_000022.mp4,headbanging,149
4525,data/k400/train/z5QzrIH-ZTM_000030_000040.mp4,headbanging,149
4526,data/k400/train/zGUbPAeV-mc_000024_000034.mp4,headbanging,149
4527,data/k400/train/Ax83p8aKgxE_000001_000011.mp4,headbutting,150
4528,data/k400/train/EYVPtCJ7lsU_000000_000010.mp4,headbutting,150
4529,data/k400/train/G6aSbD7Sot4_000001_000011.mp4,headbutting,150
4530,data/k400/train/HSWebqzHg0I_000002_000012.mp4,headbutting,150
4531,data/k400/train/Lz68GYH72_E_000001_000011.mp4,headbutting,150
4532,data/k400/train/R9vISXqlotM_000029_000039.mp4,headbutting,150
4533,data/k400/train/ZTkfCOdR9IY_000002_000012.mp4,headbutting,150
4534,data/k400/train/_tZ8QwfH_1E_000004_000014.mp4,headbutting,150
4535,data/k400/train/aECoJln_NTA_000007_000017.mp4,headbutting,150
4536,data/k400/train/cq4sjhGX_bk_000001_000011.mp4,headbutting,150
4537,data/k400/train/csJ9sf70uks_000000_000010.mp4,headbutting,150
4538,data/k400/train/qAKmmwIzVLE_000009_000019.mp4,headbutting,150
4539,data/k400/train/sM6lmfckqy4_000006_000016.mp4,headbutting,150
4540,data/k400/train/stSCmEliB4I_000002_000012.mp4,headbutting,150
4541,data/k400/train/tF1a3d-DMNM_000005_000015.mp4,headbutting,150
4542,data/k400/train/tWBHD1wgSCY_000010_000020.mp4,headbutting,150
4543,data/k400/train/u98hsd5NnXs_000000_000010.mp4,headbutting,150
4544,data/k400/train/uFMhJ_EGtPs_000006_000016.mp4,headbutting,150
4545,data/k400/train/vpMOcHQwa6U_000000_000010.mp4,headbutting,150
4546,data/k400/train/yZ2cIpf0aLE_000003_000013.mp4,headbutting,150
4547,data/k400/train/-D_eNsRYLhs_000003_000013.mp4,high jump,151
4548,data/k400/train/-Lk5raoDBdA_000031_000041.mp4,high jump,151
4549,data/k400/train/1aJX4h_DmU4_000003_000013.mp4,high jump,151
4550,data/k400/train/3hd4rce0bLM_000000_000010.mp4,high jump,151
4551,data/k400/train/4zB_zBgMW50_000189_000199.mp4,high jump,151
4552,data/k400/train/67Le6A2M0nI_000001_000011.mp4,high jump,151
4553,data/k400/train/7Ba95Prim7E_000000_000010.mp4,high jump,151
4554,data/k400/train/9koft0e9_Ic_000022_000032.mp4,high jump,151
4555,data/k400/train/CHPRgPKYFp0_000000_000010.mp4,high jump,151
4556,data/k400/train/DO5hiyHO9N8_000005_000015.mp4,high jump,151
4557,data/k400/train/FXBszEh-8Yo_000002_000012.mp4,high jump,151
4558,data/k400/train/FeXiI9m-YsQ_000011_000021.mp4,high jump,151
4559,data/k400/train/Ggv5PGJFFGQ_000000_000010.mp4,high jump,151
4560,data/k400/train/I3AAOXWIFoU_000002_000012.mp4,high jump,151
4561,data/k400/train/Jjkmr8epAlY_000100_000110.mp4,high jump,151
4562,data/k400/train/KnGgSwgv4HI_000001_000011.mp4,high jump,151
4563,data/k400/train/Kzjuv_iRqZA_000001_000011.mp4,high jump,151
4564,data/k400/train/Neam2T5DRp8_000003_000013.mp4,high jump,151
4565,data/k400/train/Ou4ShUQPDwI_000001_000011.mp4,high jump,151
4566,data/k400/train/PAa9MnZNH_U_000001_000011.mp4,high jump,151
4567,data/k400/train/PyvaEVpvDME_000234_000244.mp4,high jump,151
4568,data/k400/train/QTTiHZpKYd4_000004_000014.mp4,high jump,151
4569,data/k400/train/QXDhT3LOoe8_000001_000011.mp4,high jump,151
4570,data/k400/train/R80guOGuQek_000003_000013.mp4,high jump,151
4571,data/k400/train/RpKNDzuJ-Y0_000001_000011.mp4,high jump,151
4572,data/k400/train/SCHhRH3M1a4_000001_000011.mp4,high jump,151
4573,data/k400/train/UUp1K0aOZdc_000003_000013.mp4,high jump,151
4574,data/k400/train/UzWWgMIl3_o_000000_000010.mp4,high jump,151
4575,data/k400/train/VxQRLxwBVBU_000000_000010.mp4,high jump,151
4576,data/k400/train/WYJ_SzB94A0_000000_000010.mp4,high jump,151
4577,data/k400/train/Y2Hq-BSsQaM_000002_000012.mp4,high jump,151
4578,data/k400/train/_2ynx9GQIsA_000001_000011.mp4,high jump,151
4579,data/k400/train/bnHrD72frAs_000009_000019.mp4,high jump,151
4580,data/k400/train/cq4bmbfvBCE_000001_000011.mp4,high jump,151
4581,data/k400/train/cte6ADRPm8E_000020_000030.mp4,high jump,151
4582,data/k400/train/dxLYGeN03Wc_000002_000012.mp4,high jump,151
4583,data/k400/train/hzGvAmnTAds_000003_000013.mp4,high jump,151
4584,data/k400/train/j1psOagxvyc_000006_000016.mp4,high jump,151
4585,data/k400/train/jZvMqYL5TB0_000001_000011.mp4,high jump,151
4586,data/k400/train/jt7YbfrLpaI_000000_000010.mp4,high jump,151
4587,data/k400/train/jtfTTRfLipM_000001_000011.mp4,high jump,151
4588,data/k400/train/mVRP7I__cIk_000015_000025.mp4,high jump,151
4589,data/k400/train/oRs7H3YXMow_000001_000011.mp4,high jump,151
4590,data/k400/train/pN1BgPm4okk_000002_000012.mp4,high jump,151
4591,data/k400/train/rhJ-7nJ7o0M_000045_000055.mp4,high jump,151
4592,data/k400/train/s8xM3FUf8hA_000095_000105.mp4,high jump,151
4593,data/k400/train/sQtBCblu7UI_000000_000010.mp4,high jump,151
4594,data/k400/train/sk3f2AYQ4dA_000002_000012.mp4,high jump,151
4595,data/k400/train/tMZ7aS59xYM_000002_000012.mp4,high jump,151
4596,data/k400/train/ti5i1U8NKTE_000021_000031.mp4,high jump,151
4597,data/k400/train/utbpfp1rc2g_000006_000016.mp4,high jump,151
4598,data/k400/train/xcGJFA56kkM_000007_000017.mp4,high jump,151
4599,data/k400/train/yk3qiGy9KCA_000000_000010.mp4,high jump,151
4600,data/k400/train/zSMk8kTyZnY_000000_000010.mp4,high jump,151
4601,data/k400/train/-OE3QDK1phU_000075_000085.mp4,high kick,152
4602,data/k400/train/-pCZZ-Cky24_000002_000012.mp4,high kick,152
4603,data/k400/train/28jakhXQUME_000199_000209.mp4,high kick,152
4604,data/k400/train/2wUsBjuMADY_000013_000023.mp4,high kick,152
4605,data/k400/train/5kSi5sOuZgA_000005_000015.mp4,high kick,152
4606,data/k400/train/5s-JEdjUs3g_000051_000061.mp4,high kick,152
4607,data/k400/train/6uUxR390BXk_000004_000014.mp4,high kick,152
4608,data/k400/train/832xREDWDwY_000061_000071.mp4,high kick,152
4609,data/k400/train/AlimuTUYh8I_000001_000011.mp4,high kick,152
4610,data/k400/train/BcVu_2ueONI_000006_000016.mp4,high kick,152
4611,data/k400/train/D0N2EQwf2nY_000027_000037.mp4,high kick,152
4612,data/k400/train/I5QO-mpxQ3k_000003_000013.mp4,high kick,152
4613,data/k400/train/IvKPLOvtFyo_000007_000017.mp4,high kick,152
4614,data/k400/train/NDMWgOKFxxE_000009_000019.mp4,high kick,152
4615,data/k400/train/NXP6eFW6dWM_000187_000197.mp4,high kick,152
4616,data/k400/train/Oe0pd7aQtKE_000006_000016.mp4,high kick,152
4617,data/k400/train/PtuReAm2ecI_000055_000065.mp4,high kick,152
4618,data/k400/train/Q1FsGZNcMko_000056_000066.mp4,high kick,152
4619,data/k400/train/QPeqxmi_vTw_000003_000013.mp4,high kick,152
4620,data/k400/train/S-cLzFk-A5Q_000004_000014.mp4,high kick,152
4621,data/k400/train/ShYX6nD6AFU_000014_000024.mp4,high kick,152
4622,data/k400/train/SkvJ-woCvJI_000017_000027.mp4,high kick,152
4623,data/k400/train/SlzU2ZPyoCk_000122_000132.mp4,high kick,152
4624,data/k400/train/UvROZltKFv0_000033_000043.mp4,high kick,152
4625,data/k400/train/XJSG2cMQdEY_000121_000131.mp4,high kick,152
4626,data/k400/train/_Lg2I_4Gwdk_000008_000018.mp4,high kick,152
4627,data/k400/train/cLVSWDEFxfI_000050_000060.mp4,high kick,152
4628,data/k400/train/e6dDqoJBsYE_000003_000013.mp4,high kick,152
4629,data/k400/train/eX0eJZBIhgA_000133_000143.mp4,high kick,152
4630,data/k400/train/gvOiLDrpXUM_000008_000018.mp4,high kick,152
4631,data/k400/train/jRUkDfdycdU_000001_000011.mp4,high kick,152
4632,data/k400/train/jdUXARRfWbs_000058_000068.mp4,high kick,152
4633,data/k400/train/nWPTUA9tRl4_000005_000015.mp4,high kick,152
4634,data/k400/train/oCUOXnY39js_000060_000070.mp4,high kick,152
4635,data/k400/train/tuDYslkHhH0_000001_000011.mp4,high kick,152
4636,data/k400/train/vGwewbbYzbM_000143_000153.mp4,high kick,152
4637,data/k400/train/-ZOAbhigGxg_000030_000040.mp4,hitting baseball,153
4638,data/k400/train/0UdD39Qcwtc_000003_000013.mp4,hitting baseball,153
4639,data/k400/train/23VD6ITi7E0_000025_000035.mp4,hitting baseball,153
4640,data/k400/train/2LWFFHnAt7Q_000040_000050.mp4,hitting baseball,153
4641,data/k400/train/4_2SQ3cei4c_000018_000028.mp4,hitting baseball,153
4642,data/k400/train/4h5gm6gaxnI_000111_000121.mp4,hitting baseball,153
4643,data/k400/train/5F-k14PPfYQ_000036_000046.mp4,hitting baseball,153
4644,data/k400/train/6bt8TYz5bjk_000068_000078.mp4,hitting baseball,153
4645,data/k400/train/9NuF1xPtq50_000003_000013.mp4,hitting baseball,153
4646,data/k400/train/AheZ7JepoIk_000279_000289.mp4,hitting baseball,153
4647,data/k400/train/By2wtwZMPXY_000031_000041.mp4,hitting baseball,153
4648,data/k400/train/ClS3CScusoo_000137_000147.mp4,hitting baseball,153
4649,data/k400/train/Dg0SKM9Khw4_000059_000069.mp4,hitting baseball,153
4650,data/k400/train/EGXWsTyOQbo_000001_000011.mp4,hitting baseball,153
4651,data/k400/train/EiRZjAB5JOY_000002_000012.mp4,hitting baseball,153
4652,data/k400/train/ErKnQu2gWj4_000001_000011.mp4,hitting baseball,153
4653,data/k400/train/FcsD-N2WAL0_000004_000014.mp4,hitting baseball,153
4654,data/k400/train/G3J5sGrnp0k_000017_000027.mp4,hitting baseball,153
4655,data/k400/train/GiGoG2APxaU_000869_000879.mp4,hitting baseball,153
4656,data/k400/train/JmiGVvU2LhY_000000_000010.mp4,hitting baseball,153
4657,data/k400/train/M9h1rVDB3qo_000003_000013.mp4,hitting baseball,153
4658,data/k400/train/OXTJX2iRx38_000004_000014.mp4,hitting baseball,153
4659,data/k400/train/OYlQNSEchQU_000213_000223.mp4,hitting baseball,153
4660,data/k400/train/Pu4twupS8P8_000121_000131.mp4,hitting baseball,153
4661,data/k400/train/RNkxQGdpYcI_000408_000418.mp4,hitting baseball,153
4662,data/k400/train/bB1c3Ay0gD0_000009_000019.mp4,hitting baseball,153
4663,data/k400/train/cRLR7sGFxko_000006_000016.mp4,hitting baseball,153
4664,data/k400/train/dVc-R4M09NU_000013_000023.mp4,hitting baseball,153
4665,data/k400/train/ffANpkuk0Gc_000002_000012.mp4,hitting baseball,153
4666,data/k400/train/gBiCmh3dfpM_000028_000038.mp4,hitting baseball,153
4667,data/k400/train/kvvuWln5rxE_000149_000159.mp4,hitting baseball,153
4668,data/k400/train/lBg6wg9h1Tk_000011_000021.mp4,hitting baseball,153
4669,data/k400/train/lRna2AjeNyo_000004_000014.mp4,hitting baseball,153
4670,data/k400/train/lzQwOl6DswY_000107_000117.mp4,hitting baseball,153
4671,data/k400/train/oIL0F7uGlXg_000042_000052.mp4,hitting baseball,153
4672,data/k400/train/pJzcKq8ta8w_000108_000118.mp4,hitting baseball,153
4673,data/k400/train/qVGjuVOBQU0_000011_000021.mp4,hitting baseball,153
4674,data/k400/train/rJsBJCy8kxY_000062_000072.mp4,hitting baseball,153
4675,data/k400/train/ryG3o-0jcP8_000003_000013.mp4,hitting baseball,153
4676,data/k400/train/soiFDb8zxko_000027_000037.mp4,hitting baseball,153
4677,data/k400/train/tSgEMeaoUcU_000141_000151.mp4,hitting baseball,153
4678,data/k400/train/vfKE3sWBYV4_000015_000025.mp4,hitting baseball,153
4679,data/k400/train/wQV8v_n0vIE_000000_000010.mp4,hitting baseball,153
4680,data/k400/train/w_Z8aLinzHs_000120_000130.mp4,hitting baseball,153
4681,data/k400/train/xmAKiNAhoO0_000159_000169.mp4,hitting baseball,153
4682,data/k400/train/0oJlIj63WVo_000011_000021.mp4,hockey stop,154
4683,data/k400/train/4bhSciBTKbE_000001_000011.mp4,hockey stop,154
4684,data/k400/train/6mYaRY6vhDQ_000011_000021.mp4,hockey stop,154
4685,data/k400/train/9pfCwkIXzXw_000014_000024.mp4,hockey stop,154
4686,data/k400/train/CmHpFOvP7fU_000006_000016.mp4,hockey stop,154
4687,data/k400/train/D6WJW7G9sxQ_000000_000010.mp4,hockey stop,154
4688,data/k400/train/DNzQDM9qMf0_000001_000011.mp4,hockey stop,154
4689,data/k400/train/GYkFumsrSho_000038_000048.mp4,hockey stop,154
4690,data/k400/train/emm7XTvH-Cg_000015_000025.mp4,hockey stop,154
4691,data/k400/train/futZmuibk80_000027_000037.mp4,hockey stop,154
4692,data/k400/train/mfY8DUr1Vy0_000199_000209.mp4,hockey stop,154
4693,data/k400/train/rMVgeGR7N_A_000008_000018.mp4,hockey stop,154
4694,data/k400/train/u4IjYKS4KQc_000001_000011.mp4,hockey stop,154
4695,data/k400/train/3x-E0J1yjX4_000020_000030.mp4,holding snake,155
4696,data/k400/train/8LO5dy1GKx0_000004_000014.mp4,holding snake,155
4697,data/k400/train/H3f-r2EqRo4_000001_000011.mp4,holding snake,155
4698,data/k400/train/JQxzDLQMGPM_000050_000060.mp4,holding snake,155
4699,data/k400/train/M81iynZAS5c_000004_000014.mp4,holding snake,155
4700,data/k400/train/cQ1szFmJqWQ_000053_000063.mp4,holding snake,155
4701,data/k400/train/gCn3syLhCYI_000006_000016.mp4,holding snake,155
4702,data/k400/train/gD4xKkngYXs_000004_000014.mp4,holding snake,155
4703,data/k400/train/jm3zE-2_sL4_000034_000044.mp4,holding snake,155
4704,data/k400/train/rV3rRs5KDjs_000000_000010.mp4,holding snake,155
4705,data/k400/train/sAydA67ES8U_000101_000111.mp4,holding snake,155
4706,data/k400/train/sHTPyeXNciE_000010_000020.mp4,holding snake,155
4707,data/k400/train/3HqAkuv3hPQ_000001_000011.mp4,hopscotch,156
4708,data/k400/train/43sZxjeZ34M_000005_000015.mp4,hopscotch,156
4709,data/k400/train/4YK9k1RSCzY_000015_000025.mp4,hopscotch,156
4710,data/k400/train/A0DBMVGFD4c_000026_000036.mp4,hopscotch,156
4711,data/k400/train/DF19OZdC7y8_000000_000010.mp4,hopscotch,156
4712,data/k400/train/Ivn_XLwr3L4_000005_000015.mp4,hopscotch,156
4713,data/k400/train/LkdAjjTEBQw_000038_000048.mp4,hopscotch,156
4714,data/k400/train/MeseVVw0ttk_000003_000013.mp4,hopscotch,156
4715,data/k400/train/NudUSunuKmo_000002_000012.mp4,hopscotch,156
4716,data/k400/train/PEK7iuNkcwQ_000004_000014.mp4,hopscotch,156
4717,data/k400/train/PW7nuPsSgEQ_000007_000017.mp4,hopscotch,156
4718,data/k400/train/U76mTQUTkEE_000000_000010.mp4,hopscotch,156
4719,data/k400/train/XE3dwVHO4Nk_000009_000019.mp4,hopscotch,156
4720,data/k400/train/ZgvJHSdnkOE_000011_000021.mp4,hopscotch,156
4721,data/k400/train/afTSSYmZ8Bk_000026_000036.mp4,hopscotch,156
4722,data/k400/train/cXxLCaGalgo_000069_000079.mp4,hopscotch,156
4723,data/k400/train/cjgARQdHvtI_000015_000025.mp4,hopscotch,156
4724,data/k400/train/dxaxxd03fBg_000008_000018.mp4,hopscotch,156
4725,data/k400/train/jzR1WgP_Z5Q_000022_000032.mp4,hopscotch,156
4726,data/k400/train/lkJnrOvgEqY_000027_000037.mp4,hopscotch,156
4727,data/k400/train/mmJxHmT90wI_000000_000010.mp4,hopscotch,156
4728,data/k400/train/o6cYK40WUnY_000032_000042.mp4,hopscotch,156
4729,data/k400/train/soz5ewXiZRs_000000_000010.mp4,hopscotch,156
4730,data/k400/train/uofPqDBtQbU_000050_000060.mp4,hopscotch,156
4731,data/k400/train/y9XG0d9eJKg_000001_000011.mp4,hopscotch,156
4732,data/k400/train/zl-v316NEGU_000021_000031.mp4,hopscotch,156
4733,data/k400/train/1YN96OSSWaQ_000007_000017.mp4,hoverboarding,157
4734,data/k400/train/2ExCKWRCfvM_000039_000049.mp4,hoverboarding,157
4735,data/k400/train/4Xfe4ZbeK-g_000058_000068.mp4,hoverboarding,157
4736,data/k400/train/8ZtnPJdhtiQ_000204_000214.mp4,hoverboarding,157
4737,data/k400/train/8hWZ6myJBjg_000122_000132.mp4,hoverboarding,157
4738,data/k400/train/9GMusIh0WUI_000008_000018.mp4,hoverboarding,157
4739,data/k400/train/CccdhOf2zSw_000003_000013.mp4,hoverboarding,157
4740,data/k400/train/EIamv6loNqQ_000092_000102.mp4,hoverboarding,157
4741,data/k400/train/EPQyrJllbuU_000011_000021.mp4,hoverboarding,157
4742,data/k400/train/PBaaFDimeaU_000002_000012.mp4,hoverboarding,157
4743,data/k400/train/Tk1l8Z_6Kz8_000041_000051.mp4,hoverboarding,157
4744,data/k400/train/ZMV8puws26Q_000607_000617.mp4,hoverboarding,157
4745,data/k400/train/_v4IrAXjjOY_000006_000016.mp4,hoverboarding,157
4746,data/k400/train/f26YL2-vGoo_000086_000096.mp4,hoverboarding,157
4747,data/k400/train/f3Sr3_4TbrE_000071_000081.mp4,hoverboarding,157
4748,data/k400/train/hc3UgxqY0CE_000052_000062.mp4,hoverboarding,157
4749,data/k400/train/lgMy2h1Bkcg_000047_000057.mp4,hoverboarding,157
4750,data/k400/train/ooongR8tfLU_000001_000011.mp4,hoverboarding,157
4751,data/k400/train/r7DzbXCvY5A_000000_000010.mp4,hoverboarding,157
4752,data/k400/train/yzVnsKlb7gI_000062_000072.mp4,hoverboarding,157
4753,data/k400/train/2vcunHwfp5Q_000006_000016.mp4,hugging,158
4754,data/k400/train/3ThTsXkBokw_000013_000023.mp4,hugging,158
4755,data/k400/train/7IdkznUM1Vk_000035_000045.mp4,hugging,158
4756,data/k400/train/KxsxYDKncJ8_000020_000030.mp4,hugging,158
4757,data/k400/train/MAW-YN2CBpo_000009_000019.mp4,hugging,158
4758,data/k400/train/b4-mVUmPPek_000087_000097.mp4,hugging,158
4759,data/k400/train/crtpsKDb42Y_000023_000033.mp4,hugging,158
4760,data/k400/train/gOxkzClqekg_000094_000104.mp4,hugging,158
4761,data/k400/train/gcz-4TJV3p8_000005_000015.mp4,hugging,158
4762,data/k400/train/hN8CKwdosjE_000062_000072.mp4,hugging,158
4763,data/k400/train/p-esGafCOcM_000023_000033.mp4,hugging,158
4764,data/k400/train/qstwINCOP6o_000210_000220.mp4,hugging,158
4765,data/k400/train/s19XD8Akw_I_000002_000012.mp4,hugging,158
4766,data/k400/train/v8cI6ahdKNM_000025_000035.mp4,hugging,158
4767,data/k400/train/wXsRl_X9W_w_000044_000054.mp4,hugging,158
4768,data/k400/train/zKz2GSjIais_000000_000010.mp4,hugging,158
4769,data/k400/train/-7zR7AFd8nQ_000016_000026.mp4,hula hooping,159
4770,data/k400/train/-QKXzhMI490_000009_000019.mp4,hula hooping,159
4771,data/k400/train/-aVFxatWQrk_000011_000021.mp4,hula hooping,159
4772,data/k400/train/1bvce8I9IaI_000060_000070.mp4,hula hooping,159
4773,data/k400/train/2ww4zyYuK-c_000008_000018.mp4,hula hooping,159
4774,data/k400/train/3gXWdURe2vQ_000163_000173.mp4,hula hooping,159
4775,data/k400/train/54OPNG4zL0E_000060_000070.mp4,hula hooping,159
4776,data/k400/train/5Q3IopOiAFo_000023_000033.mp4,hula hooping,159
4777,data/k400/train/6J9wn4fmb_k_000030_000040.mp4,hula hooping,159
4778,data/k400/train/7WDJENqIFuU_000025_000035.mp4,hula hooping,159
4779,data/k400/train/8cDNwJXvOl4_000028_000038.mp4,hula hooping,159
4780,data/k400/train/Aj_Aq9HgY-g_000001_000011.mp4,hula hooping,159
4781,data/k400/train/DkPfRYOP5z0_000012_000022.mp4,hula hooping,159
4782,data/k400/train/FywWdyd-HGk_000003_000013.mp4,hula hooping,159
4783,data/k400/train/HaoIbqSv0fM_000002_000012.mp4,hula hooping,159
4784,data/k400/train/HehccVCi5IY_000003_000013.mp4,hula hooping,159
4785,data/k400/train/KN6m69gzm4s_000055_000065.mp4,hula hooping,159
4786,data/k400/train/O0f7jC20fko_000019_000029.mp4,hula hooping,159
4787,data/k400/train/RHZ9vpQjv8w_000173_000183.mp4,hula hooping,159
4788,data/k400/train/RIMobQdVSSs_000258_000268.mp4,hula hooping,159
4789,data/k400/train/TE8KbQ2tr4s_000168_000178.mp4,hula hooping,159
4790,data/k400/train/Vnbw6mspa-w_000003_000013.mp4,hula hooping,159
4791,data/k400/train/WTm4jIyR8sE_000021_000031.mp4,hula hooping,159
4792,data/k400/train/WcgYYcHBPFI_000083_000093.mp4,hula hooping,159
4793,data/k400/train/XP6SVWC69lQ_000001_000011.mp4,hula hooping,159
4794,data/k400/train/YpaDsAwY93A_000180_000190.mp4,hula hooping,159
4795,data/k400/train/a0PjYO5pWsY_000053_000063.mp4,hula hooping,159
4796,data/k400/train/duBCzxAvjZo_000004_000014.mp4,hula hooping,159
4797,data/k400/train/fZPwbHQZPuE_000097_000107.mp4,hula hooping,159
4798,data/k400/train/l4GHar9rCXg_000011_000021.mp4,hula hooping,159
4799,data/k400/train/nivwO58FYPo_000048_000058.mp4,hula hooping,159
4800,data/k400/train/piTpcDgOxtA_000044_000054.mp4,hula hooping,159
4801,data/k400/train/pm6vUM-lMPk_000015_000025.mp4,hula hooping,159
4802,data/k400/train/s-EHuMIBIwU_000025_000035.mp4,hula hooping,159
4803,data/k400/train/u0jZ_GySW54_000147_000157.mp4,hula hooping,159
4804,data/k400/train/v1rZidZ2Fyk_000134_000144.mp4,hula hooping,159
4805,data/k400/train/v2YEb99LiRs_000015_000025.mp4,hula hooping,159
4806,data/k400/train/vaIwZYHKRDY_000001_000011.mp4,hula hooping,159
4807,data/k400/train/wHCxcIL27lA_000001_000011.mp4,hula hooping,159
4808,data/k400/train/yHMxXT3swgg_000048_000058.mp4,hula hooping,159
4809,data/k400/train/yiRexXx3R98_000008_000018.mp4,hula hooping,159
4810,data/k400/train/zuJQetRptGA_000002_000012.mp4,hula hooping,159
4811,data/k400/train/0K4WaRi9dAk_000019_000029.mp4,hurdling,160
4812,data/k400/train/0UEeSEdrzgQ_000002_000012.mp4,hurdling,160
4813,data/k400/train/5I7NeuQdBgI_000000_000010.mp4,hurdling,160
4814,data/k400/train/7iKyPOOTZmU_000021_000031.mp4,hurdling,160
4815,data/k400/train/BnOINZgzsY0_000021_000031.mp4,hurdling,160
4816,data/k400/train/D7e57nT2PF4_000005_000015.mp4,hurdling,160
4817,data/k400/train/LAdiG9bW1dU_000078_000088.mp4,hurdling,160
4818,data/k400/train/M-iLkDRttTs_000001_000011.mp4,hurdling,160
4819,data/k400/train/NG5_-EC_q7g_000014_000024.mp4,hurdling,160
4820,data/k400/train/NI1_BcyQ_uQ_000004_000014.mp4,hurdling,160
4821,data/k400/train/OQWaQ_di9Yg_000066_000076.mp4,hurdling,160
4822,data/k400/train/TIeFwFi3DIw_000019_000029.mp4,hurdling,160
4823,data/k400/train/WHoi64TlX9g_000012_000022.mp4,hurdling,160
4824,data/k400/train/Ze0gQsnT0Ls_000002_000012.mp4,hurdling,160
4825,data/k400/train/b6rd-618wb8_000006_000016.mp4,hurdling,160
4826,data/k400/train/cMzW7cW8q0U_000004_000014.mp4,hurdling,160
4827,data/k400/train/hXZGmWrSCtI_000025_000035.mp4,hurdling,160
4828,data/k400/train/pE6t6h-Ours_000042_000052.mp4,hurdling,160
4829,data/k400/train/sargZ4RFzxs_000002_000012.mp4,hurdling,160
4830,data/k400/train/tKRmEG-w2B4_000001_000011.mp4,hurdling,160
4831,data/k400/train/uaETbJAKxnk_000004_000014.mp4,hurdling,160
4832,data/k400/train/wSpLHsGk4so_000146_000156.mp4,hurdling,160
4833,data/k400/train/y9InIFmo59w_000033_000043.mp4,hurdling,160
4834,data/k400/train/240Wf7VcqgU_000221_000231.mp4,hurling (sport),161
4835,data/k400/train/5AFIBErQfZs_000117_000127.mp4,hurling (sport),161
4836,data/k400/train/Dy3rYsBiGt8_000149_000159.mp4,hurling (sport),161
4837,data/k400/train/FH_U_WyF2jA_000172_000182.mp4,hurling (sport),161
4838,data/k400/train/FKuoEgiH2bM_000318_000328.mp4,hurling (sport),161
4839,data/k400/train/HC4o0dCTQQc_000028_000038.mp4,hurling (sport),161
4840,data/k400/train/IVhDyuthjfQ_000063_000073.mp4,hurling (sport),161
4841,data/k400/train/IrEapVtgq30_000255_000265.mp4,hurling (sport),161
4842,data/k400/train/OXUDWqeU_-8_000437_000447.mp4,hurling (sport),161
4843,data/k400/train/PPRFv1Xgm9U_000021_000031.mp4,hurling (sport),161
4844,data/k400/train/PwNzHxuOPtk_001154_001164.mp4,hurling (sport),161
4845,data/k400/train/R62qs6dEhnU_000031_000041.mp4,hurling (sport),161
4846,data/k400/train/SOgYMnifi-Y_000029_000039.mp4,hurling (sport),161
4847,data/k400/train/XjiGghj0InA_000349_000359.mp4,hurling (sport),161
4848,data/k400/train/Xx7CkvDm45w_000119_000129.mp4,hurling (sport),161
4849,data/k400/train/ZUoIpoEBztU_000113_000123.mp4,hurling (sport),161
4850,data/k400/train/bdHuY16ZeLk_000000_000010.mp4,hurling (sport),161
4851,data/k400/train/bfoezdRfbtQ_000060_000070.mp4,hurling (sport),161
4852,data/k400/train/evfzp1cUtpA_000225_000235.mp4,hurling (sport),161
4853,data/k400/train/i0RCJzZGRKg_000120_000130.mp4,hurling (sport),161
4854,data/k400/train/jVUz7Ip27As_000022_000032.mp4,hurling (sport),161
4855,data/k400/train/mEQVM1ftFVU_000537_000547.mp4,hurling (sport),161
4856,data/k400/train/mU_1TzdOeaQ_000010_000020.mp4,hurling (sport),161
4857,data/k400/train/mkEME_iWi9o_000040_000050.mp4,hurling (sport),161
4858,data/k400/train/oDOlbcyqlgE_000019_000029.mp4,hurling (sport),161
4859,data/k400/train/sdjR8i2XQnA_000147_000157.mp4,hurling (sport),161
4860,data/k400/train/uyah_nqfqTQ_000680_000690.mp4,hurling (sport),161
4861,data/k400/train/w79fPfgW87U_000000_000010.mp4,hurling (sport),161
4862,data/k400/train/wzlE7YZgGcc_000175_000185.mp4,hurling (sport),161
4863,data/k400/train/x4Jp5ckwVBY_000278_000288.mp4,hurling (sport),161
4864,data/k400/train/yMZvzn8CPNo_000014_000024.mp4,hurling (sport),161
4865,data/k400/train/1VvCC2rCftc_000026_000036.mp4,ice climbing,162
4866,data/k400/train/6TmeYi5czcA_000075_000085.mp4,ice climbing,162
4867,data/k400/train/7hVjdU473G8_000014_000024.mp4,ice climbing,162
4868,data/k400/train/8cIlvFpkv2I_000009_000019.mp4,ice climbing,162
4869,data/k400/train/ByiQKcaC4NY_000008_000018.mp4,ice climbing,162
4870,data/k400/train/D1kfcNCg0xA_000501_000511.mp4,ice climbing,162
4871,data/k400/train/EYqNWZgmnQ0_000028_000038.mp4,ice climbing,162
4872,data/k400/train/Ew2iaUqmr8M_000039_000049.mp4,ice climbing,162
4873,data/k400/train/Gp6itC0k3Y4_000024_000034.mp4,ice climbing,162
4874,data/k400/train/IehAdl40lJE_000110_000120.mp4,ice climbing,162
4875,data/k400/train/LFv1BVbJHHU_000111_000121.mp4,ice climbing,162
4876,data/k400/train/O6r7Wb6N-5s_000669_000679.mp4,ice climbing,162
4877,data/k400/train/OyUeQwQZS8g_000091_000101.mp4,ice climbing,162
4878,data/k400/train/PwJY5-lkGA0_000113_000123.mp4,ice climbing,162
4879,data/k400/train/Q22-xwq1Jr4_000005_000015.mp4,ice climbing,162
4880,data/k400/train/SDsiJqcrKF0_000042_000052.mp4,ice climbing,162
4881,data/k400/train/TqRP4-jHRVo_000040_000050.mp4,ice climbing,162
4882,data/k400/train/WNf_n5wmbA0_000007_000017.mp4,ice climbing,162
4883,data/k400/train/YvcSFZwNETM_000009_000019.mp4,ice climbing,162
4884,data/k400/train/_T6tUb5YvJs_000085_000095.mp4,ice climbing,162
4885,data/k400/train/aS0ndXV8azM_000032_000042.mp4,ice climbing,162
4886,data/k400/train/b7GodKfm5EI_000084_000094.mp4,ice climbing,162
4887,data/k400/train/cLxqEQ5DJTQ_000176_000186.mp4,ice climbing,162
4888,data/k400/train/ccXdm-A6fvY_000002_000012.mp4,ice climbing,162
4889,data/k400/train/dNaYcZCQIo0_000155_000165.mp4,ice climbing,162
4890,data/k400/train/fKIkImnMpC8_000003_000013.mp4,ice climbing,162
4891,data/k400/train/h9I072lSxRo_000167_000177.mp4,ice climbing,162
4892,data/k400/train/iHjgAiGCS6E_000050_000060.mp4,ice climbing,162
4893,data/k400/train/j3I6nPx-cP0_000006_000016.mp4,ice climbing,162
4894,data/k400/train/kDc0rlBYZMU_000006_000016.mp4,ice climbing,162
4895,data/k400/train/stnr5RG-Hv4_000124_000134.mp4,ice climbing,162
4896,data/k400/train/tzCWB3SnpZg_000012_000022.mp4,ice climbing,162
4897,data/k400/train/uw4CTqL2auc_000136_000146.mp4,ice climbing,162
4898,data/k400/train/vtWdp1ZAMi8_000093_000103.mp4,ice climbing,162
4899,data/k400/train/w8VWubk2quk_000010_000020.mp4,ice climbing,162
4900,data/k400/train/x-A9SSG2N30_000118_000128.mp4,ice climbing,162
4901,data/k400/train/yJ1vjvpo4xc_000022_000032.mp4,ice climbing,162
4902,data/k400/train/66qCr6Zv-nE_000106_000116.mp4,ice fishing,163
4903,data/k400/train/7x5dW1pAuag_000016_000026.mp4,ice fishing,163
4904,data/k400/train/9WG9gXZNiIQ_000007_000017.mp4,ice fishing,163
4905,data/k400/train/C1HOeK_pc5I_000102_000112.mp4,ice fishing,163
4906,data/k400/train/Gf8gnDzF_y8_000070_000080.mp4,ice fishing,163
4907,data/k400/train/MTWKiQ-p7WY_000213_000223.mp4,ice fishing,163
4908,data/k400/train/MiquaUGqres_000031_000041.mp4,ice fishing,163
4909,data/k400/train/OcEOBTjzBE8_000037_000047.mp4,ice fishing,163
4910,data/k400/train/RzEAeqDU0A0_000317_000327.mp4,ice fishing,163
4911,data/k400/train/TksfzD7aXmg_000023_000033.mp4,ice fishing,163
4912,data/k400/train/VbEbFL2mpzc_000010_000020.mp4,ice fishing,163
4913,data/k400/train/ZJd2dPW9QU4_000080_000090.mp4,ice fishing,163
4914,data/k400/train/br1hSeU1-cY_000069_000079.mp4,ice fishing,163
4915,data/k400/train/exnw2jDi1EI_000040_000050.mp4,ice fishing,163
4916,data/k400/train/ic6qpZDYvCc_000007_000017.mp4,ice fishing,163
4917,data/k400/train/llWFokbsc24_000039_000049.mp4,ice fishing,163
4918,data/k400/train/xXfxXU-6Hhk_000018_000028.mp4,ice fishing,163
4919,data/k400/train/-YU4T9tiJYA_000001_000011.mp4,ice skating,164
4920,data/k400/train/08z-ph3d1WY_000032_000042.mp4,ice skating,164
4921,data/k400/train/0SXMVYreEmI_000544_000554.mp4,ice skating,164
4922,data/k400/train/1cD4EQm_1dg_000035_000045.mp4,ice skating,164
4923,data/k400/train/2U7YK-aOxrY_000017_000027.mp4,ice skating,164
4924,data/k400/train/3t9GFlO8r78_000004_000014.mp4,ice skating,164
4925,data/k400/train/69Qg4dJMfp0_000016_000026.mp4,ice skating,164
4926,data/k400/train/6HL9Co-Sut8_000084_000094.mp4,ice skating,164
4927,data/k400/train/ABErK45kQBI_000081_000091.mp4,ice skating,164
4928,data/k400/train/Bf_jKV1gvlA_000026_000036.mp4,ice skating,164
4929,data/k400/train/Dceij4101xM_000003_000013.mp4,ice skating,164
4930,data/k400/train/Dolo0845_is_000000_000010.mp4,ice skating,164
4931,data/k400/train/H26av1EuLUk_000202_000212.mp4,ice skating,164
4932,data/k400/train/ISP2rL5min8_000048_000058.mp4,ice skating,164
4933,data/k400/train/J8uW_B7Plm0_000002_000012.mp4,ice skating,164
4934,data/k400/train/K902c3yAhXg_000007_000017.mp4,ice skating,164
4935,data/k400/train/KMr39CI2fYM_000077_000087.mp4,ice skating,164
4936,data/k400/train/LCt7OWpVPHY_000114_000124.mp4,ice skating,164
4937,data/k400/train/ObYrd_R6jhU_000023_000033.mp4,ice skating,164
4938,data/k400/train/P4T22R33sCA_000001_000011.mp4,ice skating,164
4939,data/k400/train/P7nn5RP5Vi8_000001_000011.mp4,ice skating,164
4940,data/k400/train/Q4pDF6HcBFg_000026_000036.mp4,ice skating,164
4941,data/k400/train/QjzUNMOBHqk_000001_000011.mp4,ice skating,164
4942,data/k400/train/S43z7dJa99M_000003_000013.mp4,ice skating,164
4943,data/k400/train/So6ueKcrDDo_000004_000014.mp4,ice skating,164
4944,data/k400/train/TRmGexzX8C0_000000_000010.mp4,ice skating,164
4945,data/k400/train/Upz0MzOS6Wk_000001_000011.mp4,ice skating,164
4946,data/k400/train/VQmk_qPQpok_000075_000085.mp4,ice skating,164
4947,data/k400/train/WSP_AIM130o_000065_000075.mp4,ice skating,164
4948,data/k400/train/YahIEitvo-I_000110_000120.mp4,ice skating,164
4949,data/k400/train/bXATM04n_Xc_000004_000014.mp4,ice skating,164
4950,data/k400/train/bYqpRPZW7Cs_000120_000130.mp4,ice skating,164
4951,data/k400/train/dlplFSEIttI_000002_000012.mp4,ice skating,164
4952,data/k400/train/e6T56NPA610_000004_000014.mp4,ice skating,164
4953,data/k400/train/eMA_FskyqbY_000021_000031.mp4,ice skating,164
4954,data/k400/train/freY7jkrOVo_000001_000011.mp4,ice skating,164
4955,data/k400/train/hg37495U4ZU_000045_000055.mp4,ice skating,164
4956,data/k400/train/hoqwVTqU3lM_000163_000173.mp4,ice skating,164
4957,data/k400/train/kokzztWxn_U_000004_000014.mp4,ice skating,164
4958,data/k400/train/l9XQmCazjtQ_000002_000012.mp4,ice skating,164
4959,data/k400/train/mKEWpjVH9JE_000026_000036.mp4,ice skating,164
4960,data/k400/train/rAfrPdQpVcs_000131_000141.mp4,ice skating,164
4961,data/k400/train/rYRTqpourFA_000004_000014.mp4,ice skating,164
4962,data/k400/train/s-W5oegr8Mo_000049_000059.mp4,ice skating,164
4963,data/k400/train/shw4mwLZqyY_000120_000130.mp4,ice skating,164
4964,data/k400/train/tXS2jVhRbEs_000049_000059.mp4,ice skating,164
4965,data/k400/train/tlWReGCRulg_000065_000075.mp4,ice skating,164
4966,data/k400/train/uKoEHwrngjU_000047_000057.mp4,ice skating,164
4967,data/k400/train/uv17kmx3WQ0_000004_000014.mp4,ice skating,164
4968,data/k400/train/whHsxmMmUYg_000025_000035.mp4,ice skating,164
4969,data/k400/train/wmxFr6MIs08_000069_000079.mp4,ice skating,164
4970,data/k400/train/ydXX1dha6bU_000029_000039.mp4,ice skating,164
4971,data/k400/train/yqZ6coyHho4_000019_000029.mp4,ice skating,164
4972,data/k400/train/zQxjIlO7fuo_000016_000026.mp4,ice skating,164
4973,data/k400/train/5Z0q0GcRenA_000690_000700.mp4,ironing,165
4974,data/k400/train/AkYXgoN8t_0_000066_000076.mp4,ironing,165
4975,data/k400/train/I3uzAKTBa78_000278_000288.mp4,ironing,165
4976,data/k400/train/ZTlMjHPiDfs_000042_000052.mp4,ironing,165
4977,data/k400/train/dtRjvrIAKIM_000161_000171.mp4,ironing,165
4978,data/k400/train/gXMd4a06I8Q_000027_000037.mp4,ironing,165
4979,data/k400/train/-o6aN6LzOJw_000002_000012.mp4,javelin throw,166
4980,data/k400/train/3rFrUqWvrgc_000005_000015.mp4,javelin throw,166
4981,data/k400/train/7xva_MguFuA_000004_000014.mp4,javelin throw,166
4982,data/k400/train/8depgjpLFlM_000005_000015.mp4,javelin throw,166
4983,data/k400/train/95qKGiNbmxc_000004_000014.mp4,javelin throw,166
4984,data/k400/train/9Uo3nHgdhlQ_000001_000011.mp4,javelin throw,166
4985,data/k400/train/AzyEp8_ayo0_000003_000013.mp4,javelin throw,166
4986,data/k400/train/B3eDL6ExsIg_000004_000014.mp4,javelin throw,166
4987,data/k400/train/DH6zasnHw4Y_000313_000323.mp4,javelin throw,166
4988,data/k400/train/EWQoPlzplIA_000000_000010.mp4,javelin throw,166
4989,data/k400/train/HWqER2oOLcw_000002_000012.mp4,javelin throw,166
4990,data/k400/train/Kx7rl4-Qxaw_000001_000011.mp4,javelin throw,166
4991,data/k400/train/LUnT1gGk6xU_000056_000066.mp4,javelin throw,166
4992,data/k400/train/MNB1zsRhYWI_000030_000040.mp4,javelin throw,166
4993,data/k400/train/PB5qCpWxrBQ_000239_000249.mp4,javelin throw,166
4994,data/k400/train/PUv8fG35L04_000031_000041.mp4,javelin throw,166
4995,data/k400/train/SDiSlrfOMJ0_000000_000010.mp4,javelin throw,166
4996,data/k400/train/T2JNaxWGr_g_000001_000011.mp4,javelin throw,166
4997,data/k400/train/U9AkyMWcRhA_000004_000014.mp4,javelin throw,166
4998,data/k400/train/V3ONDGjFKtY_000046_000056.mp4,javelin throw,166
4999,data/k400/train/VK7dTEsVz2o_000002_000012.mp4,javelin throw,166
5000,data/k400/train/YjZqZtg1tWk_000051_000061.mp4,javelin throw,166
5001,data/k400/train/Z8KR9JshEeE_000020_000030.mp4,javelin throw,166
5002,data/k400/train/ZyuYVdjbUcU_000004_000014.mp4,javelin throw,166
5003,data/k400/train/_8SzjYznJ-E_000004_000014.mp4,javelin throw,166
5004,data/k400/train/_a57iNTVF4A_000027_000037.mp4,javelin throw,166
5005,data/k400/train/aE6_kSSW-ls_000019_000029.mp4,javelin throw,166
5006,data/k400/train/eCoS99v299I_000004_000014.mp4,javelin throw,166
5007,data/k400/train/ibTdtX24tQs_000000_000010.mp4,javelin throw,166
5008,data/k400/train/ktSfLgeBPq8_000009_000019.mp4,javelin throw,166
5009,data/k400/train/mOTlGa5MQRU_000091_000101.mp4,javelin throw,166
5010,data/k400/train/mes0qwtzFF4_000001_000011.mp4,javelin throw,166
5011,data/k400/train/nsORyttCPT8_000002_000012.mp4,javelin throw,166
5012,data/k400/train/r41sb7N8RKs_000050_000060.mp4,javelin throw,166
5013,data/k400/train/rY5Qa11TkM8_000011_000021.mp4,javelin throw,166
5014,data/k400/train/s2qjZMHLa30_000003_000013.mp4,javelin throw,166
5015,data/k400/train/sLOPgfRyxHg_000104_000114.mp4,javelin throw,166
5016,data/k400/train/vIdv5txFw-Q_000001_000011.mp4,javelin throw,166
5017,data/k400/train/vJuHbR69Mc0_000010_000020.mp4,javelin throw,166
5018,data/k400/train/wAb1F8A9pyA_000004_000014.mp4,javelin throw,166
5019,data/k400/train/0fZm0DKBiK4_000180_000190.mp4,jetskiing,167
5020,data/k400/train/119z99RxD-w_000033_000043.mp4,jetskiing,167
5021,data/k400/train/1CJzkhzou1Y_000038_000048.mp4,jetskiing,167
5022,data/k400/train/1NIMRw_8rxA_000043_000053.mp4,jetskiing,167
5023,data/k400/train/3XO_7TUo_Ho_000094_000104.mp4,jetskiing,167
5024,data/k400/train/5V-_qcQstJc_000003_000013.mp4,jetskiing,167
5025,data/k400/train/6YEYQuWo7-Y_000067_000077.mp4,jetskiing,167
5026,data/k400/train/7WeOs2VC2t4_000144_000154.mp4,jetskiing,167
5027,data/k400/train/89tWVCKlfk0_000000_000010.mp4,jetskiing,167
5028,data/k400/train/8IeNcLrwRgw_000073_000083.mp4,jetskiing,167
5029,data/k400/train/8O4isA3GBQ8_000013_000023.mp4,jetskiing,167
5030,data/k400/train/B-CHGtGkCvk_000281_000291.mp4,jetskiing,167
5031,data/k400/train/BerJ7Pd5UDk_000002_000012.mp4,jetskiing,167
5032,data/k400/train/BxadJ92WBo8_000013_000023.mp4,jetskiing,167
5033,data/k400/train/EQPC0-41XpA_000085_000095.mp4,jetskiing,167
5034,data/k400/train/HIRBX2CT_qY_000170_000180.mp4,jetskiing,167
5035,data/k400/train/Hu_4F-Rkkps_000000_000010.mp4,jetskiing,167
5036,data/k400/train/IIs8NB9zPnU_000199_000209.mp4,jetskiing,167
5037,data/k400/train/Mi1P3HB1LpM_000116_000126.mp4,jetskiing,167
5038,data/k400/train/MkngxxLknG0_000546_000556.mp4,jetskiing,167
5039,data/k400/train/NKi8IFZTsyk_000052_000062.mp4,jetskiing,167
5040,data/k400/train/OcfBKc_j_rQ_000909_000919.mp4,jetskiing,167
5041,data/k400/train/Q7OpZetFkU8_000161_000171.mp4,jetskiing,167
5042,data/k400/train/Q_9y1yT_ue0_000425_000435.mp4,jetskiing,167
5043,data/k400/train/RFnNiJDAHuY_000041_000051.mp4,jetskiing,167
5044,data/k400/train/RY-3S8e0zyE_000153_000163.mp4,jetskiing,167
5045,data/k400/train/TqBVYUGraFw_000248_000258.mp4,jetskiing,167
5046,data/k400/train/Ui1MRz-2b4A_000009_000019.mp4,jetskiing,167
5047,data/k400/train/UvuDvSrFDYc_000076_000086.mp4,jetskiing,167
5048,data/k400/train/VYknZOILUjU_000023_000033.mp4,jetskiing,167
5049,data/k400/train/VuBwVa6KmbM_000029_000039.mp4,jetskiing,167
5050,data/k400/train/WbxzzhlRUlc_000465_000475.mp4,jetskiing,167
5051,data/k400/train/YGJrY63zFpA_000010_000020.mp4,jetskiing,167
5052,data/k400/train/ZLmae5eeFkY_000000_000010.mp4,jetskiing,167
5053,data/k400/train/ZMEtjU7F2Xo_000152_000162.mp4,jetskiing,167
5054,data/k400/train/_toG7_YkHm4_000214_000224.mp4,jetskiing,167
5055,data/k400/train/bt6t17UXcmc_000056_000066.mp4,jetskiing,167
5056,data/k400/train/buuCd1_9G0o_000181_000191.mp4,jetskiing,167
5057,data/k400/train/c0MXm_Z7vQI_000015_000025.mp4,jetskiing,167
5058,data/k400/train/c9wnNxkRKNc_000041_000051.mp4,jetskiing,167
5059,data/k400/train/ecusValFbzg_000049_000059.mp4,jetskiing,167
5060,data/k400/train/f3_I3eowvc4_000281_000291.mp4,jetskiing,167
5061,data/k400/train/fT-Y8Y8QitU_000005_000015.mp4,jetskiing,167
5062,data/k400/train/jBJhopWfmGM_000437_000447.mp4,jetskiing,167
5063,data/k400/train/ltVMyJRD20Y_000021_000031.mp4,jetskiing,167
5064,data/k400/train/mkxI0zzuHsU_000010_000020.mp4,jetskiing,167
5065,data/k400/train/rICbpY8pn-E_000081_000091.mp4,jetskiing,167
5066,data/k400/train/sDQy-Ko623g_000082_000092.mp4,jetskiing,167
5067,data/k400/train/sq-s8GTNR9g_000135_000145.mp4,jetskiing,167
5068,data/k400/train/wTBluvDJShc_000085_000095.mp4,jetskiing,167
5069,data/k400/train/wnYzfAKbef8_000046_000056.mp4,jetskiing,167
5070,data/k400/train/5bl3mfK0LGc_000005_000015.mp4,jogging,168
5071,data/k400/train/DRBqBfCxXTE_000007_000017.mp4,jogging,168
5072,data/k400/train/FFNX16bvLD4_000004_000014.mp4,jogging,168
5073,data/k400/train/FnrWL_pAvwk_000011_000021.mp4,jogging,168
5074,data/k400/train/GuennmUwWkw_000000_000010.mp4,jogging,168
5075,data/k400/train/MFX-Y4N_A9E_000078_000088.mp4,jogging,168
5076,data/k400/train/UuXMiz9mANo_000017_000027.mp4,jogging,168
5077,data/k400/train/Uy3VHaI-j1w_000001_000011.mp4,jogging,168
5078,data/k400/train/ZJc_Uu5SHfg_000078_000088.mp4,jogging,168
5079,data/k400/train/eLplobSgqOY_000160_000170.mp4,jogging,168
5080,data/k400/train/kamh4AnO5lE_000014_000024.mp4,jogging,168
5081,data/k400/train/l_4eRwCMi1Q_000044_000054.mp4,jogging,168
5082,data/k400/train/5zaDvzTroUk_000025_000035.mp4,juggling balls,169
5083,data/k400/train/6b8YhncMNlw_000001_000011.mp4,juggling balls,169
5084,data/k400/train/8Oz5T4qj4eU_000017_000027.mp4,juggling balls,169
5085,data/k400/train/CDTIi4xclHs_000024_000034.mp4,juggling balls,169
5086,data/k400/train/LMpB2X16GOI_000004_000014.mp4,juggling balls,169
5087,data/k400/train/N8I1-7SLjIQ_000000_000010.mp4,juggling balls,169
5088,data/k400/train/OYnZoNNpdXQ_000012_000022.mp4,juggling balls,169
5089,data/k400/train/Sf3O318B1P4_000002_000012.mp4,juggling balls,169
5090,data/k400/train/T1J2DFxqJHY_000000_000010.mp4,juggling balls,169
5091,data/k400/train/TeFgiIEbi58_000003_000013.mp4,juggling balls,169
5092,data/k400/train/V_CE-J0DdH8_000118_000128.mp4,juggling balls,169
5093,data/k400/train/VdDHPh0qQJI_000076_000086.mp4,juggling balls,169
5094,data/k400/train/WMJMFMTYkJI_000028_000038.mp4,juggling balls,169
5095,data/k400/train/aqKUxvuvyuo_000309_000319.mp4,juggling balls,169
5096,data/k400/train/cgC1ZOMuMiA_000220_000230.mp4,juggling balls,169
5097,data/k400/train/cwDePc4Z4ws_000023_000033.mp4,juggling balls,169
5098,data/k400/train/detPoIkRxKk_000014_000024.mp4,juggling balls,169
5099,data/k400/train/h0pNF2WVccM_000016_000026.mp4,juggling balls,169
5100,data/k400/train/heei6xzCz5s_000273_000283.mp4,juggling balls,169
5101,data/k400/train/i8W1IzIAjqI_000003_000013.mp4,juggling balls,169
5102,data/k400/train/iipeIq-NFKM_000068_000078.mp4,juggling balls,169
5103,data/k400/train/kZq67NlK4oU_000073_000083.mp4,juggling balls,169
5104,data/k400/train/ogQ304829xw_000001_000011.mp4,juggling balls,169
5105,data/k400/train/qbrPkVhAO0g_000035_000045.mp4,juggling balls,169
5106,data/k400/train/uPfvZ3alZ5E_000002_000012.mp4,juggling balls,169
5107,data/k400/train/ulFZkih0qGE_000001_000011.mp4,juggling balls,169
5108,data/k400/train/vFBYK6eN5_U_000001_000011.mp4,juggling balls,169
5109,data/k400/train/wdtqWAZ6kgM_000197_000207.mp4,juggling balls,169
5110,data/k400/train/xayAN804GTY_000207_000217.mp4,juggling balls,169
5111,data/k400/train/ytMJA83-TFc_000119_000129.mp4,juggling balls,169
5112,data/k400/train/2nOXq2ph5uU_000005_000015.mp4,juggling fire,170
5113,data/k400/train/4fxNzOh4k7k_000000_000010.mp4,juggling fire,170
5114,data/k400/train/9YM7nUFCA3M_000006_000016.mp4,juggling fire,170
5115,data/k400/train/F2VBexTjAzo_000001_000011.mp4,juggling fire,170
5116,data/k400/train/NnoCh7oLIZA_000257_000267.mp4,juggling fire,170
5117,data/k400/train/OF9PWXJkvuU_000003_000013.mp4,juggling fire,170
5118,data/k400/train/PkglXtwQw7I_000001_000011.mp4,juggling fire,170
5119,data/k400/train/S09bAEu3jaw_000037_000047.mp4,juggling fire,170
5120,data/k400/train/SUwPjcFlQJA_000026_000036.mp4,juggling fire,170
5121,data/k400/train/T2GWK8945mo_000015_000025.mp4,juggling fire,170
5122,data/k400/train/VTsd7jIZReE_000007_000017.mp4,juggling fire,170
5123,data/k400/train/WTH29PB7y08_000004_000014.mp4,juggling fire,170
5124,data/k400/train/Wwakx24xyEM_000097_000107.mp4,juggling fire,170
5125,data/k400/train/YGRFfJBsKno_000003_000013.mp4,juggling fire,170
5126,data/k400/train/ZV_jMvDRDI0_000211_000221.mp4,juggling fire,170
5127,data/k400/train/e71aa2Ks6fY_000162_000172.mp4,juggling fire,170
5128,data/k400/train/gh6kZbTLsfA_000016_000026.mp4,juggling fire,170
5129,data/k400/train/gl4-vRVrw0Y_000030_000040.mp4,juggling fire,170
5130,data/k400/train/iPSYubOj5eg_000080_000090.mp4,juggling fire,170
5131,data/k400/train/jeJvFaEsHO4_000037_000047.mp4,juggling fire,170
5132,data/k400/train/keh9xl2ZVjw_000079_000089.mp4,juggling fire,170
5133,data/k400/train/mPHiUH416Bs_000002_000012.mp4,juggling fire,170
5134,data/k400/train/s90q3YtWURI_000007_000017.mp4,juggling fire,170
5135,data/k400/train/tkVnX0DkIKc_000001_000011.mp4,juggling fire,170
5136,data/k400/train/znUpS5HwCZg_000215_000225.mp4,juggling fire,170
5137,data/k400/train/5hmEHtOWHlw_000020_000030.mp4,juggling soccer ball,171
5138,data/k400/train/6ayexKqN6XU_000000_000010.mp4,juggling soccer ball,171
5139,data/k400/train/BXXa3dBOmOo_000038_000048.mp4,juggling soccer ball,171
5140,data/k400/train/E9pMn682ySw_000003_000013.mp4,juggling soccer ball,171
5141,data/k400/train/EsV0WD8qV30_000028_000038.mp4,juggling soccer ball,171
5142,data/k400/train/G40dya0h3t8_000001_000011.mp4,juggling soccer ball,171
5143,data/k400/train/KFJF5zafSao_000006_000016.mp4,juggling soccer ball,171
5144,data/k400/train/OtW-UHI3PtE_000150_000160.mp4,juggling soccer ball,171
5145,data/k400/train/YiKOpq_X7wc_000005_000015.mp4,juggling soccer ball,171
5146,data/k400/train/ZAV1VJu9R9Y_000105_000115.mp4,juggling soccer ball,171
5147,data/k400/train/ZtvcWGpCBbI_000003_000013.mp4,juggling soccer ball,171
5148,data/k400/train/dAC6bL_tzl8_000001_000011.mp4,juggling soccer ball,171
5149,data/k400/train/iTWfNiud6IE_000016_000026.mp4,juggling soccer ball,171
5150,data/k400/train/icR7PKKBZLU_000026_000036.mp4,juggling soccer ball,171
5151,data/k400/train/j5bcdxBz4JE_000029_000039.mp4,juggling soccer ball,171
5152,data/k400/train/lVwRQKU4W8I_000030_000040.mp4,juggling soccer ball,171
5153,data/k400/train/qO5E1RNiqB0_000206_000216.mp4,juggling soccer ball,171
5154,data/k400/train/rOh0PzSCL2I_000043_000053.mp4,juggling soccer ball,171
5155,data/k400/train/ryEc6LAtUlI_000179_000189.mp4,juggling soccer ball,171
5156,data/k400/train/s3wrr1rP2h8_000002_000012.mp4,juggling soccer ball,171
5157,data/k400/train/xPbowW22LWk_000219_000229.mp4,juggling soccer ball,171
5158,data/k400/train/xj2UheP8uZw_000000_000010.mp4,juggling soccer ball,171
5159,data/k400/train/7j6xbb0j2rU_000035_000045.mp4,jumping into pool,172
5160,data/k400/train/9oDOSCLbJ0k_000006_000016.mp4,jumping into pool,172
5161,data/k400/train/9rwvbhAg0wc_000000_000010.mp4,jumping into pool,172
5162,data/k400/train/Aa-ME98SKxk_000003_000013.mp4,jumping into pool,172
5163,data/k400/train/AfRwQrNcvYw_000004_000014.mp4,jumping into pool,172
5164,data/k400/train/AlTiPOETzMw_000006_000016.mp4,jumping into pool,172
5165,data/k400/train/Bm26-3npC-8_000000_000010.mp4,jumping into pool,172
5166,data/k400/train/EX3ESuAx1Wk_000003_000013.mp4,jumping into pool,172
5167,data/k400/train/EjpVvh4W198_000003_000013.mp4,jumping into pool,172
5168,data/k400/train/F7mE771GUdQ_000006_000016.mp4,jumping into pool,172
5169,data/k400/train/HTfwSsEHd_Q_000034_000044.mp4,jumping into pool,172
5170,data/k400/train/He8fvtEBMf0_000000_000010.mp4,jumping into pool,172
5171,data/k400/train/JsE3jd3PZpg_000000_000010.mp4,jumping into pool,172
5172,data/k400/train/LWlw-sMzI1M_000012_000022.mp4,jumping into pool,172
5173,data/k400/train/MPqG0rsHVI4_000000_000010.mp4,jumping into pool,172
5174,data/k400/train/OuC2omwSXPs_000002_000012.mp4,jumping into pool,172
5175,data/k400/train/PvJ0ph2FKp0_000003_000013.mp4,jumping into pool,172
5176,data/k400/train/Q1Vevqmmdmk_000003_000013.mp4,jumping into pool,172
5177,data/k400/train/RSZ1pZKi9sw_000000_000010.mp4,jumping into pool,172
5178,data/k400/train/RftGFLHOrss_000000_000010.mp4,jumping into pool,172
5179,data/k400/train/XBWAzoG5TPY_000000_000010.mp4,jumping into pool,172
5180,data/k400/train/Xe_ZEP5u1Lg_000000_000010.mp4,jumping into pool,172
5181,data/k400/train/YPA6Kv3lbHs_000003_000013.mp4,jumping into pool,172
5182,data/k400/train/_V_TrL4xUQM_000024_000034.mp4,jumping into pool,172
5183,data/k400/train/bL1ynmcbQsU_000014_000024.mp4,jumping into pool,172
5184,data/k400/train/bl9EuWKeVmY_000004_000014.mp4,jumping into pool,172
5185,data/k400/train/dRpvE5WoLS0_000036_000046.mp4,jumping into pool,172
5186,data/k400/train/g19OzxYouYs_000054_000064.mp4,jumping into pool,172
5187,data/k400/train/gwza5-lLgDU_000007_000017.mp4,jumping into pool,172
5188,data/k400/train/hyo8LZ0OnpA_000032_000042.mp4,jumping into pool,172
5189,data/k400/train/iRb0Nvy6sHg_000000_000010.mp4,jumping into pool,172
5190,data/k400/train/l05k71AnELk_000000_000010.mp4,jumping into pool,172
5191,data/k400/train/mn0U4fDQiXE_000009_000019.mp4,jumping into pool,172
5192,data/k400/train/mua9dykOh5g_000001_000011.mp4,jumping into pool,172
5193,data/k400/train/oEb8zqe47YU_000034_000044.mp4,jumping into pool,172
5194,data/k400/train/phf70SPxBkU_000007_000017.mp4,jumping into pool,172
5195,data/k400/train/q7GO6s3xygc_000006_000016.mp4,jumping into pool,172
5196,data/k400/train/rpAD5_70wQo_000003_000013.mp4,jumping into pool,172
5197,data/k400/train/tSKBjCeZ1eI_000009_000019.mp4,jumping into pool,172
5198,data/k400/train/vuKnSdf0JWc_000034_000044.mp4,jumping into pool,172
5199,data/k400/train/w9OSAtDZBAs_000004_000014.mp4,jumping into pool,172
5200,data/k400/train/wq4MN6WGn1I_000028_000038.mp4,jumping into pool,172
5201,data/k400/train/xv9_GvB1QKY_000002_000012.mp4,jumping into pool,172
5202,data/k400/train/zFCNmsgM1mY_000002_000012.mp4,jumping into pool,172
5203,data/k400/train/AyXzpEnH9Yc_000015_000025.mp4,jumpstyle dancing,173
5204,data/k400/train/DW9-bXem7zc_000138_000148.mp4,jumpstyle dancing,173
5205,data/k400/train/J2sDcSyuwz0_000025_000035.mp4,jumpstyle dancing,173
5206,data/k400/train/JckP0qQnAlI_000044_000054.mp4,jumpstyle dancing,173
5207,data/k400/train/JtQK9l5SfcE_000371_000381.mp4,jumpstyle dancing,173
5208,data/k400/train/OVFRkbMSOo4_000040_000050.mp4,jumpstyle dancing,173
5209,data/k400/train/Q-HbBMpNoMg_000102_000112.mp4,jumpstyle dancing,173
5210,data/k400/train/VxoGudDS4jc_000006_000016.mp4,jumpstyle dancing,173
5211,data/k400/train/Ytod5aTA9lg_000025_000035.mp4,jumpstyle dancing,173
5212,data/k400/train/_7SI_lfbEOc_000208_000218.mp4,jumpstyle dancing,173
5213,data/k400/train/iOwVWPkYm_I_000042_000052.mp4,jumpstyle dancing,173
5214,data/k400/train/k-pgf28un84_000035_000045.mp4,jumpstyle dancing,173
5215,data/k400/train/m3YG7HbtSbY_000045_000055.mp4,jumpstyle dancing,173
5216,data/k400/train/pmrafrPpDQI_000096_000106.mp4,jumpstyle dancing,173
5217,data/k400/train/ve2t8CfvFPw_000007_000017.mp4,jumpstyle dancing,173
5218,data/k400/train/-Hs-GGE2BLA_000097_000107.mp4,kicking field goal,174
5219,data/k400/train/23W4hvr5_yg_000004_000014.mp4,kicking field goal,174
5220,data/k400/train/2lDtt_52QIU_000000_000010.mp4,kicking field goal,174
5221,data/k400/train/3NSGHdxYhGQ_000007_000017.mp4,kicking field goal,174
5222,data/k400/train/3e9hImXNpj4_000014_000024.mp4,kicking field goal,174
5223,data/k400/train/7Xhx6Awsueo_000001_000011.mp4,kicking field goal,174
5224,data/k400/train/8r9HahUOI2o_000004_000014.mp4,kicking field goal,174
5225,data/k400/train/9cY8I7ehGpk_000003_000013.mp4,kicking field goal,174
5226,data/k400/train/EO3XsorJshs_000050_000060.mp4,kicking field goal,174
5227,data/k400/train/EY4l6MB1M4I_000001_000011.mp4,kicking field goal,174
5228,data/k400/train/EaemMZASWGI_000007_000017.mp4,kicking field goal,174
5229,data/k400/train/Lr34IMcqnS0_000007_000017.mp4,kicking field goal,174
5230,data/k400/train/R_S6us-9zSU_000001_000011.mp4,kicking field goal,174
5231,data/k400/train/SvMylek3v-Y_000010_000020.mp4,kicking field goal,174
5232,data/k400/train/UkBJfw6fJ4U_000002_000012.mp4,kicking field goal,174
5233,data/k400/train/VuzbXzx5Yt0_000002_000012.mp4,kicking field goal,174
5234,data/k400/train/YkXOF-6dY88_000029_000039.mp4,kicking field goal,174
5235,data/k400/train/a7KPzFCgkiU_000014_000024.mp4,kicking field goal,174
5236,data/k400/train/eiJh8Np0QZo_000002_000012.mp4,kicking field goal,174
5237,data/k400/train/gCrFq2K6KiY_000003_000013.mp4,kicking field goal,174
5238,data/k400/train/hWAzX-9O41U_000000_000010.mp4,kicking field goal,174
5239,data/k400/train/jQutbL009Qw_000000_000010.mp4,kicking field goal,174
5240,data/k400/train/kmqOSguiIUg_000002_000012.mp4,kicking field goal,174
5241,data/k400/train/luVnXrLgbqA_000004_000014.mp4,kicking field goal,174
5242,data/k400/train/ql-b_1xa2kY_000004_000014.mp4,kicking field goal,174
5243,data/k400/train/r8vn5gfelU8_000002_000012.mp4,kicking field goal,174
5244,data/k400/train/s04ky1sviRA_000014_000024.mp4,kicking field goal,174
5245,data/k400/train/tctcEucH6uY_000002_000012.mp4,kicking field goal,174
5246,data/k400/train/wjA___q0ng0_000001_000011.mp4,kicking field goal,174
5247,data/k400/train/xqixhXutrhc_000011_000021.mp4,kicking field goal,174
5248,data/k400/train/-zfQdcRZNZw_000004_000014.mp4,kicking soccer ball,175
5249,data/k400/train/1g2aXUr_7lQ_000003_000013.mp4,kicking soccer ball,175
5250,data/k400/train/27mnnPis5us_000019_000029.mp4,kicking soccer ball,175
5251,data/k400/train/3k4pl0f-Ixw_000021_000031.mp4,kicking soccer ball,175
5252,data/k400/train/FiAhlaSLIpc_000041_000051.mp4,kicking soccer ball,175
5253,data/k400/train/P3yog18VlTY_000000_000010.mp4,kicking soccer ball,175
5254,data/k400/train/RIn4Y_F2F8o_000020_000030.mp4,kicking soccer ball,175
5255,data/k400/train/RgxYGKRqe5c_000045_000055.mp4,kicking soccer ball,175
5256,data/k400/train/T35Pp7QL2f4_000003_000013.mp4,kicking soccer ball,175
5257,data/k400/train/WLGjEZmA7rY_000045_000055.mp4,kicking soccer ball,175
5258,data/k400/train/YiRgc6DOwzc_000024_000034.mp4,kicking soccer ball,175
5259,data/k400/train/ma2bBeefIQQ_000008_000018.mp4,kicking soccer ball,175
5260,data/k400/train/npAy-ICwTa4_000003_000013.mp4,kicking soccer ball,175
5261,data/k400/train/sf6wrkUmEsA_000000_000010.mp4,kicking soccer ball,175
5262,data/k400/train/st0VEeCAx4c_000009_000019.mp4,kicking soccer ball,175
5263,data/k400/train/tYV0C-LvzNg_000004_000014.mp4,kicking soccer ball,175
5264,data/k400/train/vL148hfrRpM_000000_000010.mp4,kicking soccer ball,175
5265,data/k400/train/wcbr5iQCs7o_000003_000013.mp4,kicking soccer ball,175
5266,data/k400/train/weKIZew_Io0_000019_000029.mp4,kicking soccer ball,175
5267,data/k400/train/0f0KNIIFT64_000050_000060.mp4,kissing,176
5268,data/k400/train/9hNv4JJhKJI_000011_000021.mp4,kissing,176
5269,data/k400/train/AA-wuBHSkzE_000011_000021.mp4,kissing,176
5270,data/k400/train/AeayizHOOz0_000251_000261.mp4,kissing,176
5271,data/k400/train/BnkIz_u3fAE_000075_000085.mp4,kissing,176
5272,data/k400/train/DE5_sLXrFJE_000083_000093.mp4,kissing,176
5273,data/k400/train/EE60O2gFIlE_000034_000044.mp4,kissing,176
5274,data/k400/train/FOkbEkLFR9k_000470_000480.mp4,kissing,176
5275,data/k400/train/GeJAO_bMDnA_000138_000148.mp4,kissing,176
5276,data/k400/train/Mro8EShE9qY_000017_000027.mp4,kissing,176
5277,data/k400/train/MsfbkBQ_rZg_000038_000048.mp4,kissing,176
5278,data/k400/train/NmJ1B_2cYIo_000302_000312.mp4,kissing,176
5279,data/k400/train/QkDrfRixgFQ_000059_000069.mp4,kissing,176
5280,data/k400/train/R7_HyOahMTU_000002_000012.mp4,kissing,176
5281,data/k400/train/S1PWrMsHrXM_000092_000102.mp4,kissing,176
5282,data/k400/train/Tjg0qKMFLuA_000021_000031.mp4,kissing,176
5283,data/k400/train/VaX5WB8gzmw_000005_000015.mp4,kissing,176
5284,data/k400/train/WniBL9qHIz8_000027_000037.mp4,kissing,176
5285,data/k400/train/XCcmn1nWA98_000045_000055.mp4,kissing,176
5286,data/k400/train/Yamad5-i7h0_000210_000220.mp4,kissing,176
5287,data/k400/train/bAFJFk8XbMc_000154_000164.mp4,kissing,176
5288,data/k400/train/bqITJh3q0uo_000000_000010.mp4,kissing,176
5289,data/k400/train/hAj-43EEvyU_000039_000049.mp4,kissing,176
5290,data/k400/train/hxvVBmW9dxc_000143_000153.mp4,kissing,176
5291,data/k400/train/iThvSuPe1MQ_000002_000012.mp4,kissing,176
5292,data/k400/train/kzr1QawIuJI_000004_000014.mp4,kissing,176
5293,data/k400/train/xqvDLwE6CqM_000150_000160.mp4,kissing,176
5294,data/k400/train/zokrCBpualo_000000_000010.mp4,kissing,176
5295,data/k400/train/-pvHNmFR4fM_000067_000077.mp4,kitesurfing,177
5296,data/k400/train/-qAw50ILrII_000005_000015.mp4,kitesurfing,177
5297,data/k400/train/3JvRVWeVZ6w_000037_000047.mp4,kitesurfing,177
5298,data/k400/train/3W0jVje4Mys_000052_000062.mp4,kitesurfing,177
5299,data/k400/train/48-J88KY7Sg_000055_000065.mp4,kitesurfing,177
5300,data/k400/train/6bujiZje71s_000020_000030.mp4,kitesurfing,177
5301,data/k400/train/87TD240VPPw_000012_000022.mp4,kitesurfing,177
5302,data/k400/train/8wQndKwez3U_000001_000011.mp4,kitesurfing,177
5303,data/k400/train/FCXZVdeN0IE_000007_000017.mp4,kitesurfing,177
5304,data/k400/train/JklsUZJV_wk_000245_000255.mp4,kitesurfing,177
5305,data/k400/train/MAMN2ATwWMY_000043_000053.mp4,kitesurfing,177
5306,data/k400/train/ONHr15yHK9c_000138_000148.mp4,kitesurfing,177
5307,data/k400/train/PJqaTNTxL2g_000056_000066.mp4,kitesurfing,177
5308,data/k400/train/POgM1Eh0jSs_000006_000016.mp4,kitesurfing,177
5309,data/k400/train/QFZvtO3ergQ_000120_000130.mp4,kitesurfing,177
5310,data/k400/train/RYLEA5mKCTU_000220_000230.mp4,kitesurfing,177
5311,data/k400/train/RZZpYDC0szQ_000112_000122.mp4,kitesurfing,177
5312,data/k400/train/TlX2j5SgTmg_000075_000085.mp4,kitesurfing,177
5313,data/k400/train/U-VrLQ1AfnY_000177_000187.mp4,kitesurfing,177
5314,data/k400/train/Y9hk1ruQtp8_000178_000188.mp4,kitesurfing,177
5315,data/k400/train/Ygw1YZ5uYZ0_000015_000025.mp4,kitesurfing,177
5316,data/k400/train/Z1Jfq_UPHuI_000000_000010.mp4,kitesurfing,177
5317,data/k400/train/bq6KuZWuxYY_000013_000023.mp4,kitesurfing,177
5318,data/k400/train/c1Oo8nWPcUg_000186_000196.mp4,kitesurfing,177
5319,data/k400/train/kGUfbXuk-K4_000137_000147.mp4,kitesurfing,177
5320,data/k400/train/ldiKv25OEHs_000099_000109.mp4,kitesurfing,177
5321,data/k400/train/nDzg-hCFWBA_000003_000013.mp4,kitesurfing,177
5322,data/k400/train/s3shzuFG3Co_000081_000091.mp4,kitesurfing,177
5323,data/k400/train/sTeDdQ9ZWZQ_000149_000159.mp4,kitesurfing,177
5324,data/k400/train/tRhwuw2LZU4_000000_000010.mp4,kitesurfing,177
5325,data/k400/train/wMI2N6CS79k_000802_000812.mp4,kitesurfing,177
5326,data/k400/train/wvCRoChrOGY_000008_000018.mp4,kitesurfing,177
5327,data/k400/train/zw1kGSnQ2tI_000018_000028.mp4,kitesurfing,177
5328,data/k400/train/-Wz-zo_EvuQ_000102_000112.mp4,knitting,178
5329,data/k400/train/-b0lCY8Qq3I_000000_000010.mp4,knitting,178
5330,data/k400/train/-fPxb0r8yJ4_000114_000124.mp4,knitting,178
5331,data/k400/train/4rNQhC8vyD0_000017_000027.mp4,knitting,178
5332,data/k400/train/6KKCor1IGmw_000137_000147.mp4,knitting,178
5333,data/k400/train/6k5oabVAxpA_000071_000081.mp4,knitting,178
5334,data/k400/train/7x7bZB-MWEk_000010_000020.mp4,knitting,178
5335,data/k400/train/BMnqufiOxwM_000057_000067.mp4,knitting,178
5336,data/k400/train/Cyck7YGxhKY_000034_000044.mp4,knitting,178
5337,data/k400/train/EymZ-CD9b1U_000173_000183.mp4,knitting,178
5338,data/k400/train/J0kG10YbKh4_000162_000172.mp4,knitting,178
5339,data/k400/train/PyvQOG0yKz4_000388_000398.mp4,knitting,178
5340,data/k400/train/Qy6XspR6TJ8_000007_000017.mp4,knitting,178
5341,data/k400/train/_4h0XhCAym0_000342_000352.mp4,knitting,178
5342,data/k400/train/cnn7pGMkb04_000148_000158.mp4,knitting,178
5343,data/k400/train/e5TFgd2ptFE_000141_000151.mp4,knitting,178
5344,data/k400/train/jjHTekju8iQ_000002_000012.mp4,knitting,178
5345,data/k400/train/mlxHUD5xdnY_000133_000143.mp4,knitting,178
5346,data/k400/train/mqchg1bD0mo_000053_000063.mp4,knitting,178
5347,data/k400/train/owxFOSk3pWo_000007_000017.mp4,knitting,178
5348,data/k400/train/p740xQhtmHk_000294_000304.mp4,knitting,178
5349,data/k400/train/pqT9bzh0bEI_001201_001211.mp4,knitting,178
5350,data/k400/train/t5e4Qc8e0DU_000096_000106.mp4,knitting,178
5351,data/k400/train/u1zjyd1Hrgo_000025_000035.mp4,knitting,178
5352,data/k400/train/v79BbSJ2GyY_000240_000250.mp4,knitting,178
5353,data/k400/train/vKZHqVNSBBk_000051_000061.mp4,knitting,178
5354,data/k400/train/wcJlJUjkUeY_000075_000085.mp4,knitting,178
5355,data/k400/train/-FLC5xHjN_E_000021_000031.mp4,krumping,179
5356,data/k400/train/03UKK1cog-c_000011_000021.mp4,krumping,179
5357,data/k400/train/30w7EsLsLtg_000019_000029.mp4,krumping,179
5358,data/k400/train/5aLTDJLyhmo_000001_000011.mp4,krumping,179
5359,data/k400/train/82tt6s0HX_I_000051_000061.mp4,krumping,179
5360,data/k400/train/BSyeXknW72w_000068_000078.mp4,krumping,179
5361,data/k400/train/BnMEDZW1Yfk_000199_000209.mp4,krumping,179
5362,data/k400/train/Cjyms6RXJaY_000061_000071.mp4,krumping,179
5363,data/k400/train/DtdDcsp3P9Y_000035_000045.mp4,krumping,179
5364,data/k400/train/EJJnkvOZs2s_000122_000132.mp4,krumping,179
5365,data/k400/train/EzzCzgc8wnA_000005_000015.mp4,krumping,179
5366,data/k400/train/Gh09ajm_Zg4_000002_000012.mp4,krumping,179
5367,data/k400/train/HmtCaVFWrvg_000085_000095.mp4,krumping,179
5368,data/k400/train/HvstinB7JEk_000043_000053.mp4,krumping,179
5369,data/k400/train/JqZEdWxte4Y_000090_000100.mp4,krumping,179
5370,data/k400/train/K0Ls0zrHh_M_000056_000066.mp4,krumping,179
5371,data/k400/train/KsNeKB-oKzs_000236_000246.mp4,krumping,179
5372,data/k400/train/LG0LBG25M4c_000026_000036.mp4,krumping,179
5373,data/k400/train/M8yMkP4xllU_000091_000101.mp4,krumping,179
5374,data/k400/train/MygMPWqdyz4_000026_000036.mp4,krumping,179
5375,data/k400/train/PgN8ZQ_vwh4_000022_000032.mp4,krumping,179
5376,data/k400/train/VkDeFmJAcME_000069_000079.mp4,krumping,179
5377,data/k400/train/XYp4cs3DToU_000026_000036.mp4,krumping,179
5378,data/k400/train/YbFZVOEp5us_000010_000020.mp4,krumping,179
5379,data/k400/train/buZJZiAwIz0_000012_000022.mp4,krumping,179
5380,data/k400/train/gBrB5w2_bkI_000006_000016.mp4,krumping,179
5381,data/k400/train/hc3N2yWjZDM_000000_000010.mp4,krumping,179
5382,data/k400/train/i9SZH6gRq4c_000131_000141.mp4,krumping,179
5383,data/k400/train/p9zzBJc4bBc_000067_000077.mp4,krumping,179
5384,data/k400/train/r1bKVYlQbJc_000030_000040.mp4,krumping,179
5385,data/k400/train/wL7G5JtGoWg_000256_000266.mp4,krumping,179
5386,data/k400/train/xxAMxjrSKo8_000011_000021.mp4,krumping,179
5387,data/k400/train/yYMBKq6AFVM_000026_000036.mp4,krumping,179
5388,data/k400/train/zp1Px1l7vGs_000016_000026.mp4,krumping,179
5389,data/k400/train/-tzRVLORGvY_000015_000025.mp4,laughing,180
5390,data/k400/train/1uFmC13MA3E_000000_000010.mp4,laughing,180
5391,data/k400/train/27Re0UnWQUc_000231_000241.mp4,laughing,180
5392,data/k400/train/D9Q3SwPzXjU_000045_000055.mp4,laughing,180
5393,data/k400/train/DRp_cjj3tlc_000004_000014.mp4,laughing,180
5394,data/k400/train/DSYS7nJQ5ZA_000000_000010.mp4,laughing,180
5395,data/k400/train/F-viB-IQQKg_000031_000041.mp4,laughing,180
5396,data/k400/train/F4ehfHMT9ss_000000_000010.mp4,laughing,180
5397,data/k400/train/GY7xiWElF1Q_000001_000011.mp4,laughing,180
5398,data/k400/train/Gkd5uh2HFY8_000045_000055.mp4,laughing,180
5399,data/k400/train/Gy5cpFKGvO0_000013_000023.mp4,laughing,180
5400,data/k400/train/I9Vr4YoVy1k_000004_000014.mp4,laughing,180
5401,data/k400/train/K6mlRKG84iw_000163_000173.mp4,laughing,180
5402,data/k400/train/LfwPyiqfN-w_000025_000035.mp4,laughing,180
5403,data/k400/train/LiGKYoHdMKY_000006_000016.mp4,laughing,180
5404,data/k400/train/MCLw8O5YTB8_000031_000041.mp4,laughing,180
5405,data/k400/train/MJTiRLEuTJ8_000390_000400.mp4,laughing,180
5406,data/k400/train/PtPZqeKMwHA_000070_000080.mp4,laughing,180
5407,data/k400/train/QpAGDikVNfI_000080_000090.mp4,laughing,180
5408,data/k400/train/TdZuK9QKeK4_000315_000325.mp4,laughing,180
5409,data/k400/train/eJDpcKYiphI_000063_000073.mp4,laughing,180
5410,data/k400/train/eRY-o7TYEY0_000086_000096.mp4,laughing,180
5411,data/k400/train/gI9l2skvu4U_000134_000144.mp4,laughing,180
5412,data/k400/train/gWqj9jWjHac_000073_000083.mp4,laughing,180
5413,data/k400/train/kouSsdt4WUo_000024_000034.mp4,laughing,180
5414,data/k400/train/mSEmIk4PAUE_000007_000017.mp4,laughing,180
5415,data/k400/train/mlbAtPyLxQ8_000024_000034.mp4,laughing,180
5416,data/k400/train/naHdQgI9pvE_000017_000027.mp4,laughing,180
5417,data/k400/train/ncaXfN5UX7I_000037_000047.mp4,laughing,180
5418,data/k400/train/qag926DbU14_000120_000130.mp4,laughing,180
5419,data/k400/train/rd_ZnOahj5o_000042_000052.mp4,laughing,180
5420,data/k400/train/sOGrX7gKL_Y_000039_000049.mp4,laughing,180
5421,data/k400/train/t592NaoL5VA_000246_000256.mp4,laughing,180
5422,data/k400/train/ymhNuz5z-mM_000000_000010.mp4,laughing,180
5423,data/k400/train/yyrLwuvbi5k_000046_000056.mp4,laughing,180
5424,data/k400/train/0uRNlVIGrCo_000084_000094.mp4,laying bricks,181
5425,data/k400/train/1vkjLJvkY5c_001054_001064.mp4,laying bricks,181
5426,data/k400/train/5RGy44kt_YA_000018_000028.mp4,laying bricks,181
5427,data/k400/train/ACLBBzzonE4_000135_000145.mp4,laying bricks,181
5428,data/k400/train/BF00u_qpNHI_000017_000027.mp4,laying bricks,181
5429,data/k400/train/CQAElL8jpfI_000014_000024.mp4,laying bricks,181
5430,data/k400/train/CXaFIr40d48_000010_000020.mp4,laying bricks,181
5431,data/k400/train/IZBQ8-gCKSw_000041_000051.mp4,laying bricks,181
5432,data/k400/train/Ijx4DUaLyJg_000008_000018.mp4,laying bricks,181
5433,data/k400/train/K2gcC62lbPI_000031_000041.mp4,laying bricks,181
5434,data/k400/train/LvY-_NEEvKQ_000023_000033.mp4,laying bricks,181
5435,data/k400/train/MozF4e_Jlmg_000008_000018.mp4,laying bricks,181
5436,data/k400/train/NsqIHpCgIIw_000002_000012.mp4,laying bricks,181
5437,data/k400/train/T4NUvQWYTAA_000219_000229.mp4,laying bricks,181
5438,data/k400/train/lORIZ1shRIM_000451_000461.mp4,laying bricks,181
5439,data/k400/train/owhSuUzw_yY_000111_000121.mp4,laying bricks,181
5440,data/k400/train/s3zPHAuNhjw_000148_000158.mp4,laying bricks,181
5441,data/k400/train/zT61JDaRGlA_000001_000011.mp4,laying bricks,181
5442,data/k400/train/-H2vQ5BmZ-E_000001_000011.mp4,long jump,182
5443,data/k400/train/0A61TZLTGGg_000002_000012.mp4,long jump,182
5444,data/k400/train/2wOZfVlx-5k_000011_000021.mp4,long jump,182
5445,data/k400/train/5AT28Unyypg_000000_000010.mp4,long jump,182
5446,data/k400/train/6898-nYKWpU_000036_000046.mp4,long jump,182
5447,data/k400/train/88o86wBdFJM_000426_000436.mp4,long jump,182
5448,data/k400/train/C-FErm9S-QE_000009_000019.mp4,long jump,182
5449,data/k400/train/CuBjsq2tCEM_000000_000010.mp4,long jump,182
5450,data/k400/train/F60tahgQM-E_000003_000013.mp4,long jump,182
5451,data/k400/train/KOU0OBzE56c_000008_000018.mp4,long jump,182
5452,data/k400/train/OVQDetbwY4Q_000000_000010.mp4,long jump,182
5453,data/k400/train/RHJ7uKUVWzE_000000_000010.mp4,long jump,182
5454,data/k400/train/SPMIwU4HBA4_000002_000012.mp4,long jump,182
5455,data/k400/train/ULBYWEXmnGw_000017_000027.mp4,long jump,182
5456,data/k400/train/VdZM9HjX7ig_000001_000011.mp4,long jump,182
5457,data/k400/train/XZLrXOF76j0_000012_000022.mp4,long jump,182
5458,data/k400/train/aJppGaAMyk8_000007_000017.mp4,long jump,182
5459,data/k400/train/cmf_Wr3v49M_000026_000036.mp4,long jump,182
5460,data/k400/train/dCJmMvH6acQ_000004_000014.mp4,long jump,182
5461,data/k400/train/drQKllD2la8_000000_000010.mp4,long jump,182
5462,data/k400/train/gKU7_84zkr8_000026_000036.mp4,long jump,182
5463,data/k400/train/gS5mljkXtyg_000017_000027.mp4,long jump,182
5464,data/k400/train/jfUUekPA_9U_000001_000011.mp4,long jump,182
5465,data/k400/train/k-V_vCUe8TE_000108_000118.mp4,long jump,182
5466,data/k400/train/kSpGGNJtuEI_000204_000214.mp4,long jump,182
5467,data/k400/train/p0l3zTi_pz4_000064_000074.mp4,long jump,182
5468,data/k400/train/pg49pcwlLM4_000009_000019.mp4,long jump,182
5469,data/k400/train/rN9SP7JWShM_000001_000011.mp4,long jump,182
5470,data/k400/train/sVxF7Pxk6l0_000001_000011.mp4,long jump,182
5471,data/k400/train/tvk14LVIxng_000000_000010.mp4,long jump,182
5472,data/k400/train/txTkZBdFu7Q_000001_000011.mp4,long jump,182
5473,data/k400/train/tzvBUNzqNb0_000002_000012.mp4,long jump,182
5474,data/k400/train/uozpBtYKh2k_000048_000058.mp4,long jump,182
5475,data/k400/train/xDxQh0FQyFo_000004_000014.mp4,long jump,182
5476,data/k400/train/04YlGLTzdtA_000020_000030.mp4,lunge,183
5477,data/k400/train/0RokX6V7Cyw_000009_000019.mp4,lunge,183
5478,data/k400/train/4qSaCvxDdZ0_000024_000034.mp4,lunge,183
5479,data/k400/train/EKSK4eWiEkY_000006_000016.mp4,lunge,183
5480,data/k400/train/F7n4S2NvEGc_000145_000155.mp4,lunge,183
5481,data/k400/train/KQOeXuV9nq0_000002_000012.mp4,lunge,183
5482,data/k400/train/L7efJq1dnig_000005_000015.mp4,lunge,183
5483,data/k400/train/Qd7uHH_R_Vc_000004_000014.mp4,lunge,183
5484,data/k400/train/R2scj5S0DDc_000031_000041.mp4,lunge,183
5485,data/k400/train/REdpTW6UCLU_000007_000017.mp4,lunge,183
5486,data/k400/train/To7DCM4vt7Y_000000_000010.mp4,lunge,183
5487,data/k400/train/TrNSdzuGciU_000008_000018.mp4,lunge,183
5488,data/k400/train/UDjrpQBJE_0_000007_000017.mp4,lunge,183
5489,data/k400/train/VLw7sd9_zB8_000000_000010.mp4,lunge,183
5490,data/k400/train/XA1MWFt6Oec_000013_000023.mp4,lunge,183
5491,data/k400/train/XvggfFYYWLk_000001_000011.mp4,lunge,183
5492,data/k400/train/YjYoiqEevHA_000010_000020.mp4,lunge,183
5493,data/k400/train/Zx7wzL9uAis_000006_000016.mp4,lunge,183
5494,data/k400/train/bHezBj0Pjwg_000081_000091.mp4,lunge,183
5495,data/k400/train/dCCVh-tJb7o_000005_000015.mp4,lunge,183
5496,data/k400/train/eC5M_avqikM_000001_000011.mp4,lunge,183
5497,data/k400/train/eUueIIQGi7U_000002_000012.mp4,lunge,183
5498,data/k400/train/eWELwO9O2JA_000007_000017.mp4,lunge,183
5499,data/k400/train/mqtJlWaSJc4_000002_000012.mp4,lunge,183
5500,data/k400/train/oi7qkTIpsEU_000082_000092.mp4,lunge,183
5501,data/k400/train/pLbqJHQzXMY_000001_000011.mp4,lunge,183
5502,data/k400/train/t-Cb0RW8W9U_000004_000014.mp4,lunge,183
5503,data/k400/train/uRDlXqcJzmw_000038_000048.mp4,lunge,183
5504,data/k400/train/xPlD5kZlM2E_000003_000013.mp4,lunge,183
5505,data/k400/train/18bWrx4rjEc_000001_000011.mp4,making a cake,184
5506,data/k400/train/HW81J0AAbcM_000040_000050.mp4,making a cake,184
5507,data/k400/train/HuO_p_unOK0_000080_000090.mp4,making a cake,184
5508,data/k400/train/HvlGuLyyUdA_000050_000060.mp4,making a cake,184
5509,data/k400/train/LSUj1VWfrsE_000044_000054.mp4,making a cake,184
5510,data/k400/train/TEh15uOwimk_000348_000358.mp4,making a cake,184
5511,data/k400/train/YboIPZZVUHU_000521_000531.mp4,making a cake,184
5512,data/k400/train/ghwe0MGcSro_000033_000043.mp4,making a cake,184
5513,data/k400/train/ozhJRNcXdT0_000018_000028.mp4,making a cake,184
5514,data/k400/train/rFGBuQN4EZA_000409_000419.mp4,making a cake,184
5515,data/k400/train/xBBIGzM43h4_000013_000023.mp4,making a cake,184
5516,data/k400/train/91ycCQI8udc_000004_000014.mp4,making a sandwich,185
5517,data/k400/train/EFcraxFekfw_000127_000137.mp4,making a sandwich,185
5518,data/k400/train/IJWV7DRdrco_000120_000130.mp4,making a sandwich,185
5519,data/k400/train/S3BUL0d-bJA_000058_000068.mp4,making a sandwich,185
5520,data/k400/train/Y5VJ6KuD3H0_000013_000023.mp4,making a sandwich,185
5521,data/k400/train/hBrprj8nCus_000006_000016.mp4,making a sandwich,185
5522,data/k400/train/hZjA51OlWU4_000237_000247.mp4,making a sandwich,185
5523,data/k400/train/k41kINZrYb8_000001_000011.mp4,making a sandwich,185
5524,data/k400/train/oR84ouYdbDU_000101_000111.mp4,making a sandwich,185
5525,data/k400/train/pSpCHPVmUvc_000005_000015.mp4,making a sandwich,185
5526,data/k400/train/uEq56qeFErY_000112_000122.mp4,making a sandwich,185
5527,data/k400/train/ukZYyLDRBC8_000060_000070.mp4,making a sandwich,185
5528,data/k400/train/0fYl4YHMrew_000146_000156.mp4,making bed,186
5529,data/k400/train/2flj9ToJUiI_000561_000571.mp4,making bed,186
5530,data/k400/train/3JX34jolY68_000015_000025.mp4,making bed,186
5531,data/k400/train/7uqlVZtydbM_000003_000013.mp4,making bed,186
5532,data/k400/train/94ALIcZgzBM_000035_000045.mp4,making bed,186
5533,data/k400/train/Ecd1NqWyOtc_000084_000094.mp4,making bed,186
5534,data/k400/train/O5L8_2GsaSw_000000_000010.mp4,making bed,186
5535,data/k400/train/OGZE4OvJETs_000108_000118.mp4,making bed,186
5536,data/k400/train/Sw8ObqGyNCs_000189_000199.mp4,making bed,186
5537,data/k400/train/T2q0DhPT2qk_000062_000072.mp4,making bed,186
5538,data/k400/train/UXH0EQf4ZW8_000004_000014.mp4,making bed,186
5539,data/k400/train/a7hojhg3TC4_000000_000010.mp4,making bed,186
5540,data/k400/train/c2mq7wFothM_000083_000093.mp4,making bed,186
5541,data/k400/train/dh4ysiyL41A_000016_000026.mp4,making bed,186
5542,data/k400/train/jxJEVdbO4O8_000768_000778.mp4,making bed,186
5543,data/k400/train/l006tkH7aSI_000052_000062.mp4,making bed,186
5544,data/k400/train/lGXy-ayHCgY_000013_000023.mp4,making bed,186
5545,data/k400/train/mO28aqoceqc_000056_000066.mp4,making bed,186
5546,data/k400/train/nDzxDnlP2Ms_000044_000054.mp4,making bed,186
5547,data/k400/train/qdGL8Jpu4VE_000048_000058.mp4,making bed,186
5548,data/k400/train/xf8LwjGElEQ_000612_000622.mp4,making bed,186
5549,data/k400/train/-nwY-5WYOwM_000127_000137.mp4,making jewelry,187
5550,data/k400/train/0_Q5PnyHjpk_000068_000078.mp4,making jewelry,187
5551,data/k400/train/1Yz5By10LmU_000202_000212.mp4,making jewelry,187
5552,data/k400/train/Ad2FV9HUh1o_000143_000153.mp4,making jewelry,187
5553,data/k400/train/Ap8JPMoiS68_000041_000051.mp4,making jewelry,187
5554,data/k400/train/CARFGvJY_wM_000017_000027.mp4,making jewelry,187
5555,data/k400/train/F1UVwH8RzjU_000031_000041.mp4,making jewelry,187
5556,data/k400/train/NT4PKtZeDwc_000012_000022.mp4,making jewelry,187
5557,data/k400/train/QXVVRxxOn1Q_000157_000167.mp4,making jewelry,187
5558,data/k400/train/URuRrgR0Auo_000058_000068.mp4,making jewelry,187
5559,data/k400/train/_Fx8WJlPWrQ_000019_000029.mp4,making jewelry,187
5560,data/k400/train/diC2K20Lzuk_000137_000147.mp4,making jewelry,187
5561,data/k400/train/fOvt4ZgWjE0_000236_000246.mp4,making jewelry,187
5562,data/k400/train/gPbE3KgOEKI_000128_000138.mp4,making jewelry,187
5563,data/k400/train/maoAkgWX0ak_000213_000223.mp4,making jewelry,187
5564,data/k400/train/nof8D6KJBZo_000053_000063.mp4,making jewelry,187
5565,data/k400/train/oCCR_3Y3LgY_000030_000040.mp4,making jewelry,187
5566,data/k400/train/u7GcirHPUdc_000142_000152.mp4,making jewelry,187
5567,data/k400/train/wMN4nvIJMUU_000111_000121.mp4,making jewelry,187
5568,data/k400/train/wsyXyQDH52Y_000063_000073.mp4,making jewelry,187
5569,data/k400/train/z63mJp0C2nA_000135_000145.mp4,making jewelry,187
5570,data/k400/train/zK-LedN1xiI_000265_000275.mp4,making jewelry,187
5571,data/k400/train/0KAuR2nsIj4_000000_000010.mp4,making pizza,188
5572,data/k400/train/2A-lPw_8MdE_000003_000013.mp4,making pizza,188
5573,data/k400/train/5dq8Ye_MSrE_000056_000066.mp4,making pizza,188
5574,data/k400/train/7-ad3pBf6_Y_000048_000058.mp4,making pizza,188
5575,data/k400/train/8ps5ZIt_x4Y_000049_000059.mp4,making pizza,188
5576,data/k400/train/AlzKgZcjOZY_000006_000016.mp4,making pizza,188
5577,data/k400/train/BnFKwKkoXJs_000006_000016.mp4,making pizza,188
5578,data/k400/train/C-0gGzgbW2U_000320_000330.mp4,making pizza,188
5579,data/k400/train/CXNqro9GOzM_000226_000236.mp4,making pizza,188
5580,data/k400/train/DrSvxW5JzKk_000017_000027.mp4,making pizza,188
5581,data/k400/train/E1Gv-MmtiOA_000018_000028.mp4,making pizza,188
5582,data/k400/train/GllVgsIBMhE_000112_000122.mp4,making pizza,188
5583,data/k400/train/GpRC3bznb-o_000002_000012.mp4,making pizza,188
5584,data/k400/train/H1YmwU927Zk_000126_000136.mp4,making pizza,188
5585,data/k400/train/JIz58bv2xHM_000048_000058.mp4,making pizza,188
5586,data/k400/train/KBXBbE5yWWM_000156_000166.mp4,making pizza,188
5587,data/k400/train/MqZ3zG86iXg_000008_000018.mp4,making pizza,188
5588,data/k400/train/O3b-FySSeZA_000099_000109.mp4,making pizza,188
5589,data/k400/train/ORqe62-9hZ8_000034_000044.mp4,making pizza,188
5590,data/k400/train/Ot3w_s5E9jo_000020_000030.mp4,making pizza,188
5591,data/k400/train/PLCABmqNy2I_000646_000656.mp4,making pizza,188
5592,data/k400/train/W4rkBWbdDKc_000466_000476.mp4,making pizza,188
5593,data/k400/train/WXj-pky5CEM_000098_000108.mp4,making pizza,188
5594,data/k400/train/Wz6vtd_8FuI_000111_000121.mp4,making pizza,188
5595,data/k400/train/Yduu_D-JPtA_000000_000010.mp4,making pizza,188
5596,data/k400/train/Yknq5LYfYm8_000310_000320.mp4,making pizza,188
5597,data/k400/train/cBckEMfWosU_000006_000016.mp4,making pizza,188
5598,data/k400/train/ckTHyO5gn9Y_000008_000018.mp4,making pizza,188
5599,data/k400/train/dZAgSyCJxuc_000093_000103.mp4,making pizza,188
5600,data/k400/train/ebBaNK1L438_000142_000152.mp4,making pizza,188
5601,data/k400/train/evEBV5R2h_U_000473_000483.mp4,making pizza,188
5602,data/k400/train/hcGStJ91Dqs_000052_000062.mp4,making pizza,188
5603,data/k400/train/jC-g_SLsA48_000000_000010.mp4,making pizza,188
5604,data/k400/train/jFyamwIGUXw_000150_000160.mp4,making pizza,188
5605,data/k400/train/kdpaokK2yNA_000269_000279.mp4,making pizza,188
5606,data/k400/train/lAIDeRQXoNg_000003_000013.mp4,making pizza,188
5607,data/k400/train/p8KmJe6Qvzc_000049_000059.mp4,making pizza,188
5608,data/k400/train/pCi1RccEO7g_000231_000241.mp4,making pizza,188
5609,data/k400/train/pZkIZ7bdaZQ_000012_000022.mp4,making pizza,188
5610,data/k400/train/rs0wTd9iRdE_000424_000434.mp4,making pizza,188
5611,data/k400/train/tNMKED3be1Q_000001_000011.mp4,making pizza,188
5612,data/k400/train/tV5MFyAoyRU_000286_000296.mp4,making pizza,188
5613,data/k400/train/uLLibBuopA8_000033_000043.mp4,making pizza,188
5614,data/k400/train/vJDUkzkkKSg_000153_000163.mp4,making pizza,188
5615,data/k400/train/wrfLSDp4w9M_000115_000125.mp4,making pizza,188
5616,data/k400/train/xcX0Kw90Gp4_000156_000166.mp4,making pizza,188
5617,data/k400/train/xmkbhG5RA6M_000344_000354.mp4,making pizza,188
5618,data/k400/train/yAQsP8MFjgU_000002_000012.mp4,making pizza,188
5619,data/k400/train/zDLoppd_0mo_000012_000022.mp4,making pizza,188
5620,data/k400/train/15RdWUryta4_000113_000123.mp4,making snowman,189
5621,data/k400/train/4zZv9uaYHOY_000000_000010.mp4,making snowman,189
5622,data/k400/train/7lEL4XD5UxI_000254_000264.mp4,making snowman,189
5623,data/k400/train/85KpcEraLn4_000431_000441.mp4,making snowman,189
5624,data/k400/train/BRV6YT40tPo_000008_000018.mp4,making snowman,189
5625,data/k400/train/C8teWAfWgIA_000212_000222.mp4,making snowman,189
5626,data/k400/train/ChIHlGunL7I_000006_000016.mp4,making snowman,189
5627,data/k400/train/CwFAxVvFcq8_000085_000095.mp4,making snowman,189
5628,data/k400/train/D-5zjRh0dr8_000013_000023.mp4,making snowman,189
5629,data/k400/train/DU1esoZGz-I_000316_000326.mp4,making snowman,189
5630,data/k400/train/Ei4661j9i8Q_000005_000015.mp4,making snowman,189
5631,data/k400/train/GlInK7R1y4Q_000026_000036.mp4,making snowman,189
5632,data/k400/train/HXzYUNKbE64_000094_000104.mp4,making snowman,189
5633,data/k400/train/IOKBq_dVgAc_000008_000018.mp4,making snowman,189
5634,data/k400/train/K9aP0iU1JUA_000045_000055.mp4,making snowman,189
5635,data/k400/train/MdKPouD7Gh8_000038_000048.mp4,making snowman,189
5636,data/k400/train/NGnb_xRcldg_000012_000022.mp4,making snowman,189
5637,data/k400/train/NHNXlGuAdQQ_000117_000127.mp4,making snowman,189
5638,data/k400/train/SfqMPcTWXIQ_000115_000125.mp4,making snowman,189
5639,data/k400/train/UGKTyrmLg5U_000047_000057.mp4,making snowman,189
5640,data/k400/train/VqUfwWjo3Cg_000139_000149.mp4,making snowman,189
5641,data/k400/train/W_4ikeh5Kn8_000143_000153.mp4,making snowman,189
5642,data/k400/train/YLlmgEJjkc4_000013_000023.mp4,making snowman,189
5643,data/k400/train/cq1hC2oSgnk_000000_000010.mp4,making snowman,189
5644,data/k400/train/fERrK_4EqDQ_000014_000024.mp4,making snowman,189
5645,data/k400/train/j7zfAni3gJ4_000059_000069.mp4,making snowman,189
5646,data/k400/train/xE_uJikdblo_000043_000053.mp4,making snowman,189
5647,data/k400/train/zmv4NiTkUkg_000113_000123.mp4,making snowman,189
5648,data/k400/train/1DqDmAXzMhQ_000044_000054.mp4,making sushi,190
5649,data/k400/train/1J9GghXhWuY_000095_000105.mp4,making sushi,190
5650,data/k400/train/4MPCEhet8aM_000015_000025.mp4,making sushi,190
5651,data/k400/train/DIkbNRdekE4_000004_000014.mp4,making sushi,190
5652,data/k400/train/H2s0iDnnurI_000279_000289.mp4,making sushi,190
5653,data/k400/train/HcSJwyU5Q94_000037_000047.mp4,making sushi,190
5654,data/k400/train/WBnaMGgSguQ_000004_000014.mp4,making sushi,190
5655,data/k400/train/_IDe_u9lQXw_000033_000043.mp4,making sushi,190
5656,data/k400/train/_y0m7ZpcjA0_000133_000143.mp4,making sushi,190
5657,data/k400/train/gmEV42eSWrQ_000003_000013.mp4,making sushi,190
5658,data/k400/train/h-cE3F7TnY4_000077_000087.mp4,making sushi,190
5659,data/k400/train/ljTmLCuK3lo_000055_000065.mp4,making sushi,190
5660,data/k400/train/qPDcUhWraOo_000002_000012.mp4,making sushi,190
5661,data/k400/train/18kQXZAGg-U_000001_000011.mp4,making tea,191
5662,data/k400/train/5PHtg9bi7Vc_000187_000197.mp4,making tea,191
5663,data/k400/train/9eKc2tTCB6I_000099_000109.mp4,making tea,191
5664,data/k400/train/V3yhNokE-GA_000026_000036.mp4,making tea,191
5665,data/k400/train/VN8lWClQdko_000016_000026.mp4,making tea,191
5666,data/k400/train/Xjf7TM8kCSY_000484_000494.mp4,making tea,191
5667,data/k400/train/_Y4_PYsp3b8_000049_000059.mp4,making tea,191
5668,data/k400/train/bwjaeTscC1Y_000323_000333.mp4,making tea,191
5669,data/k400/train/bwy9ZyTULKs_000036_000046.mp4,making tea,191
5670,data/k400/train/gFcnWPZuooA_000234_000244.mp4,making tea,191
5671,data/k400/train/hAi7JHHutDw_000457_000467.mp4,making tea,191
5672,data/k400/train/lBHsv21bxNA_000100_000110.mp4,making tea,191
5673,data/k400/train/pBu0E8FLVMo_000042_000052.mp4,making tea,191
5674,data/k400/train/wlciqTltORg_000000_000010.mp4,making tea,191
5675,data/k400/train/yM7E4Dhh5Xs_000031_000041.mp4,making tea,191
5676,data/k400/train/znlDfCdbRM0_000076_000086.mp4,making tea,191
5677,data/k400/train/-4c4r9YeS6s_000098_000108.mp4,marching,192
5678,data/k400/train/-BLN3nHFjJU_000663_000673.mp4,marching,192
5679,data/k400/train/1q2OTXHVzaY_000440_000450.mp4,marching,192
5680,data/k400/train/41bB7wx_2DQ_000305_000315.mp4,marching,192
5681,data/k400/train/44cEHr5LQzA_000173_000183.mp4,marching,192
5682,data/k400/train/5LamBplvrSs_000002_000012.mp4,marching,192
5683,data/k400/train/6XKVIsj2GSw_000111_000121.mp4,marching,192
5684,data/k400/train/7p8YhhLzsqQ_000011_000021.mp4,marching,192
5685,data/k400/train/ALXV-SzmxAc_000071_000081.mp4,marching,192
5686,data/k400/train/BdXcFQHI4iI_000058_000068.mp4,marching,192
5687,data/k400/train/Bh122dM3wMY_000003_000013.mp4,marching,192
5688,data/k400/train/CGvZZsLcU3E_000552_000562.mp4,marching,192
5689,data/k400/train/EFRmvxU7zO0_000069_000079.mp4,marching,192
5690,data/k400/train/ETl-0ASBOt8_000129_000139.mp4,marching,192
5691,data/k400/train/F60eQgtCIm0_000171_000181.mp4,marching,192
5692,data/k400/train/F7kutyW24cU_000035_000045.mp4,marching,192
5693,data/k400/train/GV1ETe8wWeU_000010_000020.mp4,marching,192
5694,data/k400/train/GgwuQIPOkKM_000280_000290.mp4,marching,192
5695,data/k400/train/HWVvHyO_irk_000020_000030.mp4,marching,192
5696,data/k400/train/IftGx0ebDaE_000144_000154.mp4,marching,192
5697,data/k400/train/M8jf0borIQE_000000_000010.mp4,marching,192
5698,data/k400/train/MADfvJEHhaQ_000531_000541.mp4,marching,192
5699,data/k400/train/M_XPpOiZPIk_000130_000140.mp4,marching,192
5700,data/k400/train/N_U4cAHjRu0_000595_000605.mp4,marching,192
5701,data/k400/train/RHYZ3lPCMyY_000034_000044.mp4,marching,192
5702,data/k400/train/T4e2dBVyp4c_000039_000049.mp4,marching,192
5703,data/k400/train/TfU8gogzlRM_000000_000010.mp4,marching,192
5704,data/k400/train/TrN4xDe8ouU_000012_000022.mp4,marching,192
5705,data/k400/train/VrEzTgEwFRQ_000003_000013.mp4,marching,192
5706,data/k400/train/WxEwcj38h3E_000012_000022.mp4,marching,192
5707,data/k400/train/ZS0_9C2VXeU_000346_000356.mp4,marching,192
5708,data/k400/train/aZWwzUHo944_000000_000010.mp4,marching,192
5709,data/k400/train/b1tSPbrUzWs_000034_000044.mp4,marching,192
5710,data/k400/train/dPOZPZgMTro_000190_000200.mp4,marching,192
5711,data/k400/train/eTq5_bzlgZU_000015_000025.mp4,marching,192
5712,data/k400/train/gBhtdgauxhI_000099_000109.mp4,marching,192
5713,data/k400/train/hqZgBeosPls_000076_000086.mp4,marching,192
5714,data/k400/train/jGRA4Bmmbq4_000418_000428.mp4,marching,192
5715,data/k400/train/jfmxH0JY_No_000000_000010.mp4,marching,192
5716,data/k400/train/k0AJK0O3O_s_000025_000035.mp4,marching,192
5717,data/k400/train/l5Kv_KtuI1Q_000005_000015.mp4,marching,192
5718,data/k400/train/m5xfCy2xWWQ_000347_000357.mp4,marching,192
5719,data/k400/train/p5VB0vPTU1g_000001_000011.mp4,marching,192
5720,data/k400/train/pLbMSKqq2cU_000194_000204.mp4,marching,192
5721,data/k400/train/pukLDQxMUME_000044_000054.mp4,marching,192
5722,data/k400/train/sSuu-ewJeTg_000054_000064.mp4,marching,192
5723,data/k400/train/uxmE_-09g10_000384_000394.mp4,marching,192
5724,data/k400/train/y4HDGZtoLE0_000007_000017.mp4,marching,192
5725,data/k400/train/yju6phLc4DE_000547_000557.mp4,marching,192
5726,data/k400/train/ziB6UtxvwQA_000298_000308.mp4,marching,192
5727,data/k400/train/4zEfAjOaT4Q_000067_000077.mp4,massaging back,193
5728,data/k400/train/7BXh-YsGa50_000111_000121.mp4,massaging back,193
5729,data/k400/train/7CVIbX94SKs_000591_000601.mp4,massaging back,193
5730,data/k400/train/A8a-W5nAOUw_000142_000152.mp4,massaging back,193
5731,data/k400/train/B-gV-Z8BuSE_000034_000044.mp4,massaging back,193
5732,data/k400/train/BFvUvqx0d4o_000008_000018.mp4,massaging back,193
5733,data/k400/train/BNiwKqFMu4c_000292_000302.mp4,massaging back,193
5734,data/k400/train/C3T-J-Eve1M_000000_000010.mp4,massaging back,193
5735,data/k400/train/CNNAAgqMOWo_000024_000034.mp4,massaging back,193
5736,data/k400/train/Cdb9lwjH3Mw_000220_000230.mp4,massaging back,193
5737,data/k400/train/FNxUSbeXLMU_000416_000426.mp4,massaging back,193
5738,data/k400/train/GIKHEi565oI_000001_000011.mp4,massaging back,193
5739,data/k400/train/HP-Vso1SUjY_000129_000139.mp4,massaging back,193
5740,data/k400/train/H_Eo9AV5xag_000464_000474.mp4,massaging back,193
5741,data/k400/train/Hvp_hmrgvMc_000687_000697.mp4,massaging back,193
5742,data/k400/train/IJa5UGazDH4_000282_000292.mp4,massaging back,193
5743,data/k400/train/JpF327niq_Q_000003_000013.mp4,massaging back,193
5744,data/k400/train/LF1ScBtxtlU_000200_000210.mp4,massaging back,193
5745,data/k400/train/MRHXTSYif6I_000020_000030.mp4,massaging back,193
5746,data/k400/train/Mj3-X9F8474_000089_000099.mp4,massaging back,193
5747,data/k400/train/Mx7J5weQuyU_000165_000175.mp4,massaging back,193
5748,data/k400/train/OJqmWM5ZnzU_000034_000044.mp4,massaging back,193
5749,data/k400/train/PAEOwU-tvKw_000096_000106.mp4,massaging back,193
5750,data/k400/train/PFvRVyHzLM8_000557_000567.mp4,massaging back,193
5751,data/k400/train/Q5pgEFbzMKo_000307_000317.mp4,massaging back,193
5752,data/k400/train/Qgc4u1BHDjc_000002_000012.mp4,massaging back,193
5753,data/k400/train/ThoKFAwfxK0_000064_000074.mp4,massaging back,193
5754,data/k400/train/Ux0ceeiWVUQ_000006_000016.mp4,massaging back,193
5755,data/k400/train/YFuQsB-xYZo_000328_000338.mp4,massaging back,193
5756,data/k400/train/ZoiZJ8ASS_0_000000_000010.mp4,massaging back,193
5757,data/k400/train/bs7CPwE3Kyw_000023_000033.mp4,massaging back,193
5758,data/k400/train/cNo7Lnf4PXg_000145_000155.mp4,massaging back,193
5759,data/k400/train/cVVmuYy-A2I_000536_000546.mp4,massaging back,193
5760,data/k400/train/ed-Kxak01XQ_000117_000127.mp4,massaging back,193
5761,data/k400/train/i7QnPjDfilY_000022_000032.mp4,massaging back,193
5762,data/k400/train/jh7l7irLth4_000408_000418.mp4,massaging back,193
5763,data/k400/train/krd8JQgh8vw_000488_000498.mp4,massaging back,193
5764,data/k400/train/lpT0eNpLiuM_000424_000434.mp4,massaging back,193
5765,data/k400/train/mLkjTnj6_t8_000278_000288.mp4,massaging back,193
5766,data/k400/train/nj3Zq4SBXuQ_000001_000011.mp4,massaging back,193
5767,data/k400/train/pjx1jQiTbPE_000485_000495.mp4,massaging back,193
5768,data/k400/train/qcxO_RQeqr8_000584_000594.mp4,massaging back,193
5769,data/k400/train/rhb5gPYR3tg_000039_000049.mp4,massaging back,193
5770,data/k400/train/s0yBGJWBvNc_000113_000123.mp4,massaging back,193
5771,data/k400/train/u0xZhutl3ss_000778_000788.mp4,massaging back,193
5772,data/k400/train/vCuVZd2VVMM_000150_000160.mp4,massaging back,193
5773,data/k400/train/z3Lm9pFpFzg_000831_000841.mp4,massaging back,193
5774,data/k400/train/zV3bmkigNUQ_000063_000073.mp4,massaging back,193
5775,data/k400/train/56E1gw2n67c_000009_000019.mp4,massaging feet,194
5776,data/k400/train/AY9-AGU8fuw_000225_000235.mp4,massaging feet,194
5777,data/k400/train/AYuOJGctrGQ_000105_000115.mp4,massaging feet,194
5778,data/k400/train/DuHgiuM3Gfw_000151_000161.mp4,massaging feet,194
5779,data/k400/train/FIKgB14OATY_000167_000177.mp4,massaging feet,194
5780,data/k400/train/FvUKENJBmJY_000234_000244.mp4,massaging feet,194
5781,data/k400/train/NZEoQ6pl9-M_000182_000192.mp4,massaging feet,194
5782,data/k400/train/NfsRW4b37KI_000156_000166.mp4,massaging feet,194
5783,data/k400/train/UotBIgJet_8_000402_000412.mp4,massaging feet,194
5784,data/k400/train/WOqyU3zVxSE_000024_000034.mp4,massaging feet,194
5785,data/k400/train/Zlz_gF96TiU_000020_000030.mp4,massaging feet,194
5786,data/k400/train/a8rIIos3Thg_000057_000067.mp4,massaging feet,194
5787,data/k400/train/okuirWsjJQM_000092_000102.mp4,massaging feet,194
5788,data/k400/train/pA2YVq9DSis_000078_000088.mp4,massaging feet,194
5789,data/k400/train/3TWrDtj9S98_000133_000143.mp4,massaging legs,195
5790,data/k400/train/AQKvZeuTETE_000015_000025.mp4,massaging legs,195
5791,data/k400/train/ASCwT5gk3c0_000010_000020.mp4,massaging legs,195
5792,data/k400/train/CdfAShPjot0_000003_000013.mp4,massaging legs,195
5793,data/k400/train/EFlGCSuYDqg_000088_000098.mp4,massaging legs,195
5794,data/k400/train/EeXAgY1bSnY_000893_000903.mp4,massaging legs,195
5795,data/k400/train/MKxQ-xYt0qU_000077_000087.mp4,massaging legs,195
5796,data/k400/train/WiHRZ2J_MSA_000047_000057.mp4,massaging legs,195
5797,data/k400/train/YvjLjK5iPkw_000198_000208.mp4,massaging legs,195
5798,data/k400/train/YykZrslE1uA_001493_001503.mp4,massaging legs,195
5799,data/k400/train/e8KOeM57Fko_000004_000014.mp4,massaging legs,195
5800,data/k400/train/m1jbThr6hiY_000597_000607.mp4,massaging legs,195
5801,data/k400/train/n260oDAw4IA_000012_000022.mp4,massaging legs,195
5802,data/k400/train/rRQKMj1s3vM_000151_000161.mp4,massaging legs,195
5803,data/k400/train/rbsia06DK-8_000164_000174.mp4,massaging legs,195
5804,data/k400/train/uAyj1oxqPgk_000092_000102.mp4,massaging legs,195
5805,data/k400/train/2M5pH3x7nXk_000000_000010.mp4,massaging person's head,196
5806,data/k400/train/2lYm0QJnuPs_000002_000012.mp4,massaging person's head,196
5807,data/k400/train/33ddT9969OU_000241_000251.mp4,massaging person's head,196
5808,data/k400/train/7bXiESTQFCM_000001_000011.mp4,massaging person's head,196
5809,data/k400/train/7bet--4fAfk_000001_000011.mp4,massaging person's head,196
5810,data/k400/train/AApM9UJuIag_000057_000067.mp4,massaging person's head,196
5811,data/k400/train/DrvQfVAk3E8_000220_000230.mp4,massaging person's head,196
5812,data/k400/train/OsnrnZJjpdg_000914_000924.mp4,massaging person's head,196
5813,data/k400/train/SP43hD24e6k_000029_000039.mp4,massaging person's head,196
5814,data/k400/train/ZbnSBI_dAog_000094_000104.mp4,massaging person's head,196
5815,data/k400/train/Ztvdr0cC-ks_000068_000078.mp4,massaging person's head,196
5816,data/k400/train/bdvsDqMVGBA_000128_000138.mp4,massaging person's head,196
5817,data/k400/train/jHme3mnkR9I_000826_000836.mp4,massaging person's head,196
5818,data/k400/train/ojZ0uJh8Gi0_000103_000113.mp4,massaging person's head,196
5819,data/k400/train/qwjeaLAVNIs_000511_000521.mp4,massaging person's head,196
5820,data/k400/train/tHTeaneKxPc_000143_000153.mp4,massaging person's head,196
5821,data/k400/train/u8kEjXuMlQQ_000080_000090.mp4,massaging person's head,196
5822,data/k400/train/wAdGQSd6nFQ_000105_000115.mp4,massaging person's head,196
5823,data/k400/train/yBx3kkMwW50_000120_000130.mp4,massaging person's head,196
5824,data/k400/train/1fH8Hd8dxyk_000092_000102.mp4,milking cow,197
5825,data/k400/train/2C1sAOH3Mm4_000000_000010.mp4,milking cow,197
5826,data/k400/train/5haOYt10UKc_000001_000011.mp4,milking cow,197
5827,data/k400/train/6yK9Trq1mOM_000081_000091.mp4,milking cow,197
5828,data/k400/train/CYthy0r2lYk_000007_000017.mp4,milking cow,197
5829,data/k400/train/FSDNyJh4DrE_000002_000012.mp4,milking cow,197
5830,data/k400/train/H8OAbcC9PdY_000149_000159.mp4,milking cow,197
5831,data/k400/train/HEyl0AdP8uE_000154_000164.mp4,milking cow,197
5832,data/k400/train/JdTMP827QGk_000138_000148.mp4,milking cow,197
5833,data/k400/train/K4qktE2YxQw_000156_000166.mp4,milking cow,197
5834,data/k400/train/M9Fe0tyrLS8_000018_000028.mp4,milking cow,197
5835,data/k400/train/MIzXPhX1I-4_000001_000011.mp4,milking cow,197
5836,data/k400/train/MeUwJ0VpksM_000061_000071.mp4,milking cow,197
5837,data/k400/train/N24Cj8S2_4o_000000_000010.mp4,milking cow,197
5838,data/k400/train/N44lq5BP4oI_000002_000012.mp4,milking cow,197
5839,data/k400/train/Q5xlkAqHILg_000004_000014.mp4,milking cow,197
5840,data/k400/train/RPKpTBfyx2M_000039_000049.mp4,milking cow,197
5841,data/k400/train/UAZDIzUrZcU_000006_000016.mp4,milking cow,197
5842,data/k400/train/UwVkd_wDa2w_000042_000052.mp4,milking cow,197
5843,data/k400/train/WbAbbNW_WBU_000006_000016.mp4,milking cow,197
5844,data/k400/train/XvvnULbh9hk_000016_000026.mp4,milking cow,197
5845,data/k400/train/ZEMPPfugBMo_000002_000012.mp4,milking cow,197
5846,data/k400/train/aQud8CtN4mg_000020_000030.mp4,milking cow,197
5847,data/k400/train/c-orJsmeFH0_000000_000010.mp4,milking cow,197
5848,data/k400/train/ceIw6vCrsEI_000104_000114.mp4,milking cow,197
5849,data/k400/train/d5DFYI_DayQ_000005_000015.mp4,milking cow,197
5850,data/k400/train/dV1aStwebPg_000021_000031.mp4,milking cow,197
5851,data/k400/train/fBYEixfT2HM_000039_000049.mp4,milking cow,197
5852,data/k400/train/fpTCJeHUVFY_000041_000051.mp4,milking cow,197
5853,data/k400/train/i11oFbVkyWQ_000011_000021.mp4,milking cow,197
5854,data/k400/train/jUpiVmAE0xI_000023_000033.mp4,milking cow,197
5855,data/k400/train/k1as3lgCSDM_000002_000012.mp4,milking cow,197
5856,data/k400/train/kHRxD1j-O1U_000136_000146.mp4,milking cow,197
5857,data/k400/train/lWRxEGv3NDE_000016_000026.mp4,milking cow,197
5858,data/k400/train/mNPPNXgpsJ8_000000_000010.mp4,milking cow,197
5859,data/k400/train/nN0MyPJzCYA_000075_000085.mp4,milking cow,197
5860,data/k400/train/ouJFXcEE8ns_000211_000221.mp4,milking cow,197
5861,data/k400/train/qLzJ-7vg3DQ_000075_000085.mp4,milking cow,197
5862,data/k400/train/qToF5dE1MAk_000108_000118.mp4,milking cow,197
5863,data/k400/train/qdkw2iyWeuk_000072_000082.mp4,milking cow,197
5864,data/k400/train/rhjNqQFrkHw_000033_000043.mp4,milking cow,197
5865,data/k400/train/sw12K167SV8_000002_000012.mp4,milking cow,197
5866,data/k400/train/ukScvlJVkCU_000038_000048.mp4,milking cow,197
5867,data/k400/train/x-758dpjMe8_000017_000027.mp4,milking cow,197
5868,data/k400/train/xYEzgaj9e_0_000047_000057.mp4,milking cow,197
5869,data/k400/train/xscANAnBTMc_000010_000020.mp4,milking cow,197
5870,data/k400/train/y3fszWdu5SU_000008_000018.mp4,milking cow,197
5871,data/k400/train/z7XO9JSfnbE_000186_000196.mp4,milking cow,197
5872,data/k400/train/zmF5wV4Q6ME_000012_000022.mp4,milking cow,197
5873,data/k400/train/-kzH1UEDKvM_000008_000018.mp4,mopping floor,198
5874,data/k400/train/0b44AsqL7p0_000000_000010.mp4,mopping floor,198
5875,data/k400/train/4Y7vXO5f_aI_000000_000010.mp4,mopping floor,198
5876,data/k400/train/64eLxdFMDMs_000013_000023.mp4,mopping floor,198
5877,data/k400/train/De4-UWrrOlA_000054_000064.mp4,mopping floor,198
5878,data/k400/train/NaRV8KbP9eE_000028_000038.mp4,mopping floor,198
5879,data/k400/train/OzB--6aoVQU_000431_000441.mp4,mopping floor,198
5880,data/k400/train/T3HATGAzS2Y_000009_000019.mp4,mopping floor,198
5881,data/k400/train/VJgQrNwBudk_000002_000012.mp4,mopping floor,198
5882,data/k400/train/XVLuRTO-UJw_000018_000028.mp4,mopping floor,198
5883,data/k400/train/aYC7F72n924_000042_000052.mp4,mopping floor,198
5884,data/k400/train/abcJI_nlhZQ_000000_000010.mp4,mopping floor,198
5885,data/k400/train/gLescfORbmw_000015_000025.mp4,mopping floor,198
5886,data/k400/train/grefqO2n764_000035_000045.mp4,mopping floor,198
5887,data/k400/train/l8Kmr__DTdc_000006_000016.mp4,mopping floor,198
5888,data/k400/train/nePGbkqWGes_000059_000069.mp4,mopping floor,198
5889,data/k400/train/wrTOj4aSwro_000016_000026.mp4,mopping floor,198
5890,data/k400/train/-DG0neXk7sI_000280_000290.mp4,motorcycling,199
5891,data/k400/train/18g-yGx1Tcw_000076_000086.mp4,motorcycling,199
5892,data/k400/train/2o-n6yKrX3A_000000_000010.mp4,motorcycling,199
5893,data/k400/train/3kmdQO_j2M0_000047_000057.mp4,motorcycling,199
5894,data/k400/train/6ppYbujlQRg_000046_000056.mp4,motorcycling,199
5895,data/k400/train/6wR3_2-P-H8_000090_000100.mp4,motorcycling,199
5896,data/k400/train/7YOwPdZcdNs_000029_000039.mp4,motorcycling,199
5897,data/k400/train/8D_ZFwXZoVo_000048_000058.mp4,motorcycling,199
5898,data/k400/train/8jKbrtRhv44_000230_000240.mp4,motorcycling,199
5899,data/k400/train/9QQT0HSkUsU_000406_000416.mp4,motorcycling,199
5900,data/k400/train/9yKd0P_2GO4_000004_000014.mp4,motorcycling,199
5901,data/k400/train/AtnE1Ze3cDI_000025_000035.mp4,motorcycling,199
5902,data/k400/train/Bjv0G_O7EHM_000017_000027.mp4,motorcycling,199
5903,data/k400/train/D3FyOTaDjXY_000001_000011.mp4,motorcycling,199
5904,data/k400/train/DPorJzUHGw8_000142_000152.mp4,motorcycling,199
5905,data/k400/train/E0u3qJyLoX4_000005_000015.mp4,motorcycling,199
5906,data/k400/train/EbCzBjqPyRI_000046_000056.mp4,motorcycling,199
5907,data/k400/train/Gm44Z8mZADw_000008_000018.mp4,motorcycling,199
5908,data/k400/train/HgRPEZu79ok_000090_000100.mp4,motorcycling,199
5909,data/k400/train/LPbUsNe78gA_000025_000035.mp4,motorcycling,199
5910,data/k400/train/O1v6vg30vvs_000232_000242.mp4,motorcycling,199
5911,data/k400/train/OV-q41mhdho_000097_000107.mp4,motorcycling,199
5912,data/k400/train/OVg8XBVXhOs_000075_000085.mp4,motorcycling,199
5913,data/k400/train/OvOtuLZRMTA_000050_000060.mp4,motorcycling,199
5914,data/k400/train/REw527qrGnY_000052_000062.mp4,motorcycling,199
5915,data/k400/train/VJD5GNbbRbc_000004_000014.mp4,motorcycling,199
5916,data/k400/train/VSzLwoPlQ_8_000121_000131.mp4,motorcycling,199
5917,data/k400/train/VlyQp2nztVo_000038_000048.mp4,motorcycling,199
5918,data/k400/train/WChH3eaLZCo_000277_000287.mp4,motorcycling,199
5919,data/k400/train/Zsf8RjUrgz4_000509_000519.mp4,motorcycling,199
5920,data/k400/train/_efiCjpbZRE_000532_000542.mp4,motorcycling,199
5921,data/k400/train/_kPOimBbCrY_000020_000030.mp4,motorcycling,199
5922,data/k400/train/aS-YR3QD4gQ_000572_000582.mp4,motorcycling,199
5923,data/k400/train/bcza96rmsz8_000007_000017.mp4,motorcycling,199
5924,data/k400/train/cWV7AwICJDI_000032_000042.mp4,motorcycling,199
5925,data/k400/train/etosjU67QaA_000020_000030.mp4,motorcycling,199
5926,data/k400/train/f-LeNaoOF_I_000003_000013.mp4,motorcycling,199
5927,data/k400/train/fPgH-SgjxkA_000008_000018.mp4,motorcycling,199
5928,data/k400/train/fnwjho7fwFM_000015_000025.mp4,motorcycling,199
5929,data/k400/train/fuSBEHys71s_000003_000013.mp4,motorcycling,199
5930,data/k400/train/glYuSrQcHu4_000008_000018.mp4,motorcycling,199
5931,data/k400/train/iYrXzF1mhEw_000103_000113.mp4,motorcycling,199
5932,data/k400/train/jrbgZiqLG7U_000024_000034.mp4,motorcycling,199
5933,data/k400/train/mN8y_4-RWpo_000076_000086.mp4,motorcycling,199
5934,data/k400/train/mVL8GUZB_W8_000023_000033.mp4,motorcycling,199
5935,data/k400/train/oSia_Wk9Om0_000041_000051.mp4,motorcycling,199
5936,data/k400/train/sG2qrXTA8II_000148_000158.mp4,motorcycling,199
5937,data/k400/train/st0WrY4Eg7U_000036_000046.mp4,motorcycling,199
5938,data/k400/train/yvZKQHYJWYc_000423_000433.mp4,motorcycling,199
5939,data/k400/train/80pe4Ucuwj0_000037_000047.mp4,moving furniture,200
5940,data/k400/train/9bo7l0fh-U4_000005_000015.mp4,moving furniture,200
5941,data/k400/train/CJ4KakAkoms_000064_000074.mp4,moving furniture,200
5942,data/k400/train/DLlkj4xPJiQ_000016_000026.mp4,moving furniture,200
5943,data/k400/train/HdLRPoOeoU4_000004_000014.mp4,moving furniture,200
5944,data/k400/train/L-qmbbKggyk_000025_000035.mp4,moving furniture,200
5945,data/k400/train/LjdgtYZANfw_000037_000047.mp4,moving furniture,200
5946,data/k400/train/Vgh5wR4SgtM_000010_000020.mp4,moving furniture,200
5947,data/k400/train/W7faEAg3Yz4_000064_000074.mp4,moving furniture,200
5948,data/k400/train/_MGQ1j1JqQw_000042_000052.mp4,moving furniture,200
5949,data/k400/train/aAOJtEJI4Cw_000042_000052.mp4,moving furniture,200
5950,data/k400/train/dnyDPTTKabc_000000_000010.mp4,moving furniture,200
5951,data/k400/train/jUh1egPj9W0_000095_000105.mp4,moving furniture,200
5952,data/k400/train/lbCfrGzUZ-k_000006_000016.mp4,moving furniture,200
5953,data/k400/train/mWClFj8DMxQ_000017_000027.mp4,moving furniture,200
5954,data/k400/train/pWmbXDXVFzU_000139_000149.mp4,moving furniture,200
5955,data/k400/train/-lwiBgcMEpA_000017_000027.mp4,mowing lawn,201
5956,data/k400/train/2FnfnWplyjY_000000_000010.mp4,mowing lawn,201
5957,data/k400/train/2JF7aPjk_NQ_000004_000014.mp4,mowing lawn,201
5958,data/k400/train/9x_6HqIBEEI_000043_000053.mp4,mowing lawn,201
5959,data/k400/train/9zGoMHo-w_A_000019_000029.mp4,mowing lawn,201
5960,data/k400/train/A5rGnIsBWV4_000007_000017.mp4,mowing lawn,201
5961,data/k400/train/BHljSZWrb4U_000000_000010.mp4,mowing lawn,201
5962,data/k400/train/Cd7MG8pVUms_000013_000023.mp4,mowing lawn,201
5963,data/k400/train/E1BPR3llDnk_000003_000013.mp4,mowing lawn,201
5964,data/k400/train/EeuBDMj-0kg_000003_000013.mp4,mowing lawn,201
5965,data/k400/train/EfGVydKgv7c_000004_000014.mp4,mowing lawn,201
5966,data/k400/train/Ejcqrty-cpI_000003_000013.mp4,mowing lawn,201
5967,data/k400/train/GBOMbGHJEW0_000003_000013.mp4,mowing lawn,201
5968,data/k400/train/H-a6nnK7P4Q_000004_000014.mp4,mowing lawn,201
5969,data/k400/train/MIbNzpwwtRA_000007_000017.mp4,mowing lawn,201
5970,data/k400/train/OK1FZrTapao_000020_000030.mp4,mowing lawn,201
5971,data/k400/train/Ob7NXob_kIU_000013_000023.mp4,mowing lawn,201
5972,data/k400/train/Rw6talXkc2I_000023_000033.mp4,mowing lawn,201
5973,data/k400/train/TUORrME5_E4_000000_000010.mp4,mowing lawn,201
5974,data/k400/train/TccakS2rRqs_000192_000202.mp4,mowing lawn,201
5975,data/k400/train/U_MqcDr0kPo_000003_000013.mp4,mowing lawn,201
5976,data/k400/train/Uij7QYjlW0E_000247_000257.mp4,mowing lawn,201
5977,data/k400/train/VHKxMi8KP64_000003_000013.mp4,mowing lawn,201
5978,data/k400/train/X5DxvA2mTv4_000006_000016.mp4,mowing lawn,201
5979,data/k400/train/YhEAUeO0N2k_000017_000027.mp4,mowing lawn,201
5980,data/k400/train/_pjeHkmsQ_I_000004_000014.mp4,mowing lawn,201
5981,data/k400/train/chdV2CIaq4A_000003_000013.mp4,mowing lawn,201
5982,data/k400/train/d6QzUYfHFQQ_000589_000599.mp4,mowing lawn,201
5983,data/k400/train/dltLWXfkIyc_000210_000220.mp4,mowing lawn,201
5984,data/k400/train/gDdkyHysoJs_000000_000010.mp4,mowing lawn,201
5985,data/k400/train/gNPCiOEK09s_000026_000036.mp4,mowing lawn,201
5986,data/k400/train/hWokO7gUE-Y_000015_000025.mp4,mowing lawn,201
5987,data/k400/train/i8aPSJWf-og_000009_000019.mp4,mowing lawn,201
5988,data/k400/train/iGS8R4GZu8s_000015_000025.mp4,mowing lawn,201
5989,data/k400/train/j1AIsGZbskM_000196_000206.mp4,mowing lawn,201
5990,data/k400/train/jKU_NiC1Gas_000326_000336.mp4,mowing lawn,201
5991,data/k400/train/m9sjm0VieOU_000002_000012.mp4,mowing lawn,201
5992,data/k400/train/pN2gqelr5_0_000001_000011.mp4,mowing lawn,201
5993,data/k400/train/pvqOPjoHzeU_000050_000060.mp4,mowing lawn,201
5994,data/k400/train/qZVm6XA-HIk_000002_000012.mp4,mowing lawn,201
5995,data/k400/train/t0vgNjnWIA0_000003_000013.mp4,mowing lawn,201
5996,data/k400/train/tjf72SDZ0S4_000019_000029.mp4,mowing lawn,201
5997,data/k400/train/w1icYmm9Y0o_000001_000011.mp4,mowing lawn,201
5998,data/k400/train/wclRjpvYIzc_000010_000020.mp4,mowing lawn,201
5999,data/k400/train/B69D-WnWyHY_000009_000019.mp4,news anchoring,202
6000,data/k400/train/Mhe3DvM_Kbg_000003_000013.mp4,news anchoring,202
6001,data/k400/train/Nqr8vyJWCVU_000293_000303.mp4,news anchoring,202
6002,data/k400/train/VIWNc0avgzw_000163_000173.mp4,news anchoring,202
6003,data/k400/train/hpG8n_2KImY_000168_000178.mp4,news anchoring,202
6004,data/k400/train/mJeS09ZhvmQ_000140_000150.mp4,news anchoring,202
6005,data/k400/train/oiQ-exT2xiU_000040_000050.mp4,news anchoring,202
6006,data/k400/train/ytQ-NuRPA7A_000172_000182.mp4,news anchoring,202
6007,data/k400/train/0QmKHfYfovk_000052_000062.mp4,opening bottle,203
6008,data/k400/train/0yDC0rydnCg_000056_000066.mp4,opening bottle,203
6009,data/k400/train/2pUEh0Ku9LA_000008_000018.mp4,opening bottle,203
6010,data/k400/train/2xxWWcZNUJk_000000_000010.mp4,opening bottle,203
6011,data/k400/train/3BdbHEPL-3g_000000_000010.mp4,opening bottle,203
6012,data/k400/train/3x_d18VwyjU_000279_000289.mp4,opening bottle,203
6013,data/k400/train/65NoBEYVaaE_000000_000010.mp4,opening bottle,203
6014,data/k400/train/7EbXmWX6lEU_000000_000010.mp4,opening bottle,203
6015,data/k400/train/7pN7YYEzFFE_000068_000078.mp4,opening bottle,203
6016,data/k400/train/8vFS81E9m4A_000004_000014.mp4,opening bottle,203
6017,data/k400/train/AmmEjeOEt2E_000031_000041.mp4,opening bottle,203
6018,data/k400/train/EG7_wNyE7Wg_000141_000151.mp4,opening bottle,203
6019,data/k400/train/FPkX-6WUzqQ_000004_000014.mp4,opening bottle,203
6020,data/k400/train/MFD0bZkkTxo_000001_000011.mp4,opening bottle,203
6021,data/k400/train/PEEQzJV_bZE_000025_000035.mp4,opening bottle,203
6022,data/k400/train/S0UHTQNB9Cg_000031_000041.mp4,opening bottle,203
6023,data/k400/train/T8EdOc9DyaI_000014_000024.mp4,opening bottle,203
6024,data/k400/train/XCJdILsSjD8_000066_000076.mp4,opening bottle,203
6025,data/k400/train/XeweHSPJgE4_000003_000013.mp4,opening bottle,203
6026,data/k400/train/_F8ZTokfRQs_000023_000033.mp4,opening bottle,203
6027,data/k400/train/aVsLtJ9Wlpc_000139_000149.mp4,opening bottle,203
6028,data/k400/train/b8TnR8yPO7E_000002_000012.mp4,opening bottle,203
6029,data/k400/train/iLX4G-JL-0E_000027_000037.mp4,opening bottle,203
6030,data/k400/train/reWziqKu-Tk_000337_000347.mp4,opening bottle,203
6031,data/k400/train/xCleYn0V8pU_000042_000052.mp4,opening bottle,203
6032,data/k400/train/yvvmPZsA2lE_000004_000014.mp4,opening bottle,203
6033,data/k400/train/2NOQh8fV35c_000086_000096.mp4,opening present,204
6034,data/k400/train/6L3OdQ1_VfI_000050_000060.mp4,opening present,204
6035,data/k400/train/7johj6LF1Aw_000059_000069.mp4,opening present,204
6036,data/k400/train/99jsgRXuS1U_000069_000079.mp4,opening present,204
6037,data/k400/train/BkjK_1dWQM0_000003_000013.mp4,opening present,204
6038,data/k400/train/DmhfaRJ-2k8_000057_000067.mp4,opening present,204
6039,data/k400/train/GDSrSVYVBYo_000045_000055.mp4,opening present,204
6040,data/k400/train/GLG0fWqdJi0_000041_000051.mp4,opening present,204
6041,data/k400/train/JZd40BRIalQ_000394_000404.mp4,opening present,204
6042,data/k400/train/L2D8ZzW1eas_000184_000194.mp4,opening present,204
6043,data/k400/train/NlErBQwinas_000947_000957.mp4,opening present,204
6044,data/k400/train/Pg4EWFyZMCA_000149_000159.mp4,opening present,204
6045,data/k400/train/Xy1wvfikZwc_000004_000014.mp4,opening present,204
6046,data/k400/train/bTc07ymr_FY_000073_000083.mp4,opening present,204
6047,data/k400/train/cvJfaFUU__k_000060_000070.mp4,opening present,204
6048,data/k400/train/d8OGtl-aaBg_000041_000051.mp4,opening present,204
6049,data/k400/train/fE7oW_Xu2kE_000005_000015.mp4,opening present,204
6050,data/k400/train/g4lrcOEupek_000032_000042.mp4,opening present,204
6051,data/k400/train/jgCU_yrrCSE_000029_000039.mp4,opening present,204
6052,data/k400/train/kX1SGNwfcpg_000008_000018.mp4,opening present,204
6053,data/k400/train/mGQ9GhKO4to_000021_000031.mp4,opening present,204
6054,data/k400/train/o7qCWPk9ZmI_000186_000196.mp4,opening present,204
6055,data/k400/train/rCEIqbiIv7k_000143_000153.mp4,opening present,204
6056,data/k400/train/roEP5T5oIV0_000004_000014.mp4,opening present,204
6057,data/k400/train/smETDER7cAM_000004_000014.mp4,opening present,204
6058,data/k400/train/xjSfOWSHODg_000077_000087.mp4,opening present,204
6059,data/k400/train/xqIjlxFLqKY_000012_000022.mp4,opening present,204
6060,data/k400/train/AS0oO_Poz0A_000004_000014.mp4,paragliding,205
6061,data/k400/train/Ap1qd3Ody4A_000555_000565.mp4,paragliding,205
6062,data/k400/train/DXJGN_JjdnI_000132_000142.mp4,paragliding,205
6063,data/k400/train/FcXxI038PVg_000154_000164.mp4,paragliding,205
6064,data/k400/train/GGcyHztI_XA_000121_000131.mp4,paragliding,205
6065,data/k400/train/Gt_i4OSqh9U_000221_000231.mp4,paragliding,205
6066,data/k400/train/HnXbyRzkVBg_000028_000038.mp4,paragliding,205
6067,data/k400/train/Jtc2K7E1T9M_000130_000140.mp4,paragliding,205
6068,data/k400/train/LXHSKz3NKYQ_000114_000124.mp4,paragliding,205
6069,data/k400/train/MBhvi1bKF98_000074_000084.mp4,paragliding,205
6070,data/k400/train/QpL318iISyY_000000_000010.mp4,paragliding,205
6071,data/k400/train/Rt-WehJ8xjY_000207_000217.mp4,paragliding,205
6072,data/k400/train/UPEqbXvcI7I_000146_000156.mp4,paragliding,205
6073,data/k400/train/aARhl1bzI6A_000067_000077.mp4,paragliding,205
6074,data/k400/train/br7DJPRuqAA_000210_000220.mp4,paragliding,205
6075,data/k400/train/c0ecHnlYsXs_000114_000124.mp4,paragliding,205
6076,data/k400/train/clVZIEs-lGA_000018_000028.mp4,paragliding,205
6077,data/k400/train/exktHcsZSAM_000029_000039.mp4,paragliding,205
6078,data/k400/train/hYiC2gD2G8A_000051_000061.mp4,paragliding,205
6079,data/k400/train/j6Mj4dcJx1E_000000_000010.mp4,paragliding,205
6080,data/k400/train/j6YvsdnZGXk_000116_000126.mp4,paragliding,205
6081,data/k400/train/k7DV3yd8eCA_000000_000010.mp4,paragliding,205
6082,data/k400/train/ktAC2V9WrAo_000036_000046.mp4,paragliding,205
6083,data/k400/train/ow5aeLGzvCA_000017_000027.mp4,paragliding,205
6084,data/k400/train/wvfdRbc_kfM_000005_000015.mp4,paragliding,205
6085,data/k400/train/zvjqLVJnJEA_000010_000020.mp4,paragliding,205
6086,data/k400/train/zwd1TCt9r4g_000118_000128.mp4,paragliding,205
6087,data/k400/train/1N6ACNX3pwg_000006_000016.mp4,parasailing,206
6088,data/k400/train/20feOgg2F6I_000023_000033.mp4,parasailing,206
6089,data/k400/train/3OiV0tSuE9g_000257_000267.mp4,parasailing,206
6090,data/k400/train/8QNSL5RGNEg_000024_000034.mp4,parasailing,206
6091,data/k400/train/9GUMlozB1X4_000059_000069.mp4,parasailing,206
6092,data/k400/train/9WJsJLWqzok_000080_000090.mp4,parasailing,206
6093,data/k400/train/ANXownhOO0M_000059_000069.mp4,parasailing,206
6094,data/k400/train/BfvHjs7HR4A_000020_000030.mp4,parasailing,206
6095,data/k400/train/KtM7j6x75DQ_000002_000012.mp4,parasailing,206
6096,data/k400/train/MrwtBGE3x4o_000235_000245.mp4,parasailing,206
6097,data/k400/train/NMAqy-U6gEE_000010_000020.mp4,parasailing,206
6098,data/k400/train/OcK2j_qLfvQ_000017_000027.mp4,parasailing,206
6099,data/k400/train/QinNydQ-iwM_000110_000120.mp4,parasailing,206
6100,data/k400/train/QqRdlrAV8jE_000001_000011.mp4,parasailing,206
6101,data/k400/train/Ru2bU6xeO6g_000047_000057.mp4,parasailing,206
6102,data/k400/train/SqKGsp_N2UQ_000092_000102.mp4,parasailing,206
6103,data/k400/train/XHGRwtxWqRI_000006_000016.mp4,parasailing,206
6104,data/k400/train/X_yKXWgMDMQ_000007_000017.mp4,parasailing,206
6105,data/k400/train/ZPfGamv5xTA_000150_000160.mp4,parasailing,206
6106,data/k400/train/ZSa_jV0_q3Q_000248_000258.mp4,parasailing,206
6107,data/k400/train/aANqYA6FgJ4_000047_000057.mp4,parasailing,206
6108,data/k400/train/awmMEPEmGt8_000004_000014.mp4,parasailing,206
6109,data/k400/train/egzldEcFOj4_000058_000068.mp4,parasailing,206
6110,data/k400/train/em9eEt5ePKw_000003_000013.mp4,parasailing,206
6111,data/k400/train/f8w_LU_-OxA_000022_000032.mp4,parasailing,206
6112,data/k400/train/jIYH-k_LKZE_000015_000025.mp4,parasailing,206
6113,data/k400/train/lVouxhMCIHo_000076_000086.mp4,parasailing,206
6114,data/k400/train/mtVAQuz-OLA_000004_000014.mp4,parasailing,206
6115,data/k400/train/oVaWEEF9lz0_000069_000079.mp4,parasailing,206
6116,data/k400/train/rd4cBktHFfE_000512_000522.mp4,parasailing,206
6117,data/k400/train/-OLJniOW9GA_000015_000025.mp4,parkour,207
6118,data/k400/train/5MIC_ZaBAAg_000462_000472.mp4,parkour,207
6119,data/k400/train/5wcgiFnLMdc_000001_000011.mp4,parkour,207
6120,data/k400/train/6o_-tJCfmE4_000003_000013.mp4,parkour,207
6121,data/k400/train/Fy_DKhkikes_000031_000041.mp4,parkour,207
6122,data/k400/train/IxEEftlCSU4_000115_000125.mp4,parkour,207
6123,data/k400/train/J8Q1eY1wKdo_000000_000010.mp4,parkour,207
6124,data/k400/train/KjC0m2TSgVM_000159_000169.mp4,parkour,207
6125,data/k400/train/MWgaChJsKU8_000004_000014.mp4,parkour,207
6126,data/k400/train/S_GJm7Mmoe8_000002_000012.mp4,parkour,207
6127,data/k400/train/T12IiyvJ_zM_000067_000077.mp4,parkour,207
6128,data/k400/train/TrNmnAXx8HI_000015_000025.mp4,parkour,207
6129,data/k400/train/VtS_G5TVD3g_000012_000022.mp4,parkour,207
6130,data/k400/train/W1eSAIorVmo_000028_000038.mp4,parkour,207
6131,data/k400/train/WRvBbWVyve0_000127_000137.mp4,parkour,207
6132,data/k400/train/bmhABV4gbF4_000000_000010.mp4,parkour,207
6133,data/k400/train/dbAyxL2Drx8_000003_000013.mp4,parkour,207
6134,data/k400/train/iLc1omRnMZk_000060_000070.mp4,parkour,207
6135,data/k400/train/jZF5FyZU4r4_000019_000029.mp4,parkour,207
6136,data/k400/train/k6Iavy1hqOI_000011_000021.mp4,parkour,207
6137,data/k400/train/qgm5E8HVtiY_000007_000017.mp4,parkour,207
6138,data/k400/train/1mw3jz_v-ds_000005_000015.mp4,passing American football (in game),208
6139,data/k400/train/2GUU6dmIwg8_000002_000012.mp4,passing American football (in game),208
6140,data/k400/train/4XVku1ggFHg_000002_000012.mp4,passing American football (in game),208
6141,data/k400/train/4rFhtXEdXyI_000013_000023.mp4,passing American football (in game),208
6142,data/k400/train/6CTZOPDhu-k_000001_000011.mp4,passing American football (in game),208
6143,data/k400/train/BVOz39zhU0w_000000_000010.mp4,passing American football (in game),208
6144,data/k400/train/CXO56j8OHqI_000001_000011.mp4,passing American football (in game),208
6145,data/k400/train/HSFrzirKP2s_000003_000013.mp4,passing American football (in game),208
6146,data/k400/train/HcuZTetU04c_000013_000023.mp4,passing American football (in game),208
6147,data/k400/train/Hxlpb013fe4_000058_000068.mp4,passing American football (in game),208
6148,data/k400/train/J0yUeCiLoeY_000047_000057.mp4,passing American football (in game),208
6149,data/k400/train/J7epA2Z6kUY_000000_000010.mp4,passing American football (in game),208
6150,data/k400/train/K0eikC-n2EA_000022_000032.mp4,passing American football (in game),208
6151,data/k400/train/LGP3_02MWBw_000003_000013.mp4,passing American football (in game),208
6152,data/k400/train/La2Ye94OiyA_000017_000027.mp4,passing American football (in game),208
6153,data/k400/train/N5CIXEVpLZs_000005_000015.mp4,passing American football (in game),208
6154,data/k400/train/QV1uBVmgwfg_000000_000010.mp4,passing American football (in game),208
6155,data/k400/train/S2voJY8CZ1g_000004_000014.mp4,passing American football (in game),208
6156,data/k400/train/SOpLje4jr5U_000769_000779.mp4,passing American football (in game),208
6157,data/k400/train/UJOdY3CTios_000006_000016.mp4,passing American football (in game),208
6158,data/k400/train/Wryb4lwdN1Y_000002_000012.mp4,passing American football (in game),208
6159,data/k400/train/bpxt5P6s7Rw_000002_000012.mp4,passing American football (in game),208
6160,data/k400/train/dVNVMjEzpfE_000005_000015.mp4,passing American football (in game),208
6161,data/k400/train/dpR3LulG1nE_000004_000014.mp4,passing American football (in game),208
6162,data/k400/train/ei5M-tJKRuE_000011_000021.mp4,passing American football (in game),208
6163,data/k400/train/fP89nfbRb1c_000152_000162.mp4,passing American football (in game),208
6164,data/k400/train/knbSYrfMeII_000003_000013.mp4,passing American football (in game),208
6165,data/k400/train/luvJWZ_5RuY_000001_000011.mp4,passing American football (in game),208
6166,data/k400/train/mbWmQT_UOzc_000000_000010.mp4,passing American football (in game),208
6167,data/k400/train/o889z2iu198_000131_000141.mp4,passing American football (in game),208
6168,data/k400/train/qVuIMhZbZzo_000037_000047.mp4,passing American football (in game),208
6169,data/k400/train/r4Cpb2a7msA_000010_000020.mp4,passing American football (in game),208
6170,data/k400/train/sG-i8XgCiko_000000_000010.mp4,passing American football (in game),208
6171,data/k400/train/zu-IFR_KQFE_000000_000010.mp4,passing American football (in game),208
6172,data/k400/train/09iImOR8vGs_000001_000011.mp4,passing American football (not in game),209
6173,data/k400/train/1ZVO9xwk8TQ_000008_000018.mp4,passing American football (not in game),209
6174,data/k400/train/1wseFP0hqQ4_000004_000014.mp4,passing American football (not in game),209
6175,data/k400/train/2Ij24-37v3E_000051_000061.mp4,passing American football (not in game),209
6176,data/k400/train/2xA982h-200_000003_000013.mp4,passing American football (not in game),209
6177,data/k400/train/4Dfiak01Ul8_000002_000012.mp4,passing American football (not in game),209
6178,data/k400/train/4rfinrunUsY_000000_000010.mp4,passing American football (not in game),209
6179,data/k400/train/5VscVZC7xp4_000001_000011.mp4,passing American football (not in game),209
6180,data/k400/train/66za2KZ72hI_000005_000015.mp4,passing American football (not in game),209
6181,data/k400/train/83uQA7LREnU_000205_000215.mp4,passing American football (not in game),209
6182,data/k400/train/84-vckFL_-Y_000025_000035.mp4,passing American football (not in game),209
6183,data/k400/train/8KUQd_0_ogg_000109_000119.mp4,passing American football (not in game),209
6184,data/k400/train/8xxSwGf3MVI_000007_000017.mp4,passing American football (not in game),209
6185,data/k400/train/EXkI7_GTL1A_000034_000044.mp4,passing American football (not in game),209
6186,data/k400/train/EiFaQPIVV7s_000000_000010.mp4,passing American football (not in game),209
6187,data/k400/train/Ge-IjO1Jdc8_000001_000011.mp4,passing American football (not in game),209
6188,data/k400/train/GpP11R-MQXI_000004_000014.mp4,passing American football (not in game),209
6189,data/k400/train/HRWNl8uGVio_000003_000013.mp4,passing American football (not in game),209
6190,data/k400/train/QB9GDzhaB8A_000027_000037.mp4,passing American football (not in game),209
6191,data/k400/train/VBEZDEmHlYg_000004_000014.mp4,passing American football (not in game),209
6192,data/k400/train/WXyPytrS3H0_000001_000011.mp4,passing American football (not in game),209
6193,data/k400/train/Y-Q9ExRdNaU_000091_000101.mp4,passing American football (not in game),209
6194,data/k400/train/_rzoqx6KPtw_000000_000010.mp4,passing American football (not in game),209
6195,data/k400/train/cUvIQvsw19s_000001_000011.mp4,passing American football (not in game),209
6196,data/k400/train/izfU_sKEb9k_000005_000015.mp4,passing American football (not in game),209
6197,data/k400/train/jA3788CM6FM_000000_000010.mp4,passing American football (not in game),209
6198,data/k400/train/kYVU0u_cqHU_000003_000013.mp4,passing American football (not in game),209
6199,data/k400/train/kuAGwFiEdLQ_000000_000010.mp4,passing American football (not in game),209
6200,data/k400/train/mDdqgBbbDss_000189_000199.mp4,passing American football (not in game),209
6201,data/k400/train/mNQg1XYTQl8_000002_000012.mp4,passing American football (not in game),209
6202,data/k400/train/nbVr-a09-XM_000000_000010.mp4,passing American football (not in game),209
6203,data/k400/train/o1_Qzcwz4ts_000014_000024.mp4,passing American football (not in game),209
6204,data/k400/train/rLfRVraMBdw_000034_000044.mp4,passing American football (not in game),209
6205,data/k400/train/rTemii1XtgA_000032_000042.mp4,passing American football (not in game),209
6206,data/k400/train/sL52hYqB0qc_000007_000017.mp4,passing American football (not in game),209
6207,data/k400/train/spEf-AqqFBA_000002_000012.mp4,passing American football (not in game),209
6208,data/k400/train/xLwaz-1jdKU_000005_000015.mp4,passing American football (not in game),209
6209,data/k400/train/zpDLbKOGEec_000002_000012.mp4,passing American football (not in game),209
6210,data/k400/train/zrhhvyXzk4o_000026_000036.mp4,passing American football (not in game),209
6211,data/k400/train/-XzEhqbdlA0_000001_000011.mp4,peeling apples,210
6212,data/k400/train/1bKsC3HY2MA_000066_000076.mp4,peeling apples,210
6213,data/k400/train/2hiPMnxCtDw_000060_000070.mp4,peeling apples,210
6214,data/k400/train/6_yKO8S2Y4Y_000025_000035.mp4,peeling apples,210
6215,data/k400/train/AWJeQqfaAVw_000020_000030.mp4,peeling apples,210
6216,data/k400/train/FTD9helGVuo_000000_000010.mp4,peeling apples,210
6217,data/k400/train/HcHXEqM3CcA_000000_000010.mp4,peeling apples,210
6218,data/k400/train/Ku5AxKHmKcA_000041_000051.mp4,peeling apples,210
6219,data/k400/train/L1UiHaBT2o0_000004_000014.mp4,peeling apples,210
6220,data/k400/train/LXvOLci2Eiw_000296_000306.mp4,peeling apples,210
6221,data/k400/train/S0vY1e9MsRw_000003_000013.mp4,peeling apples,210
6222,data/k400/train/SplgGsONFcY_000013_000023.mp4,peeling apples,210
6223,data/k400/train/XcGLOCaa0aQ_000027_000037.mp4,peeling apples,210
6224,data/k400/train/cCGe3foaqVI_000002_000012.mp4,peeling apples,210
6225,data/k400/train/cHTzQmqO82g_000000_000010.mp4,peeling apples,210
6226,data/k400/train/cHi4o5RwQGM_000158_000168.mp4,peeling apples,210
6227,data/k400/train/de-1PJkRNZA_000026_000036.mp4,peeling apples,210
6228,data/k400/train/ekogrMjdmSQ_000003_000013.mp4,peeling apples,210
6229,data/k400/train/gtVeeP8c1g0_000001_000011.mp4,peeling apples,210
6230,data/k400/train/hss0fMG1TyU_000073_000083.mp4,peeling apples,210
6231,data/k400/train/ibNYXaBvxnQ_000002_000012.mp4,peeling apples,210
6232,data/k400/train/l1-Oof6aTc8_000064_000074.mp4,peeling apples,210
6233,data/k400/train/tZrSQu_EXp8_000009_000019.mp4,peeling apples,210
6234,data/k400/train/uWKua51lPCg_000002_000012.mp4,peeling apples,210
6235,data/k400/train/ukRNqfQTQUc_000036_000046.mp4,peeling apples,210
6236,data/k400/train/v5tnQOUNbDg_000006_000016.mp4,peeling apples,210
6237,data/k400/train/xebsMAs1C4I_000001_000011.mp4,peeling apples,210
6238,data/k400/train/zgNi-yrdPD8_000019_000029.mp4,peeling apples,210
6239,data/k400/train/4hzmeLIT1Ds_000028_000038.mp4,peeling potatoes,211
6240,data/k400/train/5Tq5X4A9ahM_000163_000173.mp4,peeling potatoes,211
6241,data/k400/train/FPQbaFfmduQ_000033_000043.mp4,peeling potatoes,211
6242,data/k400/train/HFpwI5d3SnI_000032_000042.mp4,peeling potatoes,211
6243,data/k400/train/K68iNoSnZMg_000008_000018.mp4,peeling potatoes,211
6244,data/k400/train/KHnrbez29aA_000033_000043.mp4,peeling potatoes,211
6245,data/k400/train/Kvp-mWT_gAs_000000_000010.mp4,peeling potatoes,211
6246,data/k400/train/PGAbpBplhGo_000035_000045.mp4,peeling potatoes,211
6247,data/k400/train/PrCN7FIJr4w_000203_000213.mp4,peeling potatoes,211
6248,data/k400/train/U02XXxUDmSI_000009_000019.mp4,peeling potatoes,211
6249,data/k400/train/VwGAbArDYTk_000057_000067.mp4,peeling potatoes,211
6250,data/k400/train/W1YVrSd8T2Q_000026_000036.mp4,peeling potatoes,211
6251,data/k400/train/frf-9QttYmw_000035_000045.mp4,peeling potatoes,211
6252,data/k400/train/jUTXzJU8M7M_000001_000011.mp4,peeling potatoes,211
6253,data/k400/train/kDL8Ij3tvco_000091_000101.mp4,peeling potatoes,211
6254,data/k400/train/sHqCmCYWlLk_000002_000012.mp4,peeling potatoes,211
6255,data/k400/train/3O7OfNr67dI_000000_000010.mp4,petting animal (not cat),212
6256,data/k400/train/AN1ynfkm_nQ_000046_000056.mp4,petting animal (not cat),212
6257,data/k400/train/DjFkrykg3s4_000064_000074.mp4,petting animal (not cat),212
6258,data/k400/train/GBvJfmgBPio_000031_000041.mp4,petting animal (not cat),212
6259,data/k400/train/H0s6oMoZV6g_000003_000013.mp4,petting animal (not cat),212
6260,data/k400/train/MyGOq1mAUzg_000002_000012.mp4,petting animal (not cat),212
6261,data/k400/train/OdPrXs0WbiU_000009_000019.mp4,petting animal (not cat),212
6262,data/k400/train/P_zBQb-3IvQ_000000_000010.mp4,petting animal (not cat),212
6263,data/k400/train/Q4q9vNu2Au8_000031_000041.mp4,petting animal (not cat),212
6264,data/k400/train/SBqwD-LZ2Gg_000195_000205.mp4,petting animal (not cat),212
6265,data/k400/train/TgbWsXyrdlA_000001_000011.mp4,petting animal (not cat),212
6266,data/k400/train/X1EthJNK0rU_000087_000097.mp4,petting animal (not cat),212
6267,data/k400/train/Y9TA0K4ELGk_000119_000129.mp4,petting animal (not cat),212
6268,data/k400/train/YdZ9sgB67XM_000088_000098.mp4,petting animal (not cat),212
6269,data/k400/train/ZoHknmkmtfU_000046_000056.mp4,petting animal (not cat),212
6270,data/k400/train/bCclZOHqXo8_000009_000019.mp4,petting animal (not cat),212
6271,data/k400/train/bGxNJGqu3_0_000055_000065.mp4,petting animal (not cat),212
6272,data/k400/train/bJPMb98-XHs_000011_000021.mp4,petting animal (not cat),212
6273,data/k400/train/d3xiw9xFejY_000203_000213.mp4,petting animal (not cat),212
6274,data/k400/train/h8jr62aPUcw_000094_000104.mp4,petting animal (not cat),212
6275,data/k400/train/hkNP6aV447g_000036_000046.mp4,petting animal (not cat),212
6276,data/k400/train/n5DYeUet9DI_000000_000010.mp4,petting animal (not cat),212
6277,data/k400/train/nbukIyYOor4_000088_000098.mp4,petting animal (not cat),212
6278,data/k400/train/qlwgPEJ3lDY_000012_000022.mp4,petting animal (not cat),212
6279,data/k400/train/r2zyTN8q4Po_000030_000040.mp4,petting animal (not cat),212
6280,data/k400/train/vMFxO4dpmNU_000000_000010.mp4,petting animal (not cat),212
6281,data/k400/train/vYxwD1xnPH4_000011_000021.mp4,petting animal (not cat),212
6282,data/k400/train/w7JQHbQohLs_000019_000029.mp4,petting animal (not cat),212
6283,data/k400/train/x_8Bpjyc67o_000006_000016.mp4,petting animal (not cat),212
6284,data/k400/train/GWGlSRb-6oE_000003_000013.mp4,petting cat,213
6285,data/k400/train/M6E95iY_8YM_000022_000032.mp4,petting cat,213
6286,data/k400/train/RbyCIsHEpjo_000052_000062.mp4,petting cat,213
6287,data/k400/train/ThN1ni0FhN8_000043_000053.mp4,petting cat,213
6288,data/k400/train/UWKyZO1iFyg_000013_000023.mp4,petting cat,213
6289,data/k400/train/UwjHFUBnDCQ_000029_000039.mp4,petting cat,213
6290,data/k400/train/VvuYeBIlyx8_000031_000041.mp4,petting cat,213
6291,data/k400/train/YEat5KVdESA_000000_000010.mp4,petting cat,213
6292,data/k400/train/YNulQDXPjL0_000223_000233.mp4,petting cat,213
6293,data/k400/train/YRiPi46__Zk_000010_000020.mp4,petting cat,213
6294,data/k400/train/Z4VafWRMAPs_000020_000030.mp4,petting cat,213
6295,data/k400/train/aST6Bs27geU_000003_000013.mp4,petting cat,213
6296,data/k400/train/bwOPEit0Alk_000026_000036.mp4,petting cat,213
6297,data/k400/train/cVzeQW9RDWo_000071_000081.mp4,petting cat,213
6298,data/k400/train/f4WSFtEJVXc_000003_000013.mp4,petting cat,213
6299,data/k400/train/g5krBpP8W1c_000005_000015.mp4,petting cat,213
6300,data/k400/train/h6JY5wUOm4Y_000000_000010.mp4,petting cat,213
6301,data/k400/train/hBTySeIenmo_000000_000010.mp4,petting cat,213
6302,data/k400/train/hPSH_SW7MsM_000011_000021.mp4,petting cat,213
6303,data/k400/train/kmsWzn3Lia0_000010_000020.mp4,petting cat,213
6304,data/k400/train/nZpeAmfW6wM_000006_000016.mp4,petting cat,213
6305,data/k400/train/p9zK5UFpnbg_000078_000088.mp4,petting cat,213
6306,data/k400/train/sXfvWj4ZMH0_000051_000061.mp4,petting cat,213
6307,data/k400/train/ukHOGXnsmUo_000003_000013.mp4,petting cat,213
6308,data/k400/train/xv6jr3LnMws_000148_000158.mp4,petting cat,213
6309,data/k400/train/xz08oNNwXfs_000005_000015.mp4,petting cat,213
6310,data/k400/train/y7Yb5HpBu1g_000054_000064.mp4,petting cat,213
6311,data/k400/train/z1icMgbdqR4_000016_000026.mp4,petting cat,213
6312,data/k400/train/zM1kY8bWXRQ_000049_000059.mp4,petting cat,213
6313,data/k400/train/2WbW2I7jAyE_000121_000131.mp4,picking fruit,214
6314,data/k400/train/31RQfEJf6zk_000033_000043.mp4,picking fruit,214
6315,data/k400/train/3reka_bCCC0_000013_000023.mp4,picking fruit,214
6316,data/k400/train/7sk_l1S5KG8_000003_000013.mp4,picking fruit,214
6317,data/k400/train/9TaddGB3djw_000012_000022.mp4,picking fruit,214
6318,data/k400/train/AVzvSgWaW7Y_000007_000017.mp4,picking fruit,214
6319,data/k400/train/EH2MpovuSPk_000187_000197.mp4,picking fruit,214
6320,data/k400/train/I35wH0nXtIU_000005_000015.mp4,picking fruit,214
6321,data/k400/train/JVlLDS-RtvE_000156_000166.mp4,picking fruit,214
6322,data/k400/train/KX-L9Br-CU4_000009_000019.mp4,picking fruit,214
6323,data/k400/train/Lfd_T4_Ep8s_000014_000024.mp4,picking fruit,214
6324,data/k400/train/MRk1n-oU4Rg_000026_000036.mp4,picking fruit,214
6325,data/k400/train/MabDqPtiz_A_000109_000119.mp4,picking fruit,214
6326,data/k400/train/NbKbC8g0Dps_000087_000097.mp4,picking fruit,214
6327,data/k400/train/SGtop8nmOhY_000010_000020.mp4,picking fruit,214
6328,data/k400/train/T-2xhFPtAT0_000202_000212.mp4,picking fruit,214
6329,data/k400/train/UW4bmn6Invg_000376_000386.mp4,picking fruit,214
6330,data/k400/train/XzQtnLTUxcs_000011_000021.mp4,picking fruit,214
6331,data/k400/train/Zn7w7Q9h28U_000165_000175.mp4,picking fruit,214
6332,data/k400/train/_XV4yV82tOY_000074_000084.mp4,picking fruit,214
6333,data/k400/train/epVnm7p9Wi0_000000_000010.mp4,picking fruit,214
6334,data/k400/train/fBkmai-iQec_000016_000026.mp4,picking fruit,214
6335,data/k400/train/fdf9ccUcFpk_000247_000257.mp4,picking fruit,214
6336,data/k400/train/gHg6L8kSvk8_000051_000061.mp4,picking fruit,214
6337,data/k400/train/jo2zxLHwU-8_000217_000227.mp4,picking fruit,214
6338,data/k400/train/laYM-pSz5fk_000079_000089.mp4,picking fruit,214
6339,data/k400/train/m_xr-JmHmg0_000191_000201.mp4,picking fruit,214
6340,data/k400/train/mvy4553OVwk_000003_000013.mp4,picking fruit,214
6341,data/k400/train/xw1UzWovhhE_000038_000048.mp4,picking fruit,214
6342,data/k400/train/1N_72XJt5cw_000082_000092.mp4,planting trees,215
6343,data/k400/train/6HCs4cjKM9U_000341_000351.mp4,planting trees,215
6344,data/k400/train/9JddMvvtMtQ_000178_000188.mp4,planting trees,215
6345,data/k400/train/9oB2u_oIFLE_000048_000058.mp4,planting trees,215
6346,data/k400/train/BV5Lo-2NWjQ_000000_000010.mp4,planting trees,215
6347,data/k400/train/Jhz0I5Pj_EQ_000458_000468.mp4,planting trees,215
6348,data/k400/train/Ji1sgSmgjJY_000016_000026.mp4,planting trees,215
6349,data/k400/train/MD0p5cHS56o_000030_000040.mp4,planting trees,215
6350,data/k400/train/Oxxd7B8_ZgE_000007_000017.mp4,planting trees,215
6351,data/k400/train/PfsyzHP4fFo_000062_000072.mp4,planting trees,215
6352,data/k400/train/RgF_1OecRR0_000114_000124.mp4,planting trees,215
6353,data/k400/train/d4sFecOgbgw_000013_000023.mp4,planting trees,215
6354,data/k400/train/iW-2svak8gg_000000_000010.mp4,planting trees,215
6355,data/k400/train/j01lX-teycw_000087_000097.mp4,planting trees,215
6356,data/k400/train/k0XleOv0eLU_000087_000097.mp4,planting trees,215
6357,data/k400/train/kDFT-PHXO-I_000083_000093.mp4,planting trees,215
6358,data/k400/train/npBrmL0kMX8_000001_000011.mp4,planting trees,215
6359,data/k400/train/ojAP5jm3i-4_000058_000068.mp4,planting trees,215
6360,data/k400/train/pPwHtpvxcJQ_000044_000054.mp4,planting trees,215
6361,data/k400/train/zacWIhVggxE_000420_000430.mp4,planting trees,215
6362,data/k400/train/Dmpl5b2Y9dM_000042_000052.mp4,plastering,216
6363,data/k400/train/FZFnxlzxPjI_000038_000048.mp4,plastering,216
6364,data/k400/train/IBNzj_IDvg8_000281_000291.mp4,plastering,216
6365,data/k400/train/MryVk2Hk468_000003_000013.mp4,plastering,216
6366,data/k400/train/P-_OL-GFq8g_000085_000095.mp4,plastering,216
6367,data/k400/train/R6DK63IMjSs_000055_000065.mp4,plastering,216
6368,data/k400/train/Wvcy74Hi-NI_000083_000093.mp4,plastering,216
6369,data/k400/train/aNBqVmI_MmY_000175_000185.mp4,plastering,216
6370,data/k400/train/dd-gB4OTNOQ_000040_000050.mp4,plastering,216
6371,data/k400/train/k23CDzdwid8_000018_000028.mp4,plastering,216
6372,data/k400/train/lWoxqmTTx3I_000072_000082.mp4,plastering,216
6373,data/k400/train/p-iBs4_f2QM_000013_000023.mp4,plastering,216
6374,data/k400/train/q5V2lzN_GZU_000015_000025.mp4,plastering,216
6375,data/k400/train/rp_3NOVcUvQ_000656_000666.mp4,plastering,216
6376,data/k400/train/zO3DVrf8g50_000055_000065.mp4,plastering,216
6377,data/k400/train/2Sv293GMxrA_000008_000018.mp4,playing accordion,217
6378,data/k400/train/5dfJMawcvLk_000036_000046.mp4,playing accordion,217
6379,data/k400/train/5neyFA5rM5w_000173_000183.mp4,playing accordion,217
6380,data/k400/train/64cvu2_kZu0_000017_000027.mp4,playing accordion,217
6381,data/k400/train/CdbVhBQMnG8_000000_000010.mp4,playing accordion,217
6382,data/k400/train/DaRqOZcNWTk_000003_000013.mp4,playing accordion,217
6383,data/k400/train/DoRGCq2jU4k_000054_000064.mp4,playing accordion,217
6384,data/k400/train/GO-0KBHwxfI_000031_000041.mp4,playing accordion,217
6385,data/k400/train/GPVUnscl6V0_000072_000082.mp4,playing accordion,217
6386,data/k400/train/J665jQBTVoc_000003_000013.mp4,playing accordion,217
6387,data/k400/train/LnsGXTmwmCM_000115_000125.mp4,playing accordion,217
6388,data/k400/train/MNhX0arWjqA_000015_000025.mp4,playing accordion,217
6389,data/k400/train/OU79KEfzOTc_000146_000156.mp4,playing accordion,217
6390,data/k400/train/PJFcO9tuM98_000090_000100.mp4,playing accordion,217
6391,data/k400/train/QAtCgZMGW3I_000001_000011.mp4,playing accordion,217
6392,data/k400/train/QYXcpCDyLvo_000401_000411.mp4,playing accordion,217
6393,data/k400/train/TWfZoOxrezI_000003_000013.mp4,playing accordion,217
6394,data/k400/train/WIYKkrqF1rw_000009_000019.mp4,playing accordion,217
6395,data/k400/train/YzPdkKwhdEA_000001_000011.mp4,playing accordion,217
6396,data/k400/train/Z8F8shTNOqQ_000061_000071.mp4,playing accordion,217
6397,data/k400/train/ZebSD_bxrAQ_000062_000072.mp4,playing accordion,217
6398,data/k400/train/a3rKraMObD4_000021_000031.mp4,playing accordion,217
6399,data/k400/train/b3heWw3oka8_000143_000153.mp4,playing accordion,217
6400,data/k400/train/cOKa0beYoWA_000177_000187.mp4,playing accordion,217
6401,data/k400/train/d5XbJEdbEqg_000014_000024.mp4,playing accordion,217
6402,data/k400/train/f1lHkUXDo1o_000118_000128.mp4,playing accordion,217
6403,data/k400/train/j9_5n1xvycE_000000_000010.mp4,playing accordion,217
6404,data/k400/train/kqL8pAUyk6I_000280_000290.mp4,playing accordion,217
6405,data/k400/train/oVEvF2id9P0_000064_000074.mp4,playing accordion,217
6406,data/k400/train/oenaMAD2aEY_000222_000232.mp4,playing accordion,217
6407,data/k400/train/plyA5IHYiYM_000018_000028.mp4,playing accordion,217
6408,data/k400/train/qx17E2uoDc4_000168_000178.mp4,playing accordion,217
6409,data/k400/train/swe2nfDsGGY_000056_000066.mp4,playing accordion,217
6410,data/k400/train/wVXERREsw1c_000000_000010.mp4,playing accordion,217
6411,data/k400/train/wcLydqERzAQ_000023_000033.mp4,playing accordion,217
6412,data/k400/train/xkKA9LzKaBI_000000_000010.mp4,playing accordion,217
6413,data/k400/train/yG8tKaLG0kk_000110_000120.mp4,playing accordion,217
6414,data/k400/train/zaT9hT7dnmM_000009_000019.mp4,playing accordion,217
6415,data/k400/train/-WydY1exfyE_000023_000033.mp4,playing badminton,218
6416,data/k400/train/0JvsnxUcBQM_000202_000212.mp4,playing badminton,218
6417,data/k400/train/0V-7rRMow9k_000053_000063.mp4,playing badminton,218
6418,data/k400/train/0fMGvLzOAFM_000052_000062.mp4,playing badminton,218
6419,data/k400/train/1Em_7cYphZo_000035_000045.mp4,playing badminton,218
6420,data/k400/train/2YPKXclU7xg_000004_000014.mp4,playing badminton,218
6421,data/k400/train/4VUi9JDCIS8_000053_000063.mp4,playing badminton,218
6422,data/k400/train/4urwqEt5S98_000004_000014.mp4,playing badminton,218
6423,data/k400/train/5Y8pU8vko3M_000003_000013.mp4,playing badminton,218
6424,data/k400/train/65FUUg7kzqQ_000042_000052.mp4,playing badminton,218
6425,data/k400/train/8prBMcc0VzY_000307_000317.mp4,playing badminton,218
6426,data/k400/train/92TRJJyLI9A_000063_000073.mp4,playing badminton,218
6427,data/k400/train/9wqX5l1a-Sg_000014_000024.mp4,playing badminton,218
6428,data/k400/train/CNqab07V_2E_000294_000304.mp4,playing badminton,218
6429,data/k400/train/DMYyEl2q7Ak_000004_000014.mp4,playing badminton,218
6430,data/k400/train/FmNBD333ns0_000016_000026.mp4,playing badminton,218
6431,data/k400/train/IjodTHpHXdQ_000115_000125.mp4,playing badminton,218
6432,data/k400/train/IzFp4Xt8nxA_000037_000047.mp4,playing badminton,218
6433,data/k400/train/KMgkBtPNWQk_000056_000066.mp4,playing badminton,218
6434,data/k400/train/L5o6t1yA0p8_000003_000013.mp4,playing badminton,218
6435,data/k400/train/M3ht0oZLaf8_000005_000015.mp4,playing badminton,218
6436,data/k400/train/Q28p7Zo8QAU_000193_000203.mp4,playing badminton,218
6437,data/k400/train/QCeGGnd4QB0_000008_000018.mp4,playing badminton,218
6438,data/k400/train/Rhg4zhJo-Ok_000220_000230.mp4,playing badminton,218
6439,data/k400/train/TMleLw_BsIk_000038_000048.mp4,playing badminton,218
6440,data/k400/train/TlGozfSyeO4_000001_000011.mp4,playing badminton,218
6441,data/k400/train/VTBGGTC-Oj8_000000_000010.mp4,playing badminton,218
6442,data/k400/train/XSOw_I9ZHBk_000025_000035.mp4,playing badminton,218
6443,data/k400/train/dN9Z3gii3JU_000035_000045.mp4,playing badminton,218
6444,data/k400/train/dxyN49bDJos_000061_000071.mp4,playing badminton,218
6445,data/k400/train/fBdh6MfYQDc_000123_000133.mp4,playing badminton,218
6446,data/k400/train/hTX1TvtletA_000282_000292.mp4,playing badminton,218
6447,data/k400/train/jY0ywlV0JaU_000001_000011.mp4,playing badminton,218
6448,data/k400/train/k4Vlp7jbutc_000009_000019.mp4,playing badminton,218
6449,data/k400/train/l06YkQ8_u1Q_000570_000580.mp4,playing badminton,218
6450,data/k400/train/obLY_Pj0USk_000002_000012.mp4,playing badminton,218
6451,data/k400/train/rWgsPQYwbw4_000004_000014.mp4,playing badminton,218
6452,data/k400/train/rgrNZgQHPIw_000040_000050.mp4,playing badminton,218
6453,data/k400/train/uM1umfUl15Y_000026_000036.mp4,playing badminton,218
6454,data/k400/train/vCIeHqcumNg_000221_000231.mp4,playing badminton,218
6455,data/k400/train/-Nx8SzhbsXM_000039_000049.mp4,playing bagpipes,219
6456,data/k400/train/2CqZo_5mvC4_000028_000038.mp4,playing bagpipes,219
6457,data/k400/train/6TPyX35PAxc_000007_000017.mp4,playing bagpipes,219
6458,data/k400/train/8AYGCx8ykyg_000007_000017.mp4,playing bagpipes,219
6459,data/k400/train/Bsdg1R1Vq_4_000016_000026.mp4,playing bagpipes,219
6460,data/k400/train/DiKlw5xaJ8Q_000148_000158.mp4,playing bagpipes,219
6461,data/k400/train/DrcsVgu53KE_000023_000033.mp4,playing bagpipes,219
6462,data/k400/train/FKQIdqjY9nI_000033_000043.mp4,playing bagpipes,219
6463,data/k400/train/FT2zZTB23h8_000048_000058.mp4,playing bagpipes,219
6464,data/k400/train/G2Ln92xOHUc_000051_000061.mp4,playing bagpipes,219
6465,data/k400/train/GWtQFh_kKx8_000000_000010.mp4,playing bagpipes,219
6466,data/k400/train/HYQjd62oCsg_000085_000095.mp4,playing bagpipes,219
6467,data/k400/train/IH2BelDa1K4_000115_000125.mp4,playing bagpipes,219
6468,data/k400/train/MAmupWe4Fdw_000044_000054.mp4,playing bagpipes,219
6469,data/k400/train/MvvNiLzjn6E_000073_000083.mp4,playing bagpipes,219
6470,data/k400/train/O1zfXp-4gEA_000004_000014.mp4,playing bagpipes,219
6471,data/k400/train/QRhVklUE-8U_000023_000033.mp4,playing bagpipes,219
6472,data/k400/train/Rg5emohIMxI_000093_000103.mp4,playing bagpipes,219
6473,data/k400/train/Rl2RtK_gSc4_000113_000123.mp4,playing bagpipes,219
6474,data/k400/train/Tbiln4kMAjU_000256_000266.mp4,playing bagpipes,219
6475,data/k400/train/_uuBn3aVSC0_000011_000021.mp4,playing bagpipes,219
6476,data/k400/train/axKmx_9YsVs_000018_000028.mp4,playing bagpipes,219
6477,data/k400/train/cdjfsryZNmM_000094_000104.mp4,playing bagpipes,219
6478,data/k400/train/g0O1gLSr-wM_000037_000047.mp4,playing bagpipes,219
6479,data/k400/train/ksW2ZTebXz0_000000_000010.mp4,playing bagpipes,219
6480,data/k400/train/l2CnaQw9Brs_000020_000030.mp4,playing bagpipes,219
6481,data/k400/train/o0d1PXKkJqM_000090_000100.mp4,playing bagpipes,219
6482,data/k400/train/o16RmPdebdQ_000065_000075.mp4,playing bagpipes,219
6483,data/k400/train/oZOcnRgFQhw_000147_000157.mp4,playing bagpipes,219
6484,data/k400/train/powhhO-PKS0_000146_000156.mp4,playing bagpipes,219
6485,data/k400/train/q11Ya42kct0_000042_000052.mp4,playing bagpipes,219
6486,data/k400/train/tr2-c7zzDjQ_000068_000078.mp4,playing bagpipes,219
6487,data/k400/train/uYeds8gYe6o_000019_000029.mp4,playing bagpipes,219
6488,data/k400/train/vZjEBJLh8pQ_000002_000012.mp4,playing bagpipes,219
6489,data/k400/train/-R537d1kvkQ_000083_000093.mp4,playing basketball,220
6490,data/k400/train/19Cqv4GFWpY_000020_000030.mp4,playing basketball,220
6491,data/k400/train/1nCIYKoyOPs_000061_000071.mp4,playing basketball,220
6492,data/k400/train/2x2wLuW1VAw_000003_000013.mp4,playing basketball,220
6493,data/k400/train/3adA8v4rgXk_000053_000063.mp4,playing basketball,220
6494,data/k400/train/66f_BYTaLdI_000173_000183.mp4,playing basketball,220
6495,data/k400/train/91bMDhei8HY_000001_000011.mp4,playing basketball,220
6496,data/k400/train/Bp-gADYFq_w_000002_000012.mp4,playing basketball,220
6497,data/k400/train/FTE7QFpCgBA_000176_000186.mp4,playing basketball,220
6498,data/k400/train/H66Y-Pgd4Fc_000000_000010.mp4,playing basketball,220
6499,data/k400/train/H6JYL9--NCw_000002_000012.mp4,playing basketball,220
6500,data/k400/train/IQ7zVbokaG8_000002_000012.mp4,playing basketball,220
6501,data/k400/train/JUismpF88V0_000067_000077.mp4,playing basketball,220
6502,data/k400/train/KLHRtPQ_IQE_000013_000023.mp4,playing basketball,220
6503,data/k400/train/KZQqUHuG9to_000088_000098.mp4,playing basketball,220
6504,data/k400/train/L88FBbOatRU_000023_000033.mp4,playing basketball,220
6505,data/k400/train/M1JzWxIvLLU_000000_000010.mp4,playing basketball,220
6506,data/k400/train/NZj1V8CgIYA_000140_000150.mp4,playing basketball,220
6507,data/k400/train/Onzuo35j77w_000009_000019.mp4,playing basketball,220
6508,data/k400/train/QIYbIBtV7xU_000066_000076.mp4,playing basketball,220
6509,data/k400/train/QeewfuaPaC0_000015_000025.mp4,playing basketball,220
6510,data/k400/train/SBCoN9AlNgo_000000_000010.mp4,playing basketball,220
6511,data/k400/train/T-LFJ9NUooE_000156_000166.mp4,playing basketball,220
6512,data/k400/train/T_ah8DW4Qs4_000183_000193.mp4,playing basketball,220
6513,data/k400/train/Tl-MvaseG9s_000019_000029.mp4,playing basketball,220
6514,data/k400/train/TooWnhzt5DM_000022_000032.mp4,playing basketball,220
6515,data/k400/train/WRwXrKNNMXg_000007_000017.mp4,playing basketball,220
6516,data/k400/train/YduQomPEdOs_000016_000026.mp4,playing basketball,220
6517,data/k400/train/ZXp4PEgCMKk_000229_000239.mp4,playing basketball,220
6518,data/k400/train/_bPnNfcZSAo_000263_000273.mp4,playing basketball,220
6519,data/k400/train/b0QMEZKXaZA_000004_000014.mp4,playing basketball,220
6520,data/k400/train/cFzD8nkQws0_000017_000027.mp4,playing basketball,220
6521,data/k400/train/dQPZk5iJ_NA_000000_000010.mp4,playing basketball,220
6522,data/k400/train/eexTxVEo3ds_000081_000091.mp4,playing basketball,220
6523,data/k400/train/f8-41xp3baE_000086_000096.mp4,playing basketball,220
6524,data/k400/train/fSjvhqK2BuA_000001_000011.mp4,playing basketball,220
6525,data/k400/train/gBgZ0FLqXHQ_000101_000111.mp4,playing basketball,220
6526,data/k400/train/hDUkhLUBsvk_000057_000067.mp4,playing basketball,220
6527,data/k400/train/j1jjGgR4rDk_000003_000013.mp4,playing basketball,220
6528,data/k400/train/kN06lJX8EUY_000040_000050.mp4,playing basketball,220
6529,data/k400/train/kl6lEG6sU_w_000156_000166.mp4,playing basketball,220
6530,data/k400/train/ld1WqsuMdSk_000009_000019.mp4,playing basketball,220
6531,data/k400/train/lvbpKy9LRmI_000045_000055.mp4,playing basketball,220
6532,data/k400/train/mAqamQ9uZeo_000000_000010.mp4,playing basketball,220
6533,data/k400/train/mXR0URbxMrY_000208_000218.mp4,playing basketball,220
6534,data/k400/train/oUx1F2ZY9l0_000011_000021.mp4,playing basketball,220
6535,data/k400/train/pMOzgVvvt-4_000094_000104.mp4,playing basketball,220
6536,data/k400/train/pOLBHwpDeR4_000576_000586.mp4,playing basketball,220
6537,data/k400/train/sjPfV1CrdE0_000467_000477.mp4,playing basketball,220
6538,data/k400/train/tcz0Y_NnRWQ_000049_000059.mp4,playing basketball,220
6539,data/k400/train/vC0RtmpXKBI_000000_000010.mp4,playing basketball,220
6540,data/k400/train/vR_AZA-cQIU_000043_000053.mp4,playing basketball,220
6541,data/k400/train/vcD3pXG-_p0_000009_000019.mp4,playing basketball,220
6542,data/k400/train/xCMSvcFqAH0_000014_000024.mp4,playing basketball,220
6543,data/k400/train/y2fYofATpX4_000004_000014.mp4,playing basketball,220
6544,data/k400/train/y3gSUPGlc9Y_000050_000060.mp4,playing basketball,220
6545,data/k400/train/yDLGiDiAPak_000114_000124.mp4,playing basketball,220
6546,data/k400/train/y_-pWAA3iIc_000065_000075.mp4,playing basketball,220
6547,data/k400/train/zmZyy0UOYoM_000000_000010.mp4,playing basketball,220
6548,data/k400/train/-Wr6WOXnztk_000194_000204.mp4,playing bass guitar,221
6549,data/k400/train/0LL7YQJ4bWU_000622_000632.mp4,playing bass guitar,221
6550,data/k400/train/0tQKbIfaBoA_000003_000013.mp4,playing bass guitar,221
6551,data/k400/train/2J0kr4Ohmco_000070_000080.mp4,playing bass guitar,221
6552,data/k400/train/2qcjVLTRnvc_000053_000063.mp4,playing bass guitar,221
6553,data/k400/train/3PYIt57DXhI_000054_000064.mp4,playing bass guitar,221
6554,data/k400/train/3QNXPexhXaw_000214_000224.mp4,playing bass guitar,221
6555,data/k400/train/4Pnibiq2h2M_000056_000066.mp4,playing bass guitar,221
6556,data/k400/train/4jr9MDvQsYU_000095_000105.mp4,playing bass guitar,221
6557,data/k400/train/7MmlNo7iojw_000041_000051.mp4,playing bass guitar,221
6558,data/k400/train/7eK9hKqFCJg_000086_000096.mp4,playing bass guitar,221
6559,data/k400/train/AlJFvMVDK6k_000107_000117.mp4,playing bass guitar,221
6560,data/k400/train/BXqNqTzgnqs_000020_000030.mp4,playing bass guitar,221
6561,data/k400/train/BkW5pIhbY88_000239_000249.mp4,playing bass guitar,221
6562,data/k400/train/CCpxFZOmTPw_000206_000216.mp4,playing bass guitar,221
6563,data/k400/train/DpjA6pyPuHU_000035_000045.mp4,playing bass guitar,221
6564,data/k400/train/EQldBbATOJg_000344_000354.mp4,playing bass guitar,221
6565,data/k400/train/Eyf3-MxEQ8Y_000020_000030.mp4,playing bass guitar,221
6566,data/k400/train/JxsLorO0Kz8_000160_000170.mp4,playing bass guitar,221
6567,data/k400/train/Kt7QiBj3ofc_000027_000037.mp4,playing bass guitar,221
6568,data/k400/train/LXCI_Cd3afE_000022_000032.mp4,playing bass guitar,221
6569,data/k400/train/LarZ6JJrFPo_000011_000021.mp4,playing bass guitar,221
6570,data/k400/train/NHXER72ZK08_000170_000180.mp4,playing bass guitar,221
6571,data/k400/train/UFr1S3IPED8_000152_000162.mp4,playing bass guitar,221
6572,data/k400/train/WgqbfynJrt0_000457_000467.mp4,playing bass guitar,221
6573,data/k400/train/_izB_qnZH3s_000164_000174.mp4,playing bass guitar,221
6574,data/k400/train/aWGg0lih630_000118_000128.mp4,playing bass guitar,221
6575,data/k400/train/bxTrcE9CaY0_000001_000011.mp4,playing bass guitar,221
6576,data/k400/train/iBWW7zTl6J4_000041_000051.mp4,playing bass guitar,221
6577,data/k400/train/iueHXwt5jqc_000084_000094.mp4,playing bass guitar,221
6578,data/k400/train/lAW2d6eAZ2E_000022_000032.mp4,playing bass guitar,221
6579,data/k400/train/lMpeRhH3_pg_000026_000036.mp4,playing bass guitar,221
6580,data/k400/train/ldt4-lbLapw_000002_000012.mp4,playing bass guitar,221
6581,data/k400/train/mcyjM7z2DK4_000372_000382.mp4,playing bass guitar,221
6582,data/k400/train/nf0iI3iGodM_000220_000230.mp4,playing bass guitar,221
6583,data/k400/train/nx8yesr0m0s_000000_000010.mp4,playing bass guitar,221
6584,data/k400/train/oXV50_DR2MM_000030_000040.mp4,playing bass guitar,221
6585,data/k400/train/rqOW8B5wLtw_000073_000083.mp4,playing bass guitar,221
6586,data/k400/train/vhclsaSi20E_000269_000279.mp4,playing bass guitar,221
6587,data/k400/train/vjHNosgwbcw_000081_000091.mp4,playing bass guitar,221
6588,data/k400/train/xWADycATw08_000001_000011.mp4,playing bass guitar,221
6589,data/k400/train/xb7VOlzLEmg_000059_000069.mp4,playing bass guitar,221
6590,data/k400/train/zgOygB0gUDE_000132_000142.mp4,playing bass guitar,221
6591,data/k400/train/2eMhTo4C4nk_000219_000229.mp4,playing cards,222
6592,data/k400/train/3Wm8VtzLpz4_000157_000167.mp4,playing cards,222
6593,data/k400/train/4MwO4zJ2hn4_000265_000275.mp4,playing cards,222
6594,data/k400/train/55qik48fdAA_000278_000288.mp4,playing cards,222
6595,data/k400/train/6iRps66Yxa0_000094_000104.mp4,playing cards,222
6596,data/k400/train/7bLcOVmhD8c_000040_000050.mp4,playing cards,222
6597,data/k400/train/8A4YiMwed1o_000082_000092.mp4,playing cards,222
6598,data/k400/train/AkmaCzrskDc_000049_000059.mp4,playing cards,222
6599,data/k400/train/B_jJR0QyJ-E_000108_000118.mp4,playing cards,222
6600,data/k400/train/CPQulFrKJE4_000075_000085.mp4,playing cards,222
6601,data/k400/train/GDRI8BHYO7I_000098_000108.mp4,playing cards,222
6602,data/k400/train/Iyh3mwWpY-k_000090_000100.mp4,playing cards,222
6603,data/k400/train/QRHWTQ0PQag_000085_000095.mp4,playing cards,222
6604,data/k400/train/R3pUCCZI3IY_000078_000088.mp4,playing cards,222
6605,data/k400/train/UbpKVCGH880_000305_000315.mp4,playing cards,222
6606,data/k400/train/Z67fqY7284U_000340_000350.mp4,playing cards,222
6607,data/k400/train/ZQT3V8dCFQM_000176_000186.mp4,playing cards,222
6608,data/k400/train/dW6wJrJhM-0_000026_000036.mp4,playing cards,222
6609,data/k400/train/f_avmcPy5uQ_000052_000062.mp4,playing cards,222
6610,data/k400/train/i6ZK2mn2_TM_000356_000366.mp4,playing cards,222
6611,data/k400/train/iNGpU_GgeMI_000023_000033.mp4,playing cards,222
6612,data/k400/train/ig8KJN6HT8c_000136_000146.mp4,playing cards,222
6613,data/k400/train/ilcKTq30Vn8_000383_000393.mp4,playing cards,222
6614,data/k400/train/iyKsq8m7zMI_000369_000379.mp4,playing cards,222
6615,data/k400/train/lE6g-0g9IvQ_000018_000028.mp4,playing cards,222
6616,data/k400/train/lssCIntd3-0_000228_000238.mp4,playing cards,222
6617,data/k400/train/mOgwhGtrSts_000327_000337.mp4,playing cards,222
6618,data/k400/train/rUu63ARdFHw_000057_000067.mp4,playing cards,222
6619,data/k400/train/tt1C-lHZvhk_000141_000151.mp4,playing cards,222
6620,data/k400/train/0AQ5JzHtsbQ_000011_000021.mp4,playing cello,223
6621,data/k400/train/0qBJ5bw9554_000068_000078.mp4,playing cello,223
6622,data/k400/train/1UrJU4HpVTA_000142_000152.mp4,playing cello,223
6623,data/k400/train/7soVFuGYkdo_000093_000103.mp4,playing cello,223
6624,data/k400/train/BS575ab7UI4_000004_000014.mp4,playing cello,223
6625,data/k400/train/BzCDqGu6lM8_000003_000013.mp4,playing cello,223
6626,data/k400/train/DIGymgAunWk_000004_000014.mp4,playing cello,223
6627,data/k400/train/EVVG-pt7ej0_000019_000029.mp4,playing cello,223
6628,data/k400/train/GLCDa10GWXU_000065_000075.mp4,playing cello,223
6629,data/k400/train/IKayUm97-cc_000198_000208.mp4,playing cello,223
6630,data/k400/train/JD_UQAVgV1w_000003_000013.mp4,playing cello,223
6631,data/k400/train/JLq8HVs1l_s_000006_000016.mp4,playing cello,223
6632,data/k400/train/Kds4-yBLk04_000120_000130.mp4,playing cello,223
6633,data/k400/train/LHOsbZTD8nU_000023_000033.mp4,playing cello,223
6634,data/k400/train/N4lQB3h0bD4_000073_000083.mp4,playing cello,223
6635,data/k400/train/NU0gdO7WiFA_000205_000215.mp4,playing cello,223
6636,data/k400/train/Obhqzrl1XOA_000001_000011.mp4,playing cello,223
6637,data/k400/train/Qb5D-aQzR5Y_000222_000232.mp4,playing cello,223
6638,data/k400/train/S58U-aMDcxQ_000484_000494.mp4,playing cello,223
6639,data/k400/train/T00GTt7XNpo_000044_000054.mp4,playing cello,223
6640,data/k400/train/VOxd7Afg71U_000181_000191.mp4,playing cello,223
6641,data/k400/train/Whvwd0AWsPw_000009_000019.mp4,playing cello,223
6642,data/k400/train/Y7qFGARt6As_000011_000021.mp4,playing cello,223
6643,data/k400/train/c9xmfHb1HEU_000467_000477.mp4,playing cello,223
6644,data/k400/train/dVGu1KKXxCY_000094_000104.mp4,playing cello,223
6645,data/k400/train/d_Ht4SPUDX8_000000_000010.mp4,playing cello,223
6646,data/k400/train/dtPSbf5tGJo_000137_000147.mp4,playing cello,223
6647,data/k400/train/eYJnBWxRMLk_000014_000024.mp4,playing cello,223
6648,data/k400/train/gPsxX-4v-IA_000030_000040.mp4,playing cello,223
6649,data/k400/train/hZ8c2eYKdd4_000001_000011.mp4,playing cello,223
6650,data/k400/train/ij3Oi0G7xz8_000056_000066.mp4,playing cello,223
6651,data/k400/train/jONFxUX-kjQ_000176_000186.mp4,playing cello,223
6652,data/k400/train/kN2XeBThQnM_000095_000105.mp4,playing cello,223
6653,data/k400/train/kUU-GVjCxmk_000286_000296.mp4,playing cello,223
6654,data/k400/train/km2KPg80Pnw_000000_000010.mp4,playing cello,223
6655,data/k400/train/l7ko0f652To_000262_000272.mp4,playing cello,223
6656,data/k400/train/lKQlDbo4Xeg_000023_000033.mp4,playing cello,223
6657,data/k400/train/mVNOwLxcegI_000014_000024.mp4,playing cello,223
6658,data/k400/train/oLPjDteYRXM_000037_000047.mp4,playing cello,223
6659,data/k400/train/pGGyM5lNt_0_000478_000488.mp4,playing cello,223
6660,data/k400/train/q0cobtyY3yU_000040_000050.mp4,playing cello,223
6661,data/k400/train/r64c79QDrEo_000027_000037.mp4,playing cello,223
6662,data/k400/train/t33I9pUR_kE_000128_000138.mp4,playing cello,223
6663,data/k400/train/t6VzYRcDS5k_000228_000238.mp4,playing cello,223
6664,data/k400/train/uT3SBzmDxGk_000141_000151.mp4,playing cello,223
6665,data/k400/train/uTTGPm2jXxw_000014_000024.mp4,playing cello,223
6666,data/k400/train/uqF6QzWQXOg_000062_000072.mp4,playing cello,223
6667,data/k400/train/w7JAZm7EZzQ_000208_000218.mp4,playing cello,223
6668,data/k400/train/wB1pr0x1iRU_000075_000085.mp4,playing cello,223
6669,data/k400/train/wJn3zcINCTg_000037_000047.mp4,playing cello,223
6670,data/k400/train/xX1wBp0j6II_000011_000021.mp4,playing cello,223
6671,data/k400/train/yZaM8L9tJfw_000026_000036.mp4,playing cello,223
6672,data/k400/train/5z0JbaxYSdo_000002_000012.mp4,playing chess,224
6673,data/k400/train/AMPAVJiGv5c_000074_000084.mp4,playing chess,224
6674,data/k400/train/AwXHT70_fcY_000061_000071.mp4,playing chess,224
6675,data/k400/train/E-aM7AuUCdI_000009_000019.mp4,playing chess,224
6676,data/k400/train/EAkglzfs7EI_000353_000363.mp4,playing chess,224
6677,data/k400/train/FCRNHLAr2Sg_000000_000010.mp4,playing chess,224
6678,data/k400/train/INJs7auZ71U_000014_000024.mp4,playing chess,224
6679,data/k400/train/JDIE7otUq0c_000053_000063.mp4,playing chess,224
6680,data/k400/train/NUTHVujEwTY_000043_000053.mp4,playing chess,224
6681,data/k400/train/QGnVkq0FcUA_000000_000010.mp4,playing chess,224
6682,data/k400/train/S7HwTdDF1iI_000000_000010.mp4,playing chess,224
6683,data/k400/train/SxafqLtNq4s_000763_000773.mp4,playing chess,224
6684,data/k400/train/Tj458NUve-U_000091_000101.mp4,playing chess,224
6685,data/k400/train/XpOMl_cqC_4_000386_000396.mp4,playing chess,224
6686,data/k400/train/Z57adZCmRQ8_000006_000016.mp4,playing chess,224
6687,data/k400/train/aX0Avul1GOs_000118_000128.mp4,playing chess,224
6688,data/k400/train/ba8g_0401uU_000009_000019.mp4,playing chess,224
6689,data/k400/train/cAyNHjrkuEo_000065_000075.mp4,playing chess,224
6690,data/k400/train/dXmUmjw7_wI_000099_000109.mp4,playing chess,224
6691,data/k400/train/e85kzeg4FuE_000276_000286.mp4,playing chess,224
6692,data/k400/train/gmrPMJWdFZ4_000081_000091.mp4,playing chess,224
6693,data/k400/train/ipWTGifT-ic_000004_000014.mp4,playing chess,224
6694,data/k400/train/o-DZgJ3elfM_000035_000045.mp4,playing chess,224
6695,data/k400/train/o5Mo6C68anM_000039_000049.mp4,playing chess,224
6696,data/k400/train/pRcSmakA2nw_000097_000107.mp4,playing chess,224
6697,data/k400/train/vK_ffR5toZI_000102_000112.mp4,playing chess,224
6698,data/k400/train/wN_5PMDV1Do_000209_000219.mp4,playing chess,224
6699,data/k400/train/xCJkVNhkiDk_000049_000059.mp4,playing chess,224
6700,data/k400/train/xg5GafQ-Ark_000256_000266.mp4,playing chess,224
6701,data/k400/train/2u0kaJfVs0I_000349_000359.mp4,playing clarinet,225
6702,data/k400/train/3LKjIX40QBM_000340_000350.mp4,playing clarinet,225
6703,data/k400/train/5AL6_8YOFhA_000803_000813.mp4,playing clarinet,225
6704,data/k400/train/6r-LfAa94J4_000021_000031.mp4,playing clarinet,225
6705,data/k400/train/7_NMs46M0_8_000106_000116.mp4,playing clarinet,225
6706,data/k400/train/AT6Zv1DRx9c_000349_000359.mp4,playing clarinet,225
6707,data/k400/train/GSy8uxjkrzA_000026_000036.mp4,playing clarinet,225
6708,data/k400/train/M8OGa8i_76g_000134_000144.mp4,playing clarinet,225
6709,data/k400/train/NbxbQdzj198_000179_000189.mp4,playing clarinet,225
6710,data/k400/train/Q8JH5hgFl5c_000065_000075.mp4,playing clarinet,225
6711,data/k400/train/QVvuFX4AS1E_000074_000084.mp4,playing clarinet,225
6712,data/k400/train/RwIAqV-xjxs_000067_000077.mp4,playing clarinet,225
6713,data/k400/train/UdD9ALPc_ts_000002_000012.mp4,playing clarinet,225
6714,data/k400/train/XHKNtHgbqyM_000082_000092.mp4,playing clarinet,225
6715,data/k400/train/ahtRVpGD874_000017_000027.mp4,playing clarinet,225
6716,data/k400/train/eWvnrMnPJI4_000315_000325.mp4,playing clarinet,225
6717,data/k400/train/g01VSXbqvog_000125_000135.mp4,playing clarinet,225
6718,data/k400/train/gqvFOFzHKKc_000505_000515.mp4,playing clarinet,225
6719,data/k400/train/hc6Sl6f4Jlk_000420_000430.mp4,playing clarinet,225
6720,data/k400/train/oegefI3aa9M_000199_000209.mp4,playing clarinet,225
6721,data/k400/train/rDtZXAOiCV8_000525_000535.mp4,playing clarinet,225
6722,data/k400/train/semrHlvUpTc_000523_000533.mp4,playing clarinet,225
6723,data/k400/train/t_GXY_YFXJg_000020_000030.mp4,playing clarinet,225
6724,data/k400/train/uLsqz46TMyc_000075_000085.mp4,playing clarinet,225
6725,data/k400/train/xHyIffTQRDo_000465_000475.mp4,playing clarinet,225
6726,data/k400/train/zgf3NskHmfc_000156_000166.mp4,playing clarinet,225
6727,data/k400/train/4Xogr6UGhrg_000018_000028.mp4,playing controller,226
6728,data/k400/train/7OYXAmAzr9s_000313_000323.mp4,playing controller,226
6729,data/k400/train/ATBYvN2dLGk_000274_000284.mp4,playing controller,226
6730,data/k400/train/DBoZI9w-uCM_000459_000469.mp4,playing controller,226
6731,data/k400/train/FEbERvOqneU_000271_000281.mp4,playing controller,226
6732,data/k400/train/K9Cjfczuv6o_000123_000133.mp4,playing controller,226
6733,data/k400/train/KBEteN9b3Po_000447_000457.mp4,playing controller,226
6734,data/k400/train/MocqnARHVyc_000176_000186.mp4,playing controller,226
6735,data/k400/train/N2pp8UQYx1Q_000194_000204.mp4,playing controller,226
6736,data/k400/train/P7YHVZ-lb6w_000045_000055.mp4,playing controller,226
6737,data/k400/train/QQfAYE6xc50_000116_000126.mp4,playing controller,226
6738,data/k400/train/RHL6HaYhU4k_000140_000150.mp4,playing controller,226
6739,data/k400/train/a_u8NVqRTlQ_000009_000019.mp4,playing controller,226
6740,data/k400/train/pJBHhExaBMs_000004_000014.mp4,playing controller,226
6741,data/k400/train/viVbMluom4c_000413_000423.mp4,playing controller,226
6742,data/k400/train/-txZwAP78iE_000003_000013.mp4,playing cricket,227
6743,data/k400/train/0DjELo_zVuk_000075_000085.mp4,playing cricket,227
6744,data/k400/train/1crk0Bj-yMM_000172_000182.mp4,playing cricket,227
6745,data/k400/train/4m2ik3rJ7yE_000101_000111.mp4,playing cricket,227
6746,data/k400/train/8eJmuBVf4xw_000055_000065.mp4,playing cricket,227
6747,data/k400/train/9ln_9NtUk6k_000175_000185.mp4,playing cricket,227
6748,data/k400/train/AI5AdZPPCMA_000057_000067.mp4,playing cricket,227
6749,data/k400/train/BlATcYdisHQ_000007_000017.mp4,playing cricket,227
6750,data/k400/train/Cj_1Syuao9E_000045_000055.mp4,playing cricket,227
6751,data/k400/train/KVq1ZXj8m9E_000124_000134.mp4,playing cricket,227
6752,data/k400/train/LpHX4EkTbqM_000013_000023.mp4,playing cricket,227
6753,data/k400/train/Pgwa5_3oZfY_000006_000016.mp4,playing cricket,227
6754,data/k400/train/RMysGs1tDJI_000009_000019.mp4,playing cricket,227
6755,data/k400/train/SQrOgbGB1Wg_000162_000172.mp4,playing cricket,227
6756,data/k400/train/SnIl3vsf5-g_000234_000244.mp4,playing cricket,227
6757,data/k400/train/XBwHi4F3LxI_000057_000067.mp4,playing cricket,227
6758,data/k400/train/XFkKwxa-wUY_000085_000095.mp4,playing cricket,227
6759,data/k400/train/XH05I6vu0d4_000193_000203.mp4,playing cricket,227
6760,data/k400/train/Z7PLPwNUwMI_000129_000139.mp4,playing cricket,227
6761,data/k400/train/ZHFwPsO9yuE_000064_000074.mp4,playing cricket,227
6762,data/k400/train/_pRgmp7ocK8_000087_000097.mp4,playing cricket,227
6763,data/k400/train/aHQGinEZuX4_000064_000074.mp4,playing cricket,227
6764,data/k400/train/b4uNl8_8D3Y_000044_000054.mp4,playing cricket,227
6765,data/k400/train/bXVjgqvtVhM_000063_000073.mp4,playing cricket,227
6766,data/k400/train/bggG5nmdU04_000004_000014.mp4,playing cricket,227
6767,data/k400/train/bhM8k_81pOQ_000130_000140.mp4,playing cricket,227
6768,data/k400/train/bsL8TL3HV9U_000030_000040.mp4,playing cricket,227
6769,data/k400/train/cw1l661fn9U_000051_000061.mp4,playing cricket,227
6770,data/k400/train/eWWsLxoUX14_000117_000127.mp4,playing cricket,227
6771,data/k400/train/g0JYNLaPZ_c_000083_000093.mp4,playing cricket,227
6772,data/k400/train/gc2XVTW9QsI_000299_000309.mp4,playing cricket,227
6773,data/k400/train/ihQFC2huAzE_000028_000038.mp4,playing cricket,227
6774,data/k400/train/irYBItP3XXw_000007_000017.mp4,playing cricket,227
6775,data/k400/train/jm1nKovOk98_000040_000050.mp4,playing cricket,227
6776,data/k400/train/l7XHmtfERUU_000005_000015.mp4,playing cricket,227
6777,data/k400/train/mDhuT3WkLnc_000003_000013.mp4,playing cricket,227
6778,data/k400/train/pOX_b0SAC2k_000013_000023.mp4,playing cricket,227
6779,data/k400/train/qxDsshpG_Oo_000049_000059.mp4,playing cricket,227
6780,data/k400/train/tHA1m5-9s4g_000115_000125.mp4,playing cricket,227
6781,data/k400/train/tRhO4UBBKJY_000006_000016.mp4,playing cricket,227
6782,data/k400/train/x8KsuvmOdMA_000068_000078.mp4,playing cricket,227
6783,data/k400/train/yAZJPrJWbYU_000011_000021.mp4,playing cricket,227
6784,data/k400/train/7NKCLbJUldg_000000_000010.mp4,playing cymbals,228
6785,data/k400/train/F9lvsjtRW9A_000084_000094.mp4,playing cymbals,228
6786,data/k400/train/FcBhxS4F-H8_000025_000035.mp4,playing cymbals,228
6787,data/k400/train/Ghco7fg7WS0_000009_000019.mp4,playing cymbals,228
6788,data/k400/train/IJwBHnZBsAc_000001_000011.mp4,playing cymbals,228
6789,data/k400/train/JdDlxOMEN_M_000068_000078.mp4,playing cymbals,228
6790,data/k400/train/KWj9lECN2XQ_000005_000015.mp4,playing cymbals,228
6791,data/k400/train/MzOjAyt3qXk_000008_000018.mp4,playing cymbals,228
6792,data/k400/train/P4VzANC2XuU_000032_000042.mp4,playing cymbals,228
6793,data/k400/train/Q29diOhRGEQ_000132_000142.mp4,playing cymbals,228
6794,data/k400/train/Rh8Mr3L1lYs_000053_000063.mp4,playing cymbals,228
6795,data/k400/train/VqE2Y8IGHNA_000021_000031.mp4,playing cymbals,228
6796,data/k400/train/WjOIxWvJHZc_000064_000074.mp4,playing cymbals,228
6797,data/k400/train/WrxjQ37tnD4_000006_000016.mp4,playing cymbals,228
6798,data/k400/train/XvOxp4EF-t0_000212_000222.mp4,playing cymbals,228
6799,data/k400/train/jzQ8H6NmRkk_000082_000092.mp4,playing cymbals,228
6800,data/k400/train/kWni9sahw5k_000084_000094.mp4,playing cymbals,228
6801,data/k400/train/pdiA72eARkc_000013_000023.mp4,playing cymbals,228
6802,data/k400/train/qJ0YP9CHnY8_000002_000012.mp4,playing cymbals,228
6803,data/k400/train/qqYNgknmAI8_000065_000075.mp4,playing cymbals,228
6804,data/k400/train/qxCwWl1rvGk_000025_000035.mp4,playing cymbals,228
6805,data/k400/train/2xII7YtHZkc_000327_000337.mp4,playing didgeridoo,229
6806,data/k400/train/4Bxaday8KIo_000162_000172.mp4,playing didgeridoo,229
6807,data/k400/train/8ow6iV8giDE_000008_000018.mp4,playing didgeridoo,229
6808,data/k400/train/99AWOjWmAsA_000069_000079.mp4,playing didgeridoo,229
6809,data/k400/train/9kSiPzCCIe0_000051_000061.mp4,playing didgeridoo,229
6810,data/k400/train/A0qdDRkFFbA_000154_000164.mp4,playing didgeridoo,229
6811,data/k400/train/A5QCaU86PR4_000090_000100.mp4,playing didgeridoo,229
6812,data/k400/train/ChDuh_xCAx4_000030_000040.mp4,playing didgeridoo,229
6813,data/k400/train/DD42_LcPKjw_000011_000021.mp4,playing didgeridoo,229
6814,data/k400/train/DFzTh81PEiw_000020_000030.mp4,playing didgeridoo,229
6815,data/k400/train/EXAwXqv2Rx8_000073_000083.mp4,playing didgeridoo,229
6816,data/k400/train/FUSzzLmYLF8_000000_000010.mp4,playing didgeridoo,229
6817,data/k400/train/Fqis4lSTjK4_000006_000016.mp4,playing didgeridoo,229
6818,data/k400/train/IEYLKRh6cEI_000358_000368.mp4,playing didgeridoo,229
6819,data/k400/train/Ilub3Jia6DU_000022_000032.mp4,playing didgeridoo,229
6820,data/k400/train/NafXDtR3mLI_000002_000012.mp4,playing didgeridoo,229
6821,data/k400/train/QKru_9RbyVY_000033_000043.mp4,playing didgeridoo,229
6822,data/k400/train/_Lgxwr-0Sy8_000131_000141.mp4,playing didgeridoo,229
6823,data/k400/train/dfCd2eQfueY_000021_000031.mp4,playing didgeridoo,229
6824,data/k400/train/iGDrwj1Akkk_000085_000095.mp4,playing didgeridoo,229
6825,data/k400/train/ksUnxKDCtW8_000020_000030.mp4,playing didgeridoo,229
6826,data/k400/train/lIg8HWLdQTs_000174_000184.mp4,playing didgeridoo,229
6827,data/k400/train/mX70FTFj6Io_000022_000032.mp4,playing didgeridoo,229
6828,data/k400/train/mdpAl3BOQH8_000001_000011.mp4,playing didgeridoo,229
6829,data/k400/train/n21wpQteuz0_000002_000012.mp4,playing didgeridoo,229
6830,data/k400/train/oN0EpQSZbnU_000018_000028.mp4,playing didgeridoo,229
6831,data/k400/train/qIzSCA8b6ag_000039_000049.mp4,playing didgeridoo,229
6832,data/k400/train/uNQgE2XS58s_000062_000072.mp4,playing didgeridoo,229
6833,data/k400/train/xZcYzNEkG9c_000034_000044.mp4,playing didgeridoo,229
6834,data/k400/train/yiFogHFgFF0_000086_000096.mp4,playing didgeridoo,229
6835,data/k400/train/zv6v9UIvCd4_000002_000012.mp4,playing didgeridoo,229
6836,data/k400/train/4QzsmwrXE9Q_000305_000315.mp4,playing drums,230
6837,data/k400/train/4vALvuq0d_0_000009_000019.mp4,playing drums,230
6838,data/k400/train/7QIZZ9jg0fA_000201_000211.mp4,playing drums,230
6839,data/k400/train/8bWQrrZyFVA_000000_000010.mp4,playing drums,230
6840,data/k400/train/9SOEgfGcrZM_000507_000517.mp4,playing drums,230
6841,data/k400/train/EfpdI_39P04_000030_000040.mp4,playing drums,230
6842,data/k400/train/FMdpbL20lg8_000011_000021.mp4,playing drums,230
6843,data/k400/train/Gd9_L7G_znc_000009_000019.mp4,playing drums,230
6844,data/k400/train/HQgS8h36DZs_000093_000103.mp4,playing drums,230
6845,data/k400/train/HRvcfMnnPyc_000034_000044.mp4,playing drums,230
6846,data/k400/train/I7I3aofjG-w_000027_000037.mp4,playing drums,230
6847,data/k400/train/LROnhud8sJ8_000034_000044.mp4,playing drums,230
6848,data/k400/train/LohyR_H2CPA_000019_000029.mp4,playing drums,230
6849,data/k400/train/MOa2fe-fP_0_000084_000094.mp4,playing drums,230
6850,data/k400/train/Q30icbO8xDI_000130_000140.mp4,playing drums,230
6851,data/k400/train/TRW3Am--UZc_000092_000102.mp4,playing drums,230
6852,data/k400/train/URNhO_z4ehY_000000_000010.mp4,playing drums,230
6853,data/k400/train/UXNHzVaM6Yo_000123_000133.mp4,playing drums,230
6854,data/k400/train/VJgvVQ5Rm7I_000149_000159.mp4,playing drums,230
6855,data/k400/train/XaTPUIthbcI_000079_000089.mp4,playing drums,230
6856,data/k400/train/cJ_FQijbdHA_000052_000062.mp4,playing drums,230
6857,data/k400/train/cRdzdizYoDo_000044_000054.mp4,playing drums,230
6858,data/k400/train/cWhyMlyAmN4_000242_000252.mp4,playing drums,230
6859,data/k400/train/cvxc6ZTFUKo_000010_000020.mp4,playing drums,230
6860,data/k400/train/eICK7M3I9UI_000025_000035.mp4,playing drums,230
6861,data/k400/train/i4319522DVM_000007_000017.mp4,playing drums,230
6862,data/k400/train/iXgexDqKR8Y_000000_000010.mp4,playing drums,230
6863,data/k400/train/jTwW0hNuDlA_000145_000155.mp4,playing drums,230
6864,data/k400/train/jcpqhcnb2gw_000112_000122.mp4,playing drums,230
6865,data/k400/train/kLfxEqno4R0_000142_000152.mp4,playing drums,230
6866,data/k400/train/njpZ-gIGjUI_000052_000062.mp4,playing drums,230
6867,data/k400/train/nzcF3QrIVCs_000101_000111.mp4,playing drums,230
6868,data/k400/train/qot_EoFxSxk_000080_000090.mp4,playing drums,230
6869,data/k400/train/tbKg9FdQZ0g_000113_000123.mp4,playing drums,230
6870,data/k400/train/w3kXBVOV614_000210_000220.mp4,playing drums,230
6871,data/k400/train/wlsu1OdwtIU_000161_000171.mp4,playing drums,230
6872,data/k400/train/5K33TH8YNOk_000026_000036.mp4,playing flute,231
6873,data/k400/train/5ShceiaaL7s_000011_000021.mp4,playing flute,231
6874,data/k400/train/60HcAbLsVTU_000003_000013.mp4,playing flute,231
6875,data/k400/train/I8b6ErazuD4_000024_000034.mp4,playing flute,231
6876,data/k400/train/MmQIOvGBh_0_000005_000015.mp4,playing flute,231
6877,data/k400/train/RX0nSukw9sw_000030_000040.mp4,playing flute,231
6878,data/k400/train/S-_2kSi_i9c_000124_000134.mp4,playing flute,231
6879,data/k400/train/bLnScahDmpM_000035_000045.mp4,playing flute,231
6880,data/k400/train/e6gHSeHSqEM_000042_000052.mp4,playing flute,231
6881,data/k400/train/eblLFQeCfOs_000021_000031.mp4,playing flute,231
6882,data/k400/train/g66xtyxUb58_000200_000210.mp4,playing flute,231
6883,data/k400/train/ll1dqj73iDs_000211_000221.mp4,playing flute,231
6884,data/k400/train/mUvZZEAvgus_000199_000209.mp4,playing flute,231
6885,data/k400/train/p3DXTWPz9KU_000000_000010.mp4,playing flute,231
6886,data/k400/train/rZ9XzN2pam4_000109_000119.mp4,playing flute,231
6887,data/k400/train/xRQWesdJzZI_000000_000010.mp4,playing flute,231
6888,data/k400/train/y52EjE0M_Dc_000046_000056.mp4,playing flute,231
6889,data/k400/train/3LctDEXb3ow_000066_000076.mp4,playing guitar,232
6890,data/k400/train/4RbYtyW08Rs_000323_000333.mp4,playing guitar,232
6891,data/k400/train/AVs-0hVgUi0_000058_000068.mp4,playing guitar,232
6892,data/k400/train/BTEFpwYubGc_000028_000038.mp4,playing guitar,232
6893,data/k400/train/FDbbGUTJstY_000050_000060.mp4,playing guitar,232
6894,data/k400/train/Hx4wElfKTkY_000022_000032.mp4,playing guitar,232
6895,data/k400/train/IXsuq3_72Cg_000022_000032.mp4,playing guitar,232
6896,data/k400/train/J4HK1Z36oFM_000010_000020.mp4,playing guitar,232
6897,data/k400/train/KPslWEXe8A4_000156_000166.mp4,playing guitar,232
6898,data/k400/train/NM_0cl1pTnc_000159_000169.mp4,playing guitar,232
6899,data/k400/train/OIPVxsowZy8_000064_000074.mp4,playing guitar,232
6900,data/k400/train/OTR9sKHgaSE_000201_000211.mp4,playing guitar,232
6901,data/k400/train/Q56Qm09sccA_000092_000102.mp4,playing guitar,232
6902,data/k400/train/XF0o08931Cs_000010_000020.mp4,playing guitar,232
6903,data/k400/train/YzzNzUKS8Kg_000247_000257.mp4,playing guitar,232
6904,data/k400/train/_cquQl473QA_000069_000079.mp4,playing guitar,232
6905,data/k400/train/bKB1HFTiI3c_000088_000098.mp4,playing guitar,232
6906,data/k400/train/da9lt-GMHrI_000054_000064.mp4,playing guitar,232
6907,data/k400/train/ej13YZKVdBs_000060_000070.mp4,playing guitar,232
6908,data/k400/train/gtjvVgNMPtI_000025_000035.mp4,playing guitar,232
6909,data/k400/train/k5pN2_X59Qg_000567_000577.mp4,playing guitar,232
6910,data/k400/train/mtDatIkXCOE_000104_000114.mp4,playing guitar,232
6911,data/k400/train/mvgsRK9f4yU_000042_000052.mp4,playing guitar,232
6912,data/k400/train/poCukZduP9A_000076_000086.mp4,playing guitar,232
6913,data/k400/train/qN2SV3Qg660_000007_000017.mp4,playing guitar,232
6914,data/k400/train/tLdTEWfZP-4_000001_000011.mp4,playing guitar,232
6915,data/k400/train/xG1OveIXmVk_000061_000071.mp4,playing guitar,232
6916,data/k400/train/xXQeLqHOukQ_000217_000227.mp4,playing guitar,232
6917,data/k400/train/-b5vQ-sabYg_000003_000013.mp4,playing harmonica,233
6918,data/k400/train/1gseP5bOz3Y_000018_000028.mp4,playing harmonica,233
6919,data/k400/train/1h5y-q1L9rg_000264_000274.mp4,playing harmonica,233
6920,data/k400/train/1jGgtKsRsrA_000000_000010.mp4,playing harmonica,233
6921,data/k400/train/2bDfEcFnRck_000229_000239.mp4,playing harmonica,233
6922,data/k400/train/3tvUMfsUXmA_000031_000041.mp4,playing harmonica,233
6923,data/k400/train/43pzaEi_PqY_000009_000019.mp4,playing harmonica,233
6924,data/k400/train/4RsZIh9NGkc_000006_000016.mp4,playing harmonica,233
6925,data/k400/train/5NytiHGe8CI_000208_000218.mp4,playing harmonica,233
6926,data/k400/train/5d8dpclgEkI_000001_000011.mp4,playing harmonica,233
6927,data/k400/train/6l7nKrYM1h4_000023_000033.mp4,playing harmonica,233
6928,data/k400/train/AuZHLRdmu68_000015_000025.mp4,playing harmonica,233
6929,data/k400/train/Brynm1IbIME_000042_000052.mp4,playing harmonica,233
6930,data/k400/train/GQbNC9CUqOY_000014_000024.mp4,playing harmonica,233
6931,data/k400/train/GUxbfilicFA_000002_000012.mp4,playing harmonica,233
6932,data/k400/train/GYCOesiXnHs_000016_000026.mp4,playing harmonica,233
6933,data/k400/train/NE9WBFE-glo_000001_000011.mp4,playing harmonica,233
6934,data/k400/train/NVE3vSX30Xg_000015_000025.mp4,playing harmonica,233
6935,data/k400/train/SD3p-e2Cc-Y_000000_000010.mp4,playing harmonica,233
6936,data/k400/train/T2Re4PiMqlQ_000033_000043.mp4,playing harmonica,233
6937,data/k400/train/UCtnrypzhnA_000333_000343.mp4,playing harmonica,233
6938,data/k400/train/Uo6eU9kFgL0_000134_000144.mp4,playing harmonica,233
6939,data/k400/train/UopsscdweAc_000047_000057.mp4,playing harmonica,233
6940,data/k400/train/VYf57pFcS6w_000042_000052.mp4,playing harmonica,233
6941,data/k400/train/WK17EoYFx_8_000033_000043.mp4,playing harmonica,233
6942,data/k400/train/XdRc9aMVeeA_000024_000034.mp4,playing harmonica,233
6943,data/k400/train/YU5l6bQVol8_000010_000020.mp4,playing harmonica,233
6944,data/k400/train/Z2IM0AHbF0o_000005_000015.mp4,playing harmonica,233
6945,data/k400/train/cA28UHPAk0c_000099_000109.mp4,playing harmonica,233
6946,data/k400/train/ehjY3q_2M_Y_000009_000019.mp4,playing harmonica,233
6947,data/k400/train/kG_CMKAhu68_000091_000101.mp4,playing harmonica,233
6948,data/k400/train/k_jgOUL83xo_000007_000017.mp4,playing harmonica,233
6949,data/k400/train/l0fQlp7XfMU_000011_000021.mp4,playing harmonica,233
6950,data/k400/train/lCVjqXdp2eQ_000002_000012.mp4,playing harmonica,233
6951,data/k400/train/lu1IfX4EytU_000002_000012.mp4,playing harmonica,233
6952,data/k400/train/oFuV-0WPB3Y_000006_000016.mp4,playing harmonica,233
6953,data/k400/train/ql3ePBuGZc8_000040_000050.mp4,playing harmonica,233
6954,data/k400/train/r5CK64Bl2uM_000057_000067.mp4,playing harmonica,233
6955,data/k400/train/rqtVZzGy3n8_000002_000012.mp4,playing harmonica,233
6956,data/k400/train/sE3HrH8swr0_000003_000013.mp4,playing harmonica,233
6957,data/k400/train/sbkM-7-nKzE_000000_000010.mp4,playing harmonica,233
6958,data/k400/train/vvF2bW677jE_000258_000268.mp4,playing harmonica,233
6959,data/k400/train/yErpgL0IJqM_000007_000017.mp4,playing harmonica,233
6960,data/k400/train/yWjsw2t795M_000075_000085.mp4,playing harmonica,233
6961,data/k400/train/zF4QqLWRxro_000019_000029.mp4,playing harmonica,233
6962,data/k400/train/0LcRpzwseS4_000008_000018.mp4,playing harp,234
6963,data/k400/train/2_Sq97pPNOM_000017_000027.mp4,playing harp,234
6964,data/k400/train/2ikSFGfUbcQ_000082_000092.mp4,playing harp,234
6965,data/k400/train/3AFR8qmdFkA_000059_000069.mp4,playing harp,234
6966,data/k400/train/3FjRZmsCCkg_000028_000038.mp4,playing harp,234
6967,data/k400/train/696hVAEIt-Y_000015_000025.mp4,playing harp,234
6968,data/k400/train/77YIw6OxUE0_000003_000013.mp4,playing harp,234
6969,data/k400/train/Beyrk0lOQ5Y_000004_000014.mp4,playing harp,234
6970,data/k400/train/FYanlLSoBY4_000002_000012.mp4,playing harp,234
6971,data/k400/train/GrWtakR9aj0_000000_000010.mp4,playing harp,234
6972,data/k400/train/I9dynmTZJSQ_000203_000213.mp4,playing harp,234
6973,data/k400/train/ICmYaySPcbw_000001_000011.mp4,playing harp,234
6974,data/k400/train/IOEOD-Hd2ZE_000031_000041.mp4,playing harp,234
6975,data/k400/train/J1W3inUtdd0_000121_000131.mp4,playing harp,234
6976,data/k400/train/LZKE0peXJBo_000067_000077.mp4,playing harp,234
6977,data/k400/train/LaxXaChg8B4_000057_000067.mp4,playing harp,234
6978,data/k400/train/MjLMZxIhrz4_000019_000029.mp4,playing harp,234
6979,data/k400/train/NeTnykQUxS8_000027_000037.mp4,playing harp,234
6980,data/k400/train/OtPfJZ1N4Kc_000089_000099.mp4,playing harp,234
6981,data/k400/train/OzlsfLzVyPo_000000_000010.mp4,playing harp,234
6982,data/k400/train/Q9mew5GsPcw_000550_000560.mp4,playing harp,234
6983,data/k400/train/S9NhM3XuAZs_000144_000154.mp4,playing harp,234
6984,data/k400/train/T5PrPBrbOC0_000019_000029.mp4,playing harp,234
6985,data/k400/train/UUZK_zS9mu4_000060_000070.mp4,playing harp,234
6986,data/k400/train/Vk2F4VoaLAw_000084_000094.mp4,playing harp,234
6987,data/k400/train/XZ4TXa4UWb0_000004_000014.mp4,playing harp,234
6988,data/k400/train/XioUNz0KDdU_000098_000108.mp4,playing harp,234
6989,data/k400/train/Y-ZJaarkLdU_000008_000018.mp4,playing harp,234
6990,data/k400/train/YVQy1XrGdqQ_000005_000015.mp4,playing harp,234
6991,data/k400/train/ZLFbg6nP90o_000039_000049.mp4,playing harp,234
6992,data/k400/train/dUm8GcVpomU_000029_000039.mp4,playing harp,234
6993,data/k400/train/d_QRvmhYDZ0_000050_000060.mp4,playing harp,234
6994,data/k400/train/ePmf3W8OVCs_000007_000017.mp4,playing harp,234
6995,data/k400/train/ebAGsjNrlas_000016_000026.mp4,playing harp,234
6996,data/k400/train/fyuMJD-NBkw_000002_000012.mp4,playing harp,234
6997,data/k400/train/jB_2ujbtjzg_000097_000107.mp4,playing harp,234
6998,data/k400/train/l5VQCqNTu4Y_000328_000338.mp4,playing harp,234
6999,data/k400/train/lS2gus37mV4_000043_000053.mp4,playing harp,234
7000,data/k400/train/m090hbRJO58_000055_000065.mp4,playing harp,234
7001,data/k400/train/n-5w-Xaj5A8_000124_000134.mp4,playing harp,234
7002,data/k400/train/pkchP9cO7tc_000065_000075.mp4,playing harp,234
7003,data/k400/train/qHBltl5TNaU_000002_000012.mp4,playing harp,234
7004,data/k400/train/rTXLzTwUf-0_000191_000201.mp4,playing harp,234
7005,data/k400/train/s5h2zZSSp_U_000000_000010.mp4,playing harp,234
7006,data/k400/train/tQ57cNTfUzo_000004_000014.mp4,playing harp,234
7007,data/k400/train/vJtAzPUAYdA_000001_000011.mp4,playing harp,234
7008,data/k400/train/vxp45UGX1WA_000007_000017.mp4,playing harp,234
7009,data/k400/train/wN95oZWw380_000084_000094.mp4,playing harp,234
7010,data/k400/train/xpV8k-rJs3k_000006_000016.mp4,playing harp,234
7011,data/k400/train/03r_pXXNu78_000291_000301.mp4,playing ice hockey,235
7012,data/k400/train/20yvzUk0kUw_000018_000028.mp4,playing ice hockey,235
7013,data/k400/train/2QIfe1CY-ho_000025_000035.mp4,playing ice hockey,235
7014,data/k400/train/3ERu3ToUq7Q_000034_000044.mp4,playing ice hockey,235
7015,data/k400/train/A5fqBuaQ7A4_000054_000064.mp4,playing ice hockey,235
7016,data/k400/train/AyV6ciQuAOE_000105_000115.mp4,playing ice hockey,235
7017,data/k400/train/Cyob7dfiEw4_000022_000032.mp4,playing ice hockey,235
7018,data/k400/train/F-FNZyVzoJA_000000_000010.mp4,playing ice hockey,235
7019,data/k400/train/FEluef-Ey6A_000234_000244.mp4,playing ice hockey,235
7020,data/k400/train/FRLLgY9MbF8_000034_000044.mp4,playing ice hockey,235
7021,data/k400/train/Fb7uJD-4oEE_000026_000036.mp4,playing ice hockey,235
7022,data/k400/train/G2GZeUkGhn0_000006_000016.mp4,playing ice hockey,235
7023,data/k400/train/G4SAyGg9chI_000156_000166.mp4,playing ice hockey,235
7024,data/k400/train/Kt3hfY0L9gQ_000005_000015.mp4,playing ice hockey,235
7025,data/k400/train/N1ATXdIbkYo_000003_000013.mp4,playing ice hockey,235
7026,data/k400/train/NXppW3ksHSw_000000_000010.mp4,playing ice hockey,235
7027,data/k400/train/P1y9M5LyF5k_000000_000010.mp4,playing ice hockey,235
7028,data/k400/train/P_SEqNxkx_Y_000005_000015.mp4,playing ice hockey,235
7029,data/k400/train/Pb9eqYQ7cNg_000048_000058.mp4,playing ice hockey,235
7030,data/k400/train/RmPyNhsWPz4_000002_000012.mp4,playing ice hockey,235
7031,data/k400/train/StSYlN1NDdk_001006_001016.mp4,playing ice hockey,235
7032,data/k400/train/TUdYCzdpzdY_000057_000067.mp4,playing ice hockey,235
7033,data/k400/train/TsqfOaIKcwc_000086_000096.mp4,playing ice hockey,235
7034,data/k400/train/VHY4ma3ZMRo_000161_000171.mp4,playing ice hockey,235
7035,data/k400/train/XDtLKc-FEzw_000006_000016.mp4,playing ice hockey,235
7036,data/k400/train/Y2L1eFSlmJA_000009_000019.mp4,playing ice hockey,235
7037,data/k400/train/YFx1NAuDbL8_000029_000039.mp4,playing ice hockey,235
7038,data/k400/train/_nw9wtgn0bQ_000035_000045.mp4,playing ice hockey,235
7039,data/k400/train/bUY36lRBAGQ_000001_000011.mp4,playing ice hockey,235
7040,data/k400/train/clUgEizjVkM_000000_000010.mp4,playing ice hockey,235
7041,data/k400/train/dm069gcsG9o_000001_000011.mp4,playing ice hockey,235
7042,data/k400/train/e9Q4_u6N7Hc_000004_000014.mp4,playing ice hockey,235
7043,data/k400/train/eKJ2C-QIM20_000158_000168.mp4,playing ice hockey,235
7044,data/k400/train/ed0XWVKbanY_000058_000068.mp4,playing ice hockey,235
7045,data/k400/train/gYZYuRUMzms_000252_000262.mp4,playing ice hockey,235
7046,data/k400/train/gc_zb2Fs-ks_000013_000023.mp4,playing ice hockey,235
7047,data/k400/train/htH-HxZDwmI_000055_000065.mp4,playing ice hockey,235
7048,data/k400/train/iTTycKTum_4_000011_000021.mp4,playing ice hockey,235
7049,data/k400/train/lX8u0UyaTSM_000035_000045.mp4,playing ice hockey,235
7050,data/k400/train/nw4jCocjZ3g_000006_000016.mp4,playing ice hockey,235
7051,data/k400/train/oAhOT_t2nNE_000002_000012.mp4,playing ice hockey,235
7052,data/k400/train/qsA7PjQuw0E_000137_000147.mp4,playing ice hockey,235
7053,data/k400/train/tKQdX9OqT5s_000275_000285.mp4,playing ice hockey,235
7054,data/k400/train/y_ddkbXqX-Q_000000_000010.mp4,playing ice hockey,235
7055,data/k400/train/0NN2c3H81tI_000002_000012.mp4,playing keyboard,236
7056,data/k400/train/3IFR_z8aHxk_000002_000012.mp4,playing keyboard,236
7057,data/k400/train/7aRY5eLbcHo_000047_000057.mp4,playing keyboard,236
7058,data/k400/train/7gI-gBGwvJg_000032_000042.mp4,playing keyboard,236
7059,data/k400/train/7rwTXGM4u_g_000056_000066.mp4,playing keyboard,236
7060,data/k400/train/8WTPw85sm4Q_000003_000013.mp4,playing keyboard,236
7061,data/k400/train/9eNU4wUPtP0_000013_000023.mp4,playing keyboard,236
7062,data/k400/train/ADfeqNl13PE_000006_000016.mp4,playing keyboard,236
7063,data/k400/train/BPqxkqPVUd8_000143_000153.mp4,playing keyboard,236
7064,data/k400/train/D4jdyQlmEjg_000039_000049.mp4,playing keyboard,236
7065,data/k400/train/L2FZlLDeItc_000001_000011.mp4,playing keyboard,236
7066,data/k400/train/LGvp5F9c17U_000167_000177.mp4,playing keyboard,236
7067,data/k400/train/MFxE0ap39VA_000085_000095.mp4,playing keyboard,236
7068,data/k400/train/OnMx8PjZXA4_000695_000705.mp4,playing keyboard,236
7069,data/k400/train/P3uqMD27vfs_000179_000189.mp4,playing keyboard,236
7070,data/k400/train/PAfeOmlwZHI_000024_000034.mp4,playing keyboard,236
7071,data/k400/train/UqIgJy_eaFk_000003_000013.mp4,playing keyboard,236
7072,data/k400/train/VHBJLhmyF18_000001_000011.mp4,playing keyboard,236
7073,data/k400/train/aMG43l2Z9CQ_000038_000048.mp4,playing keyboard,236
7074,data/k400/train/e71y2TyUPcs_000004_000014.mp4,playing keyboard,236
7075,data/k400/train/hBMHZ5-1m_k_000220_000230.mp4,playing keyboard,236
7076,data/k400/train/hPD2mEDm5_E_000000_000010.mp4,playing keyboard,236
7077,data/k400/train/i-EsKix3wxE_000005_000015.mp4,playing keyboard,236
7078,data/k400/train/iDeH4iP4yZg_000093_000103.mp4,playing keyboard,236
7079,data/k400/train/lqUu-7sWnDA_000026_000036.mp4,playing keyboard,236
7080,data/k400/train/mzSOjy-0DKs_000011_000021.mp4,playing keyboard,236
7081,data/k400/train/n6Hhq96WXyQ_000000_000010.mp4,playing keyboard,236
7082,data/k400/train/pMuAeJJyAKQ_000002_000012.mp4,playing keyboard,236
7083,data/k400/train/q0Frq2B4gHY_000041_000051.mp4,playing keyboard,236
7084,data/k400/train/rBc8yaPflmc_000032_000042.mp4,playing keyboard,236
7085,data/k400/train/uRfwrzIT_GQ_000039_000049.mp4,playing keyboard,236
7086,data/k400/train/yqriBBK48tE_000000_000010.mp4,playing keyboard,236
7087,data/k400/train/znkc5Txswn0_000015_000025.mp4,playing keyboard,236
7088,data/k400/train/0cR5ap1n5Uo_000143_000153.mp4,playing kickball,237
7089,data/k400/train/13Z_SDkdKkg_000150_000160.mp4,playing kickball,237
7090,data/k400/train/2WW5j2tDy_o_000012_000022.mp4,playing kickball,237
7091,data/k400/train/3meJ2yO9zFk_000296_000306.mp4,playing kickball,237
7092,data/k400/train/8lwHbESxdsA_000042_000052.mp4,playing kickball,237
7093,data/k400/train/Ef7dyMfSQz0_000063_000073.mp4,playing kickball,237
7094,data/k400/train/HXnO0sbRhRI_000128_000138.mp4,playing kickball,237
7095,data/k400/train/I9_2UMWQuC0_000104_000114.mp4,playing kickball,237
7096,data/k400/train/OJM8-wJ-_Hg_000379_000389.mp4,playing kickball,237
7097,data/k400/train/jqsnpD41SgY_000275_000285.mp4,playing kickball,237
7098,data/k400/train/n3IDBXplWGk_000000_000010.mp4,playing kickball,237
7099,data/k400/train/nS5zjywF5iM_000018_000028.mp4,playing kickball,237
7100,data/k400/train/oHTs_fXXC0w_000017_000027.mp4,playing kickball,237
7101,data/k400/train/rRayPzcf7Rg_000142_000152.mp4,playing kickball,237
7102,data/k400/train/sMPOXCaNnPw_000008_000018.mp4,playing kickball,237
7103,data/k400/train/-R96mIiVupg_000041_000051.mp4,playing monopoly,238
7104,data/k400/train/0Jc-IEqcZts_000086_000096.mp4,playing monopoly,238
7105,data/k400/train/1MCKnLnBmcM_000125_000135.mp4,playing monopoly,238
7106,data/k400/train/2GhJ0v-A_4k_000011_000021.mp4,playing monopoly,238
7107,data/k400/train/3-fGSFK3RVw_001592_001602.mp4,playing monopoly,238
7108,data/k400/train/39DdoeJuTQE_000016_000026.mp4,playing monopoly,238
7109,data/k400/train/3SSUm8hDucQ_000122_000132.mp4,playing monopoly,238
7110,data/k400/train/771ZMQuc2QI_000237_000247.mp4,playing monopoly,238
7111,data/k400/train/7UH0IoixF5Y_000090_000100.mp4,playing monopoly,238
7112,data/k400/train/ARyxbL1eYGw_000021_000031.mp4,playing monopoly,238
7113,data/k400/train/AmwFgVs3NPQ_000151_000161.mp4,playing monopoly,238
7114,data/k400/train/Ax3p6FM17Ms_000856_000866.mp4,playing monopoly,238
7115,data/k400/train/LY3Xwi0CZeU_000004_000014.mp4,playing monopoly,238
7116,data/k400/train/Mh41k4GvpXE_000094_000104.mp4,playing monopoly,238
7117,data/k400/train/SdNwp5cZwLE_000004_000014.mp4,playing monopoly,238
7118,data/k400/train/TAO5jUDTR7Y_000043_000053.mp4,playing monopoly,238
7119,data/k400/train/TdU_vvdQGH8_000001_000011.mp4,playing monopoly,238
7120,data/k400/train/U0E5BvyBerU_000001_000011.mp4,playing monopoly,238
7121,data/k400/train/Uh4_ovbVpsc_000529_000539.mp4,playing monopoly,238
7122,data/k400/train/WbdNhdlaczc_000123_000133.mp4,playing monopoly,238
7123,data/k400/train/ZSY3UlxAq_A_000033_000043.mp4,playing monopoly,238
7124,data/k400/train/ZvzFkbH2XFQ_000490_000500.mp4,playing monopoly,238
7125,data/k400/train/blUWTWzfCrc_000107_000117.mp4,playing monopoly,238
7126,data/k400/train/esvnfE7nngs_000547_000557.mp4,playing monopoly,238
7127,data/k400/train/hEl_n8SWUc8_000722_000732.mp4,playing monopoly,238
7128,data/k400/train/j7_E35RhFKs_000061_000071.mp4,playing monopoly,238
7129,data/k400/train/n5wvP3vl5wc_000574_000584.mp4,playing monopoly,238
7130,data/k400/train/nOqYlGe0dx0_000001_000011.mp4,playing monopoly,238
7131,data/k400/train/om7sx6dmfbQ_000061_000071.mp4,playing monopoly,238
7132,data/k400/train/r0oklAJH2YM_000027_000037.mp4,playing monopoly,238
7133,data/k400/train/sYnTuPM6s2Y_000506_000516.mp4,playing monopoly,238
7134,data/k400/train/vtXyko_0V60_002510_002520.mp4,playing monopoly,238
7135,data/k400/train/-ow3Cfz5Qtk_000100_000110.mp4,playing organ,239
7136,data/k400/train/07xteKplxbs_000198_000208.mp4,playing organ,239
7137,data/k400/train/2TAWzZKPoZw_000110_000120.mp4,playing organ,239
7138,data/k400/train/5EkFsNiGHyM_000055_000065.mp4,playing organ,239
7139,data/k400/train/6CM9aaT1T-U_000067_000077.mp4,playing organ,239
7140,data/k400/train/9B0PTHGgvyk_000000_000010.mp4,playing organ,239
7141,data/k400/train/Db65XxU0948_000040_000050.mp4,playing organ,239
7142,data/k400/train/Kuk_Opwtbjs_000325_000335.mp4,playing organ,239
7143,data/k400/train/LsqXIT_yB94_000002_000012.mp4,playing organ,239
7144,data/k400/train/MteUAZa40H0_000154_000164.mp4,playing organ,239
7145,data/k400/train/NL29AIKRINA_000006_000016.mp4,playing organ,239
7146,data/k400/train/PUjDUSakmOQ_000025_000035.mp4,playing organ,239
7147,data/k400/train/Radoxxs_zP4_000003_000013.mp4,playing organ,239
7148,data/k400/train/TGQ6LKs2jg0_000004_000014.mp4,playing organ,239
7149,data/k400/train/Vi5M0z7VyOo_000153_000163.mp4,playing organ,239
7150,data/k400/train/WC0yEmsk5u0_000045_000055.mp4,playing organ,239
7151,data/k400/train/Wv8pX1LHmbc_000003_000013.mp4,playing organ,239
7152,data/k400/train/Zlp-OdmLBCw_000012_000022.mp4,playing organ,239
7153,data/k400/train/brVoJybW3oE_000004_000014.mp4,playing organ,239
7154,data/k400/train/dNfVmzmiIBI_000049_000059.mp4,playing organ,239
7155,data/k400/train/e6_rA-hbReg_000366_000376.mp4,playing organ,239
7156,data/k400/train/hbGc_tm0xzM_000522_000532.mp4,playing organ,239
7157,data/k400/train/hfIQ9w8G5J8_000056_000066.mp4,playing organ,239
7158,data/k400/train/jpVLLYQ78t4_000083_000093.mp4,playing organ,239
7159,data/k400/train/kJ0FMxHMGtc_000002_000012.mp4,playing organ,239
7160,data/k400/train/l8aJjyanbjs_000066_000076.mp4,playing organ,239
7161,data/k400/train/u0Ril5_C-iA_000085_000095.mp4,playing organ,239
7162,data/k400/train/vsoa2G720go_000233_000243.mp4,playing organ,239
7163,data/k400/train/1oSXTqrQ0LE_000010_000020.mp4,playing paintball,240
7164,data/k400/train/4agGBmSGmjw_000001_000011.mp4,playing paintball,240
7165,data/k400/train/4k4LBoDDu7g_000014_000024.mp4,playing paintball,240
7166,data/k400/train/5ZlGlkS1Yh8_000002_000012.mp4,playing paintball,240
7167,data/k400/train/7SjOo1Lcsq4_000039_000049.mp4,playing paintball,240
7168,data/k400/train/7pF1oZnyye4_000027_000037.mp4,playing paintball,240
7169,data/k400/train/8u99698oUuo_000013_000023.mp4,playing paintball,240
7170,data/k400/train/9-44pNC2_0c_000833_000843.mp4,playing paintball,240
7171,data/k400/train/9aSstacvrFE_000264_000274.mp4,playing paintball,240
7172,data/k400/train/BKGzyknG4SE_000084_000094.mp4,playing paintball,240
7173,data/k400/train/ClNkArZZa2c_000158_000168.mp4,playing paintball,240
7174,data/k400/train/E66dOrxzQ9A_000000_000010.mp4,playing paintball,240
7175,data/k400/train/E7I-XGMIrAs_000001_000011.mp4,playing paintball,240
7176,data/k400/train/ExICP9ETIt4_000028_000038.mp4,playing paintball,240
7177,data/k400/train/F7ksPFzGPi4_000003_000013.mp4,playing paintball,240
7178,data/k400/train/FyhfUb_Sl6Q_000313_000323.mp4,playing paintball,240
7179,data/k400/train/HLttGHvtrNU_000001_000011.mp4,playing paintball,240
7180,data/k400/train/HhoGgUr-5FM_000006_000016.mp4,playing paintball,240
7181,data/k400/train/IpzXgLcnNqY_000004_000014.mp4,playing paintball,240
7182,data/k400/train/K6mC8ZMd3qk_000033_000043.mp4,playing paintball,240
7183,data/k400/train/KT1XrMryQH4_000309_000319.mp4,playing paintball,240
7184,data/k400/train/KmL7SbEaNPM_000054_000064.mp4,playing paintball,240
7185,data/k400/train/N0lOmzlssp4_000000_000010.mp4,playing paintball,240
7186,data/k400/train/P73iCr2gAyk_000013_000023.mp4,playing paintball,240
7187,data/k400/train/PwzB7xPrlK0_000048_000058.mp4,playing paintball,240
7188,data/k400/train/QBHqVnYCOKQ_000043_000053.mp4,playing paintball,240
7189,data/k400/train/QtVLD6Wqrnw_000005_000015.mp4,playing paintball,240
7190,data/k400/train/RmXB-IJqgDc_000002_000012.mp4,playing paintball,240
7191,data/k400/train/S7wBKloGglI_000140_000150.mp4,playing paintball,240
7192,data/k400/train/SZtm9VZsv4Q_000021_000031.mp4,playing paintball,240
7193,data/k400/train/Sfd_0Uu-QIE_000010_000020.mp4,playing paintball,240
7194,data/k400/train/Vyu-Lnmz4sU_000091_000101.mp4,playing paintball,240
7195,data/k400/train/XHpWsqkxi4Y_000143_000153.mp4,playing paintball,240
7196,data/k400/train/YX5gPPqXFAY_000368_000378.mp4,playing paintball,240
7197,data/k400/train/ZCziUsiwUsk_000015_000025.mp4,playing paintball,240
7198,data/k400/train/aChdZ4nA34s_000028_000038.mp4,playing paintball,240
7199,data/k400/train/efD9wexP1D4_000029_000039.mp4,playing paintball,240
7200,data/k400/train/fZvV110Mdfw_000103_000113.mp4,playing paintball,240
7201,data/k400/train/gki6PWSYYJI_000062_000072.mp4,playing paintball,240
7202,data/k400/train/jLNNaD-x7LY_000079_000089.mp4,playing paintball,240
7203,data/k400/train/jRnUL1aYHaQ_000000_000010.mp4,playing paintball,240
7204,data/k400/train/kaZbcpo2q90_000004_000014.mp4,playing paintball,240
7205,data/k400/train/lIc0A_GAPA0_000122_000132.mp4,playing paintball,240
7206,data/k400/train/lxqDWDj1X2M_000061_000071.mp4,playing paintball,240
7207,data/k400/train/msIgKWQXvrc_000155_000165.mp4,playing paintball,240
7208,data/k400/train/neEfItFBsE4_000155_000165.mp4,playing paintball,240
7209,data/k400/train/oj9x_609bWI_000034_000044.mp4,playing paintball,240
7210,data/k400/train/qLGKkkH2JCQ_000070_000080.mp4,playing paintball,240
7211,data/k400/train/r7KjrKCl1Ys_000402_000412.mp4,playing paintball,240
7212,data/k400/train/rcC7SoEgv9c_000089_000099.mp4,playing paintball,240
7213,data/k400/train/shbs9jtX_dY_000023_000033.mp4,playing paintball,240
7214,data/k400/train/skJ0I-uN6zU_000001_000011.mp4,playing paintball,240
7215,data/k400/train/snMW2nBkMO8_000004_000014.mp4,playing paintball,240
7216,data/k400/train/wp0E4ci-nlA_000825_000835.mp4,playing paintball,240
7217,data/k400/train/xIKeXSxAP8g_000010_000020.mp4,playing paintball,240
7218,data/k400/train/-CuDMAzj4AE_000062_000072.mp4,playing piano,241
7219,data/k400/train/24nBh-zzpsQ_000042_000052.mp4,playing piano,241
7220,data/k400/train/36hoLej8lF8_000005_000015.mp4,playing piano,241
7221,data/k400/train/BjyLqznmRy4_000125_000135.mp4,playing piano,241
7222,data/k400/train/CAf-e4S9gHA_000074_000084.mp4,playing piano,241
7223,data/k400/train/C_N7THEohFU_000023_000033.mp4,playing piano,241
7224,data/k400/train/Cr52yoRnzLQ_000018_000028.mp4,playing piano,241
7225,data/k400/train/E2UrJQV3KsA_000166_000176.mp4,playing piano,241
7226,data/k400/train/FCecvsaPUJk_000004_000014.mp4,playing piano,241
7227,data/k400/train/Hu4e6Y8cvxU_000017_000027.mp4,playing piano,241
7228,data/k400/train/LmTMTC62-Xc_000000_000010.mp4,playing piano,241
7229,data/k400/train/NZL4sUqjUv0_000042_000052.mp4,playing piano,241
7230,data/k400/train/SrTIwEZ96Ak_000019_000029.mp4,playing piano,241
7231,data/k400/train/Uq9tXJf6Br0_000028_000038.mp4,playing piano,241
7232,data/k400/train/VsNvrwnr_70_000003_000013.mp4,playing piano,241
7233,data/k400/train/W0v_-EUDLjY_000056_000066.mp4,playing piano,241
7234,data/k400/train/ZChYffzWIDg_000003_000013.mp4,playing piano,241
7235,data/k400/train/d9iYFiUwuMI_000088_000098.mp4,playing piano,241
7236,data/k400/train/e5jzAboeJns_000118_000128.mp4,playing piano,241
7237,data/k400/train/mk-_taBrSTo_000000_000010.mp4,playing piano,241
7238,data/k400/train/nPIsgBpKCGk_000233_000243.mp4,playing piano,241
7239,data/k400/train/pLOJVMVi4Cg_000099_000109.mp4,playing piano,241
7240,data/k400/train/qBBoH-hwtuU_000001_000011.mp4,playing piano,241
7241,data/k400/train/s5FIzdC3Fus_000015_000025.mp4,playing piano,241
7242,data/k400/train/sk5CeIVD600_000007_000017.mp4,playing piano,241
7243,data/k400/train/tJpbkml4_sI_000045_000055.mp4,playing piano,241
7244,data/k400/train/wrH5NyhkCN4_000187_000197.mp4,playing piano,241
7245,data/k400/train/zW-T_9tqoWI_000002_000012.mp4,playing piano,241
7246,data/k400/train/-W-DAzcFlfc_000102_000112.mp4,playing poker,242
7247,data/k400/train/0bWQ8wguwmU_000056_000066.mp4,playing poker,242
7248,data/k400/train/2hO2--CT11w_000002_000012.mp4,playing poker,242
7249,data/k400/train/5CyyoFEz_Ag_000024_000034.mp4,playing poker,242
7250,data/k400/train/5cwncIx5mpQ_000078_000088.mp4,playing poker,242
7251,data/k400/train/7QsgijBVOB0_000107_000117.mp4,playing poker,242
7252,data/k400/train/7U9fBoQw_jc_000167_000177.mp4,playing poker,242
7253,data/k400/train/7kEQ4qtsLog_000020_000030.mp4,playing poker,242
7254,data/k400/train/9zYgsGVgy8o_000686_000696.mp4,playing poker,242
7255,data/k400/train/BLsKvK6XyQU_000002_000012.mp4,playing poker,242
7256,data/k400/train/FAl9clbFglA_000412_000422.mp4,playing poker,242
7257,data/k400/train/F_UsaNGdvIU_000068_000078.mp4,playing poker,242
7258,data/k400/train/Fz6j3NLoP3I_000090_000100.mp4,playing poker,242
7259,data/k400/train/I92PgAJJw90_000042_000052.mp4,playing poker,242
7260,data/k400/train/IGwcPVFqTuU_000074_000084.mp4,playing poker,242
7261,data/k400/train/KdsFte79oAg_000000_000010.mp4,playing poker,242
7262,data/k400/train/NasE5UTNKvc_000060_000070.mp4,playing poker,242
7263,data/k400/train/P-pRAgADDGs_000012_000022.mp4,playing poker,242
7264,data/k400/train/Pp5n_TnanI0_000001_000011.mp4,playing poker,242
7265,data/k400/train/QkXe5iude2M_000214_000224.mp4,playing poker,242
7266,data/k400/train/SHFVwqnNmo0_000069_000079.mp4,playing poker,242
7267,data/k400/train/U3c-Er328-g_000237_000247.mp4,playing poker,242
7268,data/k400/train/UCfxtUD-JIw_000021_000031.mp4,playing poker,242
7269,data/k400/train/VWlZdN5xhTk_000056_000066.mp4,playing poker,242
7270,data/k400/train/Xh6QfF0Jl5g_000005_000015.mp4,playing poker,242
7271,data/k400/train/YJscYy2SlQg_000151_000161.mp4,playing poker,242
7272,data/k400/train/YZvX5hd1zmA_000113_000123.mp4,playing poker,242
7273,data/k400/train/ZVJWtJjX-xY_000144_000154.mp4,playing poker,242
7274,data/k400/train/_jbXwx4j1Bs_000086_000096.mp4,playing poker,242
7275,data/k400/train/fCCxTQC7evM_000003_000013.mp4,playing poker,242
7276,data/k400/train/gcLyD7k7erQ_000040_000050.mp4,playing poker,242
7277,data/k400/train/lDGv3WPhBs4_000003_000013.mp4,playing poker,242
7278,data/k400/train/oi3OKtxHvlM_000137_000147.mp4,playing poker,242
7279,data/k400/train/s96lK6m36rw_000042_000052.mp4,playing poker,242
7280,data/k400/train/sMAXLgQ2vto_000006_000016.mp4,playing poker,242
7281,data/k400/train/sxb8KP4u_KY_000053_000063.mp4,playing poker,242
7282,data/k400/train/wEcfQXQ-3PU_000330_000340.mp4,playing poker,242
7283,data/k400/train/w_3kF60DZEE_000045_000055.mp4,playing poker,242
7284,data/k400/train/zXTyyIvjYXU_000029_000039.mp4,playing poker,242
7285,data/k400/train/-6TYsANbjik_000001_000011.mp4,playing recorder,243
7286,data/k400/train/-ngDQ-NxXZQ_000000_000010.mp4,playing recorder,243
7287,data/k400/train/0r_BGL3416g_000406_000416.mp4,playing recorder,243
7288,data/k400/train/1tc1ow8CrRw_000109_000119.mp4,playing recorder,243
7289,data/k400/train/2O6He2FjZI8_000003_000013.mp4,playing recorder,243
7290,data/k400/train/35Do1EyyWRU_000086_000096.mp4,playing recorder,243
7291,data/k400/train/3amrMrhS1uw_000151_000161.mp4,playing recorder,243
7292,data/k400/train/3vW2QTC7UbA_000005_000015.mp4,playing recorder,243
7293,data/k400/train/4JhZVAzWQz8_000110_000120.mp4,playing recorder,243
7294,data/k400/train/4rmDr8Rl5YA_000012_000022.mp4,playing recorder,243
7295,data/k400/train/52f8KAEsEPE_000002_000012.mp4,playing recorder,243
7296,data/k400/train/6tSxSte6o8I_000000_000010.mp4,playing recorder,243
7297,data/k400/train/72e1Bg70oMg_000069_000079.mp4,playing recorder,243
7298,data/k400/train/7cH3DoWmxQE_000023_000033.mp4,playing recorder,243
7299,data/k400/train/8NiO0oHwE24_000000_000010.mp4,playing recorder,243
7300,data/k400/train/9F6M02o9fpY_000002_000012.mp4,playing recorder,243
7301,data/k400/train/BTEbnJRlltw_000009_000019.mp4,playing recorder,243
7302,data/k400/train/CSwjB9gUi1U_000002_000012.mp4,playing recorder,243
7303,data/k400/train/CidAcHcaIAs_000048_000058.mp4,playing recorder,243
7304,data/k400/train/DpV6gKGooPY_000012_000022.mp4,playing recorder,243
7305,data/k400/train/FD3x-JILm9o_000106_000116.mp4,playing recorder,243
7306,data/k400/train/FZU1vtqRYls_000000_000010.mp4,playing recorder,243
7307,data/k400/train/GIno-fOkkhc_000078_000088.mp4,playing recorder,243
7308,data/k400/train/H3slHduXLK0_000002_000012.mp4,playing recorder,243
7309,data/k400/train/H5dACLkwZdg_000011_000021.mp4,playing recorder,243
7310,data/k400/train/HBxeBgYdQZs_000010_000020.mp4,playing recorder,243
7311,data/k400/train/JecN2FPiO3E_000011_000021.mp4,playing recorder,243
7312,data/k400/train/JyE7kyaRZ1k_000011_000021.mp4,playing recorder,243
7313,data/k400/train/Kmf9PjCqwyo_000091_000101.mp4,playing recorder,243
7314,data/k400/train/OT_uQqmNVK8_000029_000039.mp4,playing recorder,243
7315,data/k400/train/RMk1EFKRa2Q_000003_000013.mp4,playing recorder,243
7316,data/k400/train/TTQnyIWqY8s_000123_000133.mp4,playing recorder,243
7317,data/k400/train/TiZ2U0zZIiI_000140_000150.mp4,playing recorder,243
7318,data/k400/train/UZFwpEtA4dg_000209_000219.mp4,playing recorder,243
7319,data/k400/train/V-YCsVNptPk_000001_000011.mp4,playing recorder,243
7320,data/k400/train/ZOlmW9qKx4c_000038_000048.mp4,playing recorder,243
7321,data/k400/train/ZUZWKuznDRw_000063_000073.mp4,playing recorder,243
7322,data/k400/train/ahosJ6Cb5M4_000002_000012.mp4,playing recorder,243
7323,data/k400/train/bgCrldl9pQ8_000027_000037.mp4,playing recorder,243
7324,data/k400/train/gF1aExV6Abc_000030_000040.mp4,playing recorder,243
7325,data/k400/train/hC1nUIql7h8_000035_000045.mp4,playing recorder,243
7326,data/k400/train/iYKgcI-Qs-M_000067_000077.mp4,playing recorder,243
7327,data/k400/train/kYSnzAiyXhE_000004_000014.mp4,playing recorder,243
7328,data/k400/train/q_HAnMLXzR4_000021_000031.mp4,playing recorder,243
7329,data/k400/train/qsLv3AZP88Q_000004_000014.mp4,playing recorder,243
7330,data/k400/train/uoK-zKuLD8s_000205_000215.mp4,playing recorder,243
7331,data/k400/train/w04g9KM6TBs_000011_000021.mp4,playing recorder,243
7332,data/k400/train/wJfNrPkbm3U_000001_000011.mp4,playing recorder,243
7333,data/k400/train/wvkSf1o259Q_000051_000061.mp4,playing recorder,243
7334,data/k400/train/xVEV3izQCjo_000038_000048.mp4,playing recorder,243
7335,data/k400/train/xX2D4P586Qc_000049_000059.mp4,playing recorder,243
7336,data/k400/train/xyLsm_7iMrE_000004_000014.mp4,playing recorder,243
7337,data/k400/train/zxdAosA1urA_000004_000014.mp4,playing recorder,243
7338,data/k400/train/1C3HkgpKJp8_000127_000137.mp4,playing saxophone,244
7339,data/k400/train/3n83axavWYA_000015_000025.mp4,playing saxophone,244
7340,data/k400/train/4LwQe_pRIyQ_000003_000013.mp4,playing saxophone,244
7341,data/k400/train/ASmh6avmIr8_000076_000086.mp4,playing saxophone,244
7342,data/k400/train/Fe_YqV7TsaA_000022_000032.mp4,playing saxophone,244
7343,data/k400/train/FrftTpIt0rI_000005_000015.mp4,playing saxophone,244
7344,data/k400/train/HVjl0D9h5Zc_000042_000052.mp4,playing saxophone,244
7345,data/k400/train/HZSRx8fITYA_000102_000112.mp4,playing saxophone,244
7346,data/k400/train/JDrf_ZMB50w_000154_000164.mp4,playing saxophone,244
7347,data/k400/train/JLwm_ulUV9I_000000_000010.mp4,playing saxophone,244
7348,data/k400/train/KVWNREO4TF4_000003_000013.mp4,playing saxophone,244
7349,data/k400/train/L3zG6duKsUI_000094_000104.mp4,playing saxophone,244
7350,data/k400/train/LkqmAizQZi4_000110_000120.mp4,playing saxophone,244
7351,data/k400/train/NHIrrVqg9CA_000002_000012.mp4,playing saxophone,244
7352,data/k400/train/Nj_OgwSZDRo_000029_000039.mp4,playing saxophone,244
7353,data/k400/train/O-gik_Tfd7o_000524_000534.mp4,playing saxophone,244
7354,data/k400/train/Ogy2KKZD0VY_000117_000127.mp4,playing saxophone,244
7355,data/k400/train/QxubCl1KKDw_000013_000023.mp4,playing saxophone,244
7356,data/k400/train/RrJIgtttGzU_000001_000011.mp4,playing saxophone,244
7357,data/k400/train/SvKTjxCMnLw_000121_000131.mp4,playing saxophone,244
7358,data/k400/train/U6v3z-upHTQ_000025_000035.mp4,playing saxophone,244
7359,data/k400/train/UUswCmWyqFY_000021_000031.mp4,playing saxophone,244
7360,data/k400/train/VYZIpdEafzI_000111_000121.mp4,playing saxophone,244
7361,data/k400/train/Vn0TZ1ygGQo_000003_000013.mp4,playing saxophone,244
7362,data/k400/train/W9qZCCN38Nc_000002_000012.mp4,playing saxophone,244
7363,data/k400/train/b9pghtQVAUo_000040_000050.mp4,playing saxophone,244
7364,data/k400/train/f6iZjy8s40M_000019_000029.mp4,playing saxophone,244
7365,data/k400/train/fHOKHnQrlwc_000010_000020.mp4,playing saxophone,244
7366,data/k400/train/gXq-wkA9g64_000057_000067.mp4,playing saxophone,244
7367,data/k400/train/gY8foKRYv-M_000059_000069.mp4,playing saxophone,244
7368,data/k400/train/hDv4VxoIXTI_000675_000685.mp4,playing saxophone,244
7369,data/k400/train/j1DOCjw8sTQ_000091_000101.mp4,playing saxophone,244
7370,data/k400/train/k5s7G9m3E3Y_000058_000068.mp4,playing saxophone,244
7371,data/k400/train/lMPzii5cdMg_000030_000040.mp4,playing saxophone,244
7372,data/k400/train/plD7CageFio_000002_000012.mp4,playing saxophone,244
7373,data/k400/train/q9IeoNt44dM_000006_000016.mp4,playing saxophone,244
7374,data/k400/train/tgAWMUjMV9s_000075_000085.mp4,playing saxophone,244
7375,data/k400/train/vbjuIFcLScw_000140_000150.mp4,playing saxophone,244
7376,data/k400/train/wijqUGo4C-M_000198_000208.mp4,playing saxophone,244
7377,data/k400/train/y1p4sIkKx5k_000000_000010.mp4,playing saxophone,244
7378,data/k400/train/y36U_AON1Ko_000002_000012.mp4,playing saxophone,244
7379,data/k400/train/zDYH6Xf-oKw_000096_000106.mp4,playing saxophone,244
7380,data/k400/train/zaqbnYvh46Q_000005_000015.mp4,playing saxophone,244
7381,data/k400/train/1LPRAIcnboE_000195_000205.mp4,playing squash or racquetball,245
7382,data/k400/train/1P_O-JhkAaQ_000057_000067.mp4,playing squash or racquetball,245
7383,data/k400/train/1la-YCGPB2E_000428_000438.mp4,playing squash or racquetball,245
7384,data/k400/train/2HL2T6ubdeQ_000342_000352.mp4,playing squash or racquetball,245
7385,data/k400/train/7YFuJlZx4Lg_000000_000010.mp4,playing squash or racquetball,245
7386,data/k400/train/7h098KYKw3Y_000000_000010.mp4,playing squash or racquetball,245
7387,data/k400/train/8CJkl6-PtRc_000001_000011.mp4,playing squash or racquetball,245
7388,data/k400/train/8gLH6VxjmX0_002036_002046.mp4,playing squash or racquetball,245
7389,data/k400/train/A-uHQxcxVa0_000247_000257.mp4,playing squash or racquetball,245
7390,data/k400/train/Cj4FS9M35mk_001677_001687.mp4,playing squash or racquetball,245
7391,data/k400/train/ESPI6Zl-kBw_000001_000011.mp4,playing squash or racquetball,245
7392,data/k400/train/FIGSGZdw298_000081_000091.mp4,playing squash or racquetball,245
7393,data/k400/train/GCO75V-Tskc_000028_000038.mp4,playing squash or racquetball,245
7394,data/k400/train/GN0TdqHETvc_000095_000105.mp4,playing squash or racquetball,245
7395,data/k400/train/I33iFeABeLc_000159_000169.mp4,playing squash or racquetball,245
7396,data/k400/train/IrJO9DiOepM_000006_000016.mp4,playing squash or racquetball,245
7397,data/k400/train/JpwAOJ-FaJQ_000320_000330.mp4,playing squash or racquetball,245
7398,data/k400/train/LZZpSgN7aNE_000003_000013.mp4,playing squash or racquetball,245
7399,data/k400/train/MweXfVg7XSY_000077_000087.mp4,playing squash or racquetball,245
7400,data/k400/train/NIywKuxBcQQ_000000_000010.mp4,playing squash or racquetball,245
7401,data/k400/train/NX1sYa6wSD8_000003_000013.mp4,playing squash or racquetball,245
7402,data/k400/train/QXQhy74IUBY_000098_000108.mp4,playing squash or racquetball,245
7403,data/k400/train/QwsIG05fun0_000174_000184.mp4,playing squash or racquetball,245
7404,data/k400/train/RXkP2i_3CJE_000011_000021.mp4,playing squash or racquetball,245
7405,data/k400/train/Rx5Wz4sKB7w_000027_000037.mp4,playing squash or racquetball,245
7406,data/k400/train/T6uiw8NxIQs_000011_000021.mp4,playing squash or racquetball,245
7407,data/k400/train/TdOHbzKwY90_000038_000048.mp4,playing squash or racquetball,245
7408,data/k400/train/WBly0QmQZvg_000014_000024.mp4,playing squash or racquetball,245
7409,data/k400/train/Wzpyu5NEqZ4_000033_000043.mp4,playing squash or racquetball,245
7410,data/k400/train/Xn6kAOY1rfQ_000071_000081.mp4,playing squash or racquetball,245
7411,data/k400/train/YvGP_61PRpY_000060_000070.mp4,playing squash or racquetball,245
7412,data/k400/train/ZMo0NKHqK8A_000004_000014.mp4,playing squash or racquetball,245
7413,data/k400/train/ZnKB0U96ZI4_000021_000031.mp4,playing squash or racquetball,245
7414,data/k400/train/_CyVCNRE-OA_000088_000098.mp4,playing squash or racquetball,245
7415,data/k400/train/dGI1BTRhEW0_000048_000058.mp4,playing squash or racquetball,245
7416,data/k400/train/j9HmZk1-M-0_000126_000136.mp4,playing squash or racquetball,245
7417,data/k400/train/jbPjXi30VrI_000419_000429.mp4,playing squash or racquetball,245
7418,data/k400/train/ksCDHCr7gxs_000032_000042.mp4,playing squash or racquetball,245
7419,data/k400/train/kyv5Xmk5Tkk_000023_000033.mp4,playing squash or racquetball,245
7420,data/k400/train/mG7ji3coaNE_000002_000012.mp4,playing squash or racquetball,245
7421,data/k400/train/mm5rbMtGpEQ_000092_000102.mp4,playing squash or racquetball,245
7422,data/k400/train/rUY6K4PzFIg_000000_000010.mp4,playing squash or racquetball,245
7423,data/k400/train/sU1e6zCDjus_000034_000044.mp4,playing squash or racquetball,245
7424,data/k400/train/sf-luxVbfIU_000000_000010.mp4,playing squash or racquetball,245
7425,data/k400/train/wXPnhFFph_E_000086_000096.mp4,playing squash or racquetball,245
7426,data/k400/train/wpfMFTXOOy0_000044_000054.mp4,playing squash or racquetball,245
7427,data/k400/train/yPJZgYOuWG4_000114_000124.mp4,playing squash or racquetball,245
7428,data/k400/train/yRWXwcsO1gg_000135_000145.mp4,playing squash or racquetball,245
7429,data/k400/train/yehmBw1v7dM_000042_000052.mp4,playing squash or racquetball,245
7430,data/k400/train/-yUB5AkkEOk_000176_000186.mp4,playing tennis,246
7431,data/k400/train/0NCn2OMw-TE_000001_000011.mp4,playing tennis,246
7432,data/k400/train/1y5TqAErLj0_000004_000014.mp4,playing tennis,246
7433,data/k400/train/2AsUS7L5wVg_000002_000012.mp4,playing tennis,246
7434,data/k400/train/55butuOrZTc_000040_000050.mp4,playing tennis,246
7435,data/k400/train/5aEIjJ1AiMs_000118_000128.mp4,playing tennis,246
7436,data/k400/train/90ztYgGdmXI_000159_000169.mp4,playing tennis,246
7437,data/k400/train/9t5qJKX7hLE_000012_000022.mp4,playing tennis,246
7438,data/k400/train/HFGxmbyBQvM_000181_000191.mp4,playing tennis,246
7439,data/k400/train/J51oYDXGJPE_000041_000051.mp4,playing tennis,246
7440,data/k400/train/K5TkI34rLus_000055_000065.mp4,playing tennis,246
7441,data/k400/train/LUHZB7Kx7hE_000032_000042.mp4,playing tennis,246
7442,data/k400/train/LwV6PBE9dc8_000020_000030.mp4,playing tennis,246
7443,data/k400/train/MJOQezTlVKU_000062_000072.mp4,playing tennis,246
7444,data/k400/train/N0g4_uIFsPc_000271_000281.mp4,playing tennis,246
7445,data/k400/train/PP-l2p5PnBc_000007_000017.mp4,playing tennis,246
7446,data/k400/train/QISOzcR5B4s_000003_000013.mp4,playing tennis,246
7447,data/k400/train/Qfq0R6z8nCM_000029_000039.mp4,playing tennis,246
7448,data/k400/train/ReapbTRiv4w_000001_000011.mp4,playing tennis,246
7449,data/k400/train/RrxhC6ARuNA_000001_000011.mp4,playing tennis,246
7450,data/k400/train/SDLwIwg4118_000001_000011.mp4,playing tennis,246
7451,data/k400/train/SOgnhkNEuFY_000039_000049.mp4,playing tennis,246
7452,data/k400/train/T3Q10NrKG8k_000036_000046.mp4,playing tennis,246
7453,data/k400/train/TqIF2D250GI_000119_000129.mp4,playing tennis,246
7454,data/k400/train/UOUJvfw0ykY_000042_000052.mp4,playing tennis,246
7455,data/k400/train/VPoR2j37ZSs_000000_000010.mp4,playing tennis,246
7456,data/k400/train/W9QrPtfD72Y_000002_000012.mp4,playing tennis,246
7457,data/k400/train/X0FyN4EKP1g_000001_000011.mp4,playing tennis,246
7458,data/k400/train/XO096Hx7wjc_000083_000093.mp4,playing tennis,246
7459,data/k400/train/XvfqE4Z-wCY_000003_000013.mp4,playing tennis,246
7460,data/k400/train/YHweGr_0e6s_000043_000053.mp4,playing tennis,246
7461,data/k400/train/ZnXcjrllWPw_000016_000026.mp4,playing tennis,246
7462,data/k400/train/g0pKYv_X4tk_000024_000034.mp4,playing tennis,246
7463,data/k400/train/ijpnUOo_pyQ_000091_000101.mp4,playing tennis,246
7464,data/k400/train/irWWnEAID5U_000008_000018.mp4,playing tennis,246
7465,data/k400/train/jbVVyj5sUOU_000012_000022.mp4,playing tennis,246
7466,data/k400/train/uby2dcP6cmw_000026_000036.mp4,playing tennis,246
7467,data/k400/train/vSQbfypOrRE_000001_000011.mp4,playing tennis,246
7468,data/k400/train/wrH6E-vCdPM_000016_000026.mp4,playing tennis,246
7469,data/k400/train/y4HWdPS2ipI_000074_000084.mp4,playing tennis,246
7470,data/k400/train/yek81NSN3ZY_000867_000877.mp4,playing tennis,246
7471,data/k400/train/zllbi0CI1BY_000012_000022.mp4,playing tennis,246
7472,data/k400/train/-dqkWTmUjT4_000007_000017.mp4,playing trombone,247
7473,data/k400/train/24Xfw39v6lU_000017_000027.mp4,playing trombone,247
7474,data/k400/train/2nIZGJVT7z0_000009_000019.mp4,playing trombone,247
7475,data/k400/train/2y4OTO3WpGg_000007_000017.mp4,playing trombone,247
7476,data/k400/train/3qBe-bbDn_s_000000_000010.mp4,playing trombone,247
7477,data/k400/train/5BLkkmh3mEk_000298_000308.mp4,playing trombone,247
7478,data/k400/train/6ob_FwPEXns_000051_000061.mp4,playing trombone,247
7479,data/k400/train/8UY19BhqS60_000006_000016.mp4,playing trombone,247
7480,data/k400/train/8payssKxlQo_000260_000270.mp4,playing trombone,247
7481,data/k400/train/CBYrPJVBjg8_000231_000241.mp4,playing trombone,247
7482,data/k400/train/DuKFQJVU9u4_000003_000013.mp4,playing trombone,247
7483,data/k400/train/KaQkgSNDtbU_000040_000050.mp4,playing trombone,247
7484,data/k400/train/NdipUtT1dvY_000073_000083.mp4,playing trombone,247
7485,data/k400/train/OBy1TwjgP8o_000004_000014.mp4,playing trombone,247
7486,data/k400/train/OKB9Fbcr6ik_000109_000119.mp4,playing trombone,247
7487,data/k400/train/P0ELTF4kToE_000030_000040.mp4,playing trombone,247
7488,data/k400/train/PftKLIWo5jQ_000261_000271.mp4,playing trombone,247
7489,data/k400/train/Pr1WrSJv-X4_000044_000054.mp4,playing trombone,247
7490,data/k400/train/QZhnOIK3JL0_000001_000011.mp4,playing trombone,247
7491,data/k400/train/RooJ26WinAA_000017_000027.mp4,playing trombone,247
7492,data/k400/train/SZOXpzGvaiI_000681_000691.mp4,playing trombone,247
7493,data/k400/train/UYaekYLuVBs_000046_000056.mp4,playing trombone,247
7494,data/k400/train/WiGtHOINGRE_000112_000122.mp4,playing trombone,247
7495,data/k400/train/WuKxTzU3OcE_000006_000016.mp4,playing trombone,247
7496,data/k400/train/XDQIHpRB6PY_000039_000049.mp4,playing trombone,247
7497,data/k400/train/YcM7Heef7YY_000009_000019.mp4,playing trombone,247
7498,data/k400/train/Yg5JlneDMyc_000000_000010.mp4,playing trombone,247
7499,data/k400/train/_LBVPwfdGEo_000009_000019.mp4,playing trombone,247
7500,data/k400/train/_glf345Z7D8_000009_000019.mp4,playing trombone,247
7501,data/k400/train/_uQxCY1MrT0_000246_000256.mp4,playing trombone,247
7502,data/k400/train/bJAD0lu13GI_000014_000024.mp4,playing trombone,247
7503,data/k400/train/c6CS0ArnVZE_000060_000070.mp4,playing trombone,247
7504,data/k400/train/chc7dbiZGoE_000012_000022.mp4,playing trombone,247
7505,data/k400/train/czJ7iasgOFE_000004_000014.mp4,playing trombone,247
7506,data/k400/train/eioO7MvNJ_A_000016_000026.mp4,playing trombone,247
7507,data/k400/train/hwMZ1uo-3uY_000048_000058.mp4,playing trombone,247
7508,data/k400/train/jChZvIDWTmk_000046_000056.mp4,playing trombone,247
7509,data/k400/train/jYsvotQE7k8_000000_000010.mp4,playing trombone,247
7510,data/k400/train/lLnQC8NdSEc_000004_000014.mp4,playing trombone,247
7511,data/k400/train/lqAMLQIwOpY_000080_000090.mp4,playing trombone,247
7512,data/k400/train/lyWNZA7eb_E_000010_000020.mp4,playing trombone,247
7513,data/k400/train/mXNLGR26GwQ_000021_000031.mp4,playing trombone,247
7514,data/k400/train/pwTWqscTUic_000246_000256.mp4,playing trombone,247
7515,data/k400/train/scOAMzZQWU4_000486_000496.mp4,playing trombone,247
7516,data/k400/train/vD85bgqCZpc_000048_000058.mp4,playing trombone,247
7517,data/k400/train/vFG2YM7ojjc_000004_000014.mp4,playing trombone,247
7518,data/k400/train/vraF_JinxHc_000021_000031.mp4,playing trombone,247
7519,data/k400/train/w6rZk01h9ak_000154_000164.mp4,playing trombone,247
7520,data/k400/train/xPc1FsBNvD0_000645_000655.mp4,playing trombone,247
7521,data/k400/train/ybQbHUKGqKw_000036_000046.mp4,playing trombone,247
7522,data/k400/train/zEnDkPv29wc_000050_000060.mp4,playing trombone,247
7523,data/k400/train/1ixinlJHykc_000028_000038.mp4,playing trumpet,248
7524,data/k400/train/6XryIwHLhxs_000014_000024.mp4,playing trumpet,248
7525,data/k400/train/7rBOU8i5VCM_000003_000013.mp4,playing trumpet,248
7526,data/k400/train/8UbVzLCNH5g_000010_000020.mp4,playing trumpet,248
7527,data/k400/train/8VAP71ZI2R4_000413_000423.mp4,playing trumpet,248
7528,data/k400/train/9zPSvQlQh5k_000003_000013.mp4,playing trumpet,248
7529,data/k400/train/A_-4_2e01UU_000025_000035.mp4,playing trumpet,248
7530,data/k400/train/Cqu_99txtpY_000211_000221.mp4,playing trumpet,248
7531,data/k400/train/DeXre9LPQnk_000024_000034.mp4,playing trumpet,248
7532,data/k400/train/I16owkW47qM_000030_000040.mp4,playing trumpet,248
7533,data/k400/train/I3nww24t18g_000004_000014.mp4,playing trumpet,248
7534,data/k400/train/JFDtFx5yBLo_000026_000036.mp4,playing trumpet,248
7535,data/k400/train/LLuomNwCvzQ_000003_000013.mp4,playing trumpet,248
7536,data/k400/train/LOY73gPdEmU_000034_000044.mp4,playing trumpet,248
7537,data/k400/train/MbouzVC0XkU_000169_000179.mp4,playing trumpet,248
7538,data/k400/train/N4daagpgcGc_000135_000145.mp4,playing trumpet,248
7539,data/k400/train/NWr0yaQQ4hs_000000_000010.mp4,playing trumpet,248
7540,data/k400/train/PSc21okftWU_000000_000010.mp4,playing trumpet,248
7541,data/k400/train/PSlILYFkKfI_000001_000011.mp4,playing trumpet,248
7542,data/k400/train/Qhs5eTwMSew_000111_000121.mp4,playing trumpet,248
7543,data/k400/train/Vnj_oy9YuS4_000000_000010.mp4,playing trumpet,248
7544,data/k400/train/WLRQ_vfmFWM_000091_000101.mp4,playing trumpet,248
7545,data/k400/train/YYIisuPvS9o_000046_000056.mp4,playing trumpet,248
7546,data/k400/train/YpSSOHnovLs_000002_000012.mp4,playing trumpet,248
7547,data/k400/train/cSHV6v3tJyw_000013_000023.mp4,playing trumpet,248
7548,data/k400/train/cnLLtfrE4S0_000096_000106.mp4,playing trumpet,248
7549,data/k400/train/ctpFgOSVlXU_000004_000014.mp4,playing trumpet,248
7550,data/k400/train/di24EiHihQ8_000001_000011.mp4,playing trumpet,248
7551,data/k400/train/duI4cyPmpx4_000003_000013.mp4,playing trumpet,248
7552,data/k400/train/eu88vXJGGBg_000057_000067.mp4,playing trumpet,248
7553,data/k400/train/g295Y8wuo7w_000024_000034.mp4,playing trumpet,248
7554,data/k400/train/g4FmsZ9Lfh8_000010_000020.mp4,playing trumpet,248
7555,data/k400/train/iYAsW349guw_000000_000010.mp4,playing trumpet,248
7556,data/k400/train/qSUB12ZC11s_000043_000053.mp4,playing trumpet,248
7557,data/k400/train/rFQgwE_gg2s_000001_000011.mp4,playing trumpet,248
7558,data/k400/train/tCjvrv9mO9g_000111_000121.mp4,playing trumpet,248
7559,data/k400/train/w8Y9mZrLCNE_000006_000016.mp4,playing trumpet,248
7560,data/k400/train/-aQSJ0W8wow_000026_000036.mp4,playing ukulele,249
7561,data/k400/train/-jfMbYDGLZc_000013_000023.mp4,playing ukulele,249
7562,data/k400/train/03FKtpwxQ9c_000172_000182.mp4,playing ukulele,249
7563,data/k400/train/2Dn_pVLc750_000026_000036.mp4,playing ukulele,249
7564,data/k400/train/2Z8IMK67e1c_000006_000016.mp4,playing ukulele,249
7565,data/k400/train/47gQ5nN1LIc_000103_000113.mp4,playing ukulele,249
7566,data/k400/train/504mSzDPsfU_000003_000013.mp4,playing ukulele,249
7567,data/k400/train/52gFdanyVGw_000137_000147.mp4,playing ukulele,249
7568,data/k400/train/57VUWY-nShs_000000_000010.mp4,playing ukulele,249
7569,data/k400/train/61C4TPNs7iA_000052_000062.mp4,playing ukulele,249
7570,data/k400/train/6dJMoBRafaI_000007_000017.mp4,playing ukulele,249
7571,data/k400/train/6jTF9fabiIM_000043_000053.mp4,playing ukulele,249
7572,data/k400/train/ED6PGnm6rQ0_000001_000011.mp4,playing ukulele,249
7573,data/k400/train/FGa-WgtPsI8_000023_000033.mp4,playing ukulele,249
7574,data/k400/train/FIbApM_C9DQ_000006_000016.mp4,playing ukulele,249
7575,data/k400/train/FPLUL6g0ZdE_000057_000067.mp4,playing ukulele,249
7576,data/k400/train/ImWF-wyEDfI_000174_000184.mp4,playing ukulele,249
7577,data/k400/train/K7vUeGNm0rs_000054_000064.mp4,playing ukulele,249
7578,data/k400/train/KYJV0RAx2O8_000017_000027.mp4,playing ukulele,249
7579,data/k400/train/N78i3aYg7mA_000017_000027.mp4,playing ukulele,249
7580,data/k400/train/PAwzmJs6bV8_000007_000017.mp4,playing ukulele,249
7581,data/k400/train/QMi3xarwLuM_000016_000026.mp4,playing ukulele,249
7582,data/k400/train/XaTnnouht6w_000007_000017.mp4,playing ukulele,249
7583,data/k400/train/YQmK9GjY51g_000029_000039.mp4,playing ukulele,249
7584,data/k400/train/YsR2Ep_wT0o_000010_000020.mp4,playing ukulele,249
7585,data/k400/train/Yz2UVa0E5CA_000000_000010.mp4,playing ukulele,249
7586,data/k400/train/cjlellPePbU_000015_000025.mp4,playing ukulele,249
7587,data/k400/train/gHMbOI5xWWg_000155_000165.mp4,playing ukulele,249
7588,data/k400/train/hfMKflyFUXM_000051_000061.mp4,playing ukulele,249
7589,data/k400/train/jg3B4jRLGfQ_000004_000014.mp4,playing ukulele,249
7590,data/k400/train/k1GONXFI-Hg_000068_000078.mp4,playing ukulele,249
7591,data/k400/train/kVYsPyZ-1Ek_000192_000202.mp4,playing ukulele,249
7592,data/k400/train/l3HTTGTlG0Q_000057_000067.mp4,playing ukulele,249
7593,data/k400/train/lPysU-S4ews_000055_000065.mp4,playing ukulele,249
7594,data/k400/train/l_cftvgjtjY_000168_000178.mp4,playing ukulele,249
7595,data/k400/train/sMxItSwN5Ck_000409_000419.mp4,playing ukulele,249
7596,data/k400/train/soVWcQpCzBM_000004_000014.mp4,playing ukulele,249
7597,data/k400/train/uakgNy3Ywds_000000_000010.mp4,playing ukulele,249
7598,data/k400/train/yQC-OmwSKuo_000027_000037.mp4,playing ukulele,249
7599,data/k400/train/z7x9ABG-3Ws_000067_000077.mp4,playing ukulele,249
7600,data/k400/train/zdbyadJfAP0_000005_000015.mp4,playing ukulele,249
7601,data/k400/train/0_VnOtSrsow_000032_000042.mp4,playing violin,250
7602,data/k400/train/10T4WAeMi4I_000019_000029.mp4,playing violin,250
7603,data/k400/train/3Hk4_wD_c98_000104_000114.mp4,playing violin,250
7604,data/k400/train/3JPLGE_Hq2Y_000081_000091.mp4,playing violin,250
7605,data/k400/train/4cWZb8uoVlk_000092_000102.mp4,playing violin,250
7606,data/k400/train/62dh0oXHgPw_000001_000011.mp4,playing violin,250
7607,data/k400/train/6AG30hqDAlw_000007_000017.mp4,playing violin,250
7608,data/k400/train/6fnMWnT1wCs_000009_000019.mp4,playing violin,250
7609,data/k400/train/D3eWQhuQZXI_000042_000052.mp4,playing violin,250
7610,data/k400/train/DxsqObA6rjI_000002_000012.mp4,playing violin,250
7611,data/k400/train/FMQxOIGcnb8_000044_000054.mp4,playing violin,250
7612,data/k400/train/GnueJsTVBkg_000195_000205.mp4,playing violin,250
7613,data/k400/train/GuStu02AabE_000020_000030.mp4,playing violin,250
7614,data/k400/train/HWYcSIx3eEg_000105_000115.mp4,playing violin,250
7615,data/k400/train/INR16ngaL7U_000003_000013.mp4,playing violin,250
7616,data/k400/train/J61_mDZZYPg_000047_000057.mp4,playing violin,250
7617,data/k400/train/KauQHhlJwU4_000252_000262.mp4,playing violin,250
7618,data/k400/train/MSF2r6_0mmU_000042_000052.mp4,playing violin,250
7619,data/k400/train/MikbleaFA8Y_000023_000033.mp4,playing violin,250
7620,data/k400/train/Oz6ASKz7anA_000060_000070.mp4,playing violin,250
7621,data/k400/train/SvYwmsjVZDU_000073_000083.mp4,playing violin,250
7622,data/k400/train/TNA74w0Vnjc_000014_000024.mp4,playing violin,250
7623,data/k400/train/VOrc4AI_m7g_000141_000151.mp4,playing violin,250
7624,data/k400/train/XIKPHsVyxKs_000190_000200.mp4,playing violin,250
7625,data/k400/train/XQkZp88pMrg_000122_000132.mp4,playing violin,250
7626,data/k400/train/YXhAj710Yk8_000109_000119.mp4,playing violin,250
7627,data/k400/train/ZLADlDuyqfk_001268_001278.mp4,playing violin,250
7628,data/k400/train/ZnW3a3b8q24_000033_000043.mp4,playing violin,250
7629,data/k400/train/aTxftlV3QPI_000016_000026.mp4,playing violin,250
7630,data/k400/train/bJxvS4rNVvU_000042_000052.mp4,playing violin,250
7631,data/k400/train/dGQZeff9GhU_000006_000016.mp4,playing violin,250
7632,data/k400/train/dgOmq8AHSKc_000001_000011.mp4,playing violin,250
7633,data/k400/train/duHHRWryerU_000031_000041.mp4,playing violin,250
7634,data/k400/train/ef5PdLRMxxs_000002_000012.mp4,playing violin,250
7635,data/k400/train/hA0NT_uR7CE_000061_000071.mp4,playing violin,250
7636,data/k400/train/hI5arzbL2Is_000024_000034.mp4,playing violin,250
7637,data/k400/train/iNenzdaZq0Y_000312_000322.mp4,playing violin,250
7638,data/k400/train/jDXVRwanLSY_000049_000059.mp4,playing violin,250
7639,data/k400/train/je8ypW-9e4Q_000093_000103.mp4,playing violin,250
7640,data/k400/train/lWonJR_rxEQ_000063_000073.mp4,playing violin,250
7641,data/k400/train/mdSpiEbYZds_000210_000220.mp4,playing violin,250
7642,data/k400/train/mghq8L1m-bw_000005_000015.mp4,playing violin,250
7643,data/k400/train/nJagW-LI_4Q_000052_000062.mp4,playing violin,250
7644,data/k400/train/oUaqZwDvIyI_000029_000039.mp4,playing violin,250
7645,data/k400/train/rTUzA-dpWas_000119_000129.mp4,playing violin,250
7646,data/k400/train/uKcVS8GPMTE_000000_000010.mp4,playing violin,250
7647,data/k400/train/ugKxItq51LI_000000_000010.mp4,playing violin,250
7648,data/k400/train/vdqHm-dkcUE_000035_000045.mp4,playing violin,250
7649,data/k400/train/wHRHS7_4J_s_000028_000038.mp4,playing violin,250
7650,data/k400/train/xNwqjIMchhQ_000028_000038.mp4,playing violin,250
7651,data/k400/train/z9Lr-_NOmec_000020_000030.mp4,playing violin,250
7652,data/k400/train/zEwO13qDASw_000044_000054.mp4,playing violin,250
7653,data/k400/train/zbR9G22OyKk_000057_000067.mp4,playing violin,250
7654,data/k400/train/0MBKfqB68vA_000122_000132.mp4,playing volleyball,251
7655,data/k400/train/21jVEzgF3pc_000001_000011.mp4,playing volleyball,251
7656,data/k400/train/2CwvMQKQBh8_000003_000013.mp4,playing volleyball,251
7657,data/k400/train/4vG0rRiwNzQ_000011_000021.mp4,playing volleyball,251
7658,data/k400/train/9B0z6SJJ678_000001_000011.mp4,playing volleyball,251
7659,data/k400/train/9zdKKiV4ie8_000008_000018.mp4,playing volleyball,251
7660,data/k400/train/ESqw91xg68M_000000_000010.mp4,playing volleyball,251
7661,data/k400/train/EcDdCumeWgo_000007_000017.mp4,playing volleyball,251
7662,data/k400/train/FkMCEMMXZ30_000021_000031.mp4,playing volleyball,251
7663,data/k400/train/FxMnawBl8-Y_000037_000047.mp4,playing volleyball,251
7664,data/k400/train/HvX4VjX5qVc_000051_000061.mp4,playing volleyball,251
7665,data/k400/train/JapT-ASJlX0_000139_000149.mp4,playing volleyball,251
7666,data/k400/train/LB7tl6lJx20_000040_000050.mp4,playing volleyball,251
7667,data/k400/train/NfH3O4Szxvo_000073_000083.mp4,playing volleyball,251
7668,data/k400/train/OP8VpCzJ3s8_000020_000030.mp4,playing volleyball,251
7669,data/k400/train/Po7fahveXoM_000214_000224.mp4,playing volleyball,251
7670,data/k400/train/Qpcft3KmsH4_000056_000066.mp4,playing volleyball,251
7671,data/k400/train/SY0oOZNcCeE_000026_000036.mp4,playing volleyball,251
7672,data/k400/train/TBqQ92v6XiM_000227_000237.mp4,playing volleyball,251
7673,data/k400/train/TQ5QVrYEuvg_000184_000194.mp4,playing volleyball,251
7674,data/k400/train/VvPMV59IdcQ_000000_000010.mp4,playing volleyball,251
7675,data/k400/train/c1-bc4lR8GM_000003_000013.mp4,playing volleyball,251
7676,data/k400/train/gkKNQ1zLXL4_000339_000349.mp4,playing volleyball,251
7677,data/k400/train/gqIE7PS7PfY_000110_000120.mp4,playing volleyball,251
7678,data/k400/train/iXlG5HmLVV8_000012_000022.mp4,playing volleyball,251
7679,data/k400/train/nROvVwx47no_000047_000057.mp4,playing volleyball,251
7680,data/k400/train/pOJgdxZ1-4A_000054_000064.mp4,playing volleyball,251
7681,data/k400/train/qY6PrufkbO0_000135_000145.mp4,playing volleyball,251
7682,data/k400/train/rhCzmpQhkv0_000132_000142.mp4,playing volleyball,251
7683,data/k400/train/tFs2SfZ6kvo_000000_000010.mp4,playing volleyball,251
7684,data/k400/train/uGCDSCuBJmo_000262_000272.mp4,playing volleyball,251
7685,data/k400/train/076ONYZBWDs_000000_000010.mp4,playing xylophone,252
7686,data/k400/train/0mFo7i_SRc4_000009_000019.mp4,playing xylophone,252
7687,data/k400/train/55DiOLAr0xA_000010_000020.mp4,playing xylophone,252
7688,data/k400/train/62I5M9jwJEA_000007_000017.mp4,playing xylophone,252
7689,data/k400/train/CL8RGaehVoM_000086_000096.mp4,playing xylophone,252
7690,data/k400/train/DJ9602dz2Zo_000089_000099.mp4,playing xylophone,252
7691,data/k400/train/G0DDZPJdLUY_000029_000039.mp4,playing xylophone,252
7692,data/k400/train/KIhyh45bzxw_000006_000016.mp4,playing xylophone,252
7693,data/k400/train/KLIDc4NwE84_000097_000107.mp4,playing xylophone,252
7694,data/k400/train/KfkSOJr_aE4_000002_000012.mp4,playing xylophone,252
7695,data/k400/train/PQu79FMVFJw_000189_000199.mp4,playing xylophone,252
7696,data/k400/train/QbwqnK7iw2E_000253_000263.mp4,playing xylophone,252
7697,data/k400/train/TdjMCK4AghU_000098_000108.mp4,playing xylophone,252
7698,data/k400/train/Y4yn5jhAB1g_000003_000013.mp4,playing xylophone,252
7699,data/k400/train/YLydasfrNys_000000_000010.mp4,playing xylophone,252
7700,data/k400/train/bCBgx0UgVyQ_000145_000155.mp4,playing xylophone,252
7701,data/k400/train/d-tiG024BFo_000128_000138.mp4,playing xylophone,252
7702,data/k400/train/dk6I2Emn61E_000015_000025.mp4,playing xylophone,252
7703,data/k400/train/iyMECDBTq4Q_000015_000025.mp4,playing xylophone,252
7704,data/k400/train/lTICFYCgozA_000017_000027.mp4,playing xylophone,252
7705,data/k400/train/ly9eBuZlZcg_000011_000021.mp4,playing xylophone,252
7706,data/k400/train/nsk1eaMaWv0_000000_000010.mp4,playing xylophone,252
7707,data/k400/train/oDVcep-YVjs_000012_000022.mp4,playing xylophone,252
7708,data/k400/train/pQaUMVrh0hk_000036_000046.mp4,playing xylophone,252
7709,data/k400/train/pp9LxCHUlF8_000024_000034.mp4,playing xylophone,252
7710,data/k400/train/u4EDQyA8r6k_000000_000010.mp4,playing xylophone,252
7711,data/k400/train/u9Qlgx9FndI_000277_000287.mp4,playing xylophone,252
7712,data/k400/train/uEdVhuU_eO0_000007_000017.mp4,playing xylophone,252
7713,data/k400/train/ua-FNIXYncY_000014_000024.mp4,playing xylophone,252
7714,data/k400/train/w2OjS8Ph2ek_000001_000011.mp4,playing xylophone,252
7715,data/k400/train/ztscif_EU6g_000029_000039.mp4,playing xylophone,252
7716,data/k400/train/1JOxlQfwxrs_000182_000192.mp4,pole vault,253
7717,data/k400/train/3RXdbaDaAzc_000001_000011.mp4,pole vault,253
7718,data/k400/train/62RV8VPLKYg_000004_000014.mp4,pole vault,253
7719,data/k400/train/6CxI4-Na-XE_000004_000014.mp4,pole vault,253
7720,data/k400/train/8q-etkaXQM0_000005_000015.mp4,pole vault,253
7721,data/k400/train/9GzFYH_ndhI_000057_000067.mp4,pole vault,253
7722,data/k400/train/9LWuyyqowOk_000000_000010.mp4,pole vault,253
7723,data/k400/train/9WxDFzrcFNk_000011_000021.mp4,pole vault,253
7724,data/k400/train/Al9IyxIDRF4_000002_000012.mp4,pole vault,253
7725,data/k400/train/BqezYmZPwJY_000053_000063.mp4,pole vault,253
7726,data/k400/train/BuO4soHZzXE_000009_000019.mp4,pole vault,253
7727,data/k400/train/Dd6_n4cKpgU_000073_000083.mp4,pole vault,253
7728,data/k400/train/GVqGsuTGYDg_000000_000010.mp4,pole vault,253
7729,data/k400/train/IbNPX2TTSkQ_000004_000014.mp4,pole vault,253
7730,data/k400/train/IcXiyVQagg0_000002_000012.mp4,pole vault,253
7731,data/k400/train/J7VhTQ3n_BU_000003_000013.mp4,pole vault,253
7732,data/k400/train/KLyCuEyC3hU_000007_000017.mp4,pole vault,253
7733,data/k400/train/M0vpqOFtZ6o_000003_000013.mp4,pole vault,253
7734,data/k400/train/OI9E06RSkro_000123_000133.mp4,pole vault,253
7735,data/k400/train/Q5zoXCvqWBg_000015_000025.mp4,pole vault,253
7736,data/k400/train/R5lbqd94Fxw_000103_000113.mp4,pole vault,253
7737,data/k400/train/RCCmuLIB3Is_000006_000016.mp4,pole vault,253
7738,data/k400/train/Rr_SMtsiEsg_000004_000014.mp4,pole vault,253
7739,data/k400/train/S5UdOluGj34_000003_000013.mp4,pole vault,253
7740,data/k400/train/S8K4OWmtr_g_000002_000012.mp4,pole vault,253
7741,data/k400/train/SQZ34B0WMd0_000012_000022.mp4,pole vault,253
7742,data/k400/train/UAQrB6BVVo4_000000_000010.mp4,pole vault,253
7743,data/k400/train/V-s2cBeDDew_000003_000013.mp4,pole vault,253
7744,data/k400/train/V2V847H0myA_000004_000014.mp4,pole vault,253
7745,data/k400/train/VoxIigDy3RY_000001_000011.mp4,pole vault,253
7746,data/k400/train/cgVRmNBTJI4_000002_000012.mp4,pole vault,253
7747,data/k400/train/dCWNyB3cQ50_000001_000011.mp4,pole vault,253
7748,data/k400/train/dxQfEv6bRxI_000010_000020.mp4,pole vault,253
7749,data/k400/train/eBJGF5wBrV4_000004_000014.mp4,pole vault,253
7750,data/k400/train/eEqoiOmPMsE_000000_000010.mp4,pole vault,253
7751,data/k400/train/i0dscYDAKvo_000000_000010.mp4,pole vault,253
7752,data/k400/train/ijWWc9DcTTw_000173_000183.mp4,pole vault,253
7753,data/k400/train/j-8Q7mFJRHw_000024_000034.mp4,pole vault,253
7754,data/k400/train/jIYKR4qhuTE_000569_000579.mp4,pole vault,253
7755,data/k400/train/kKahO0smknE_000009_000019.mp4,pole vault,253
7756,data/k400/train/nvukJw1TGeA_000003_000013.mp4,pole vault,253
7757,data/k400/train/pQJx9ivLN1M_000002_000012.mp4,pole vault,253
7758,data/k400/train/pq4SbY-YDrE_000007_000017.mp4,pole vault,253
7759,data/k400/train/rrfkH-yvyRU_000011_000021.mp4,pole vault,253
7760,data/k400/train/ueS0WT9DC6g_000006_000016.mp4,pole vault,253
7761,data/k400/train/y0qLfH6Eb5E_000004_000014.mp4,pole vault,253
7762,data/k400/train/yjP6Nvs8YIU_000018_000028.mp4,pole vault,253
7763,data/k400/train/yvr1SMK15VM_000002_000012.mp4,pole vault,253
7764,data/k400/train/0PZucUHByXQ_000001_000011.mp4,presenting weather forecast,254
7765,data/k400/train/2N10AFADLSw_000289_000299.mp4,presenting weather forecast,254
7766,data/k400/train/2RYuLQibzdk_000096_000106.mp4,presenting weather forecast,254
7767,data/k400/train/4Wdv66eWP7A_000034_000044.mp4,presenting weather forecast,254
7768,data/k400/train/5YbWLps67Cs_000125_000135.mp4,presenting weather forecast,254
7769,data/k400/train/7VgAYSsumrw_000097_000107.mp4,presenting weather forecast,254
7770,data/k400/train/9BzL4IuCMco_000009_000019.mp4,presenting weather forecast,254
7771,data/k400/train/9NG1K1crlF8_000036_000046.mp4,presenting weather forecast,254
7772,data/k400/train/Alx5For8R4o_000026_000036.mp4,presenting weather forecast,254
7773,data/k400/train/BaQ3qDNQtxA_000022_000032.mp4,presenting weather forecast,254
7774,data/k400/train/E6UI6pfrvaU_000075_000085.mp4,presenting weather forecast,254
7775,data/k400/train/EeNDGdIrR3U_000019_000029.mp4,presenting weather forecast,254
7776,data/k400/train/G_9xhTYO1U0_000039_000049.mp4,presenting weather forecast,254
7777,data/k400/train/Gn4yNB3h7ow_000061_000071.mp4,presenting weather forecast,254
7778,data/k400/train/HQZOaW1IuRI_000008_000018.mp4,presenting weather forecast,254
7779,data/k400/train/HfDoQFBAWDA_000055_000065.mp4,presenting weather forecast,254
7780,data/k400/train/Hu3T8ceEsI4_000007_000017.mp4,presenting weather forecast,254
7781,data/k400/train/IYk8xmX2LqI_000076_000086.mp4,presenting weather forecast,254
7782,data/k400/train/JBWAyEvZmwI_000054_000064.mp4,presenting weather forecast,254
7783,data/k400/train/JePCb3X3_S0_000031_000041.mp4,presenting weather forecast,254
7784,data/k400/train/NUOjY_4Pk7k_000044_000054.mp4,presenting weather forecast,254
7785,data/k400/train/OM4ByPZeeYk_000098_000108.mp4,presenting weather forecast,254
7786,data/k400/train/Pkjfp4lcGas_000078_000088.mp4,presenting weather forecast,254
7787,data/k400/train/SrIgmPWYBK4_000018_000028.mp4,presenting weather forecast,254
7788,data/k400/train/TSyroJhOpc8_000133_000143.mp4,presenting weather forecast,254
7789,data/k400/train/UGKjfTiIIhE_000111_000121.mp4,presenting weather forecast,254
7790,data/k400/train/VYXN3i_HF50_000188_000198.mp4,presenting weather forecast,254
7791,data/k400/train/XDPS7d3cQc0_000155_000165.mp4,presenting weather forecast,254
7792,data/k400/train/YS5Svxoqnaw_000098_000108.mp4,presenting weather forecast,254
7793,data/k400/train/ZG459UnpGr4_000078_000088.mp4,presenting weather forecast,254
7794,data/k400/train/_gmAgWVczzA_000007_000017.mp4,presenting weather forecast,254
7795,data/k400/train/aFNhcy3zaU0_000007_000017.mp4,presenting weather forecast,254
7796,data/k400/train/c3figQz8vcE_000026_000036.mp4,presenting weather forecast,254
7797,data/k400/train/cv9AljY7jUk_000019_000029.mp4,presenting weather forecast,254
7798,data/k400/train/cxFLGRt9lUM_000103_000113.mp4,presenting weather forecast,254
7799,data/k400/train/ixqELD6K9lY_000013_000023.mp4,presenting weather forecast,254
7800,data/k400/train/kOMVsh05LNY_000132_000142.mp4,presenting weather forecast,254
7801,data/k400/train/kRIfo3UUk8g_000169_000179.mp4,presenting weather forecast,254
7802,data/k400/train/phvO6DDSVs8_000003_000013.mp4,presenting weather forecast,254
7803,data/k400/train/qmtwigzbXxU_000031_000041.mp4,presenting weather forecast,254
7804,data/k400/train/u21ai-5GD9E_000147_000157.mp4,presenting weather forecast,254
7805,data/k400/train/wF8lBAW25TE_000019_000029.mp4,presenting weather forecast,254
7806,data/k400/train/yQaStoe6Ebk_000103_000113.mp4,presenting weather forecast,254
7807,data/k400/train/zSGkfQt9xxM_000112_000122.mp4,presenting weather forecast,254
7808,data/k400/train/zVrfOl9NoBk_000153_000163.mp4,presenting weather forecast,254
7809,data/k400/train/-LIa47tOfxM_000002_000012.mp4,pull ups,255
7810,data/k400/train/07HsM5RLBcw_000018_000028.mp4,pull ups,255
7811,data/k400/train/44kSTyjYCEs_000000_000010.mp4,pull ups,255
7812,data/k400/train/63M4BBkuG_E_000001_000011.mp4,pull ups,255
7813,data/k400/train/8Z8mOB-qUnE_000000_000010.mp4,pull ups,255
7814,data/k400/train/ATQrlQnb_ME_000009_000019.mp4,pull ups,255
7815,data/k400/train/AlDL4qnNIME_000006_000016.mp4,pull ups,255
7816,data/k400/train/AvS-tDkwNTc_000005_000015.mp4,pull ups,255
7817,data/k400/train/BPqvzpytRP4_000007_000017.mp4,pull ups,255
7818,data/k400/train/C60Wr-MAiV8_000004_000014.mp4,pull ups,255
7819,data/k400/train/CgWZGGXYwLE_000024_000034.mp4,pull ups,255
7820,data/k400/train/DZk3gJCoBiU_000018_000028.mp4,pull ups,255
7821,data/k400/train/DzkU3ox3dwA_000014_000024.mp4,pull ups,255
7822,data/k400/train/Il6VWZbrrHs_000001_000011.mp4,pull ups,255
7823,data/k400/train/OUOZ8MgyQmg_000002_000012.mp4,pull ups,255
7824,data/k400/train/Q_yq6B9eSI4_000032_000042.mp4,pull ups,255
7825,data/k400/train/S6udD0IlSRM_000012_000022.mp4,pull ups,255
7826,data/k400/train/TeZN7UBWeVw_000007_000017.mp4,pull ups,255
7827,data/k400/train/TwjQp0nsZ_s_000122_000132.mp4,pull ups,255
7828,data/k400/train/U4KuHaPqm6c_000026_000036.mp4,pull ups,255
7829,data/k400/train/UX890SrROhQ_000138_000148.mp4,pull ups,255
7830,data/k400/train/YWVwDBOHAIY_000010_000020.mp4,pull ups,255
7831,data/k400/train/YooYYX5Gitc_000026_000036.mp4,pull ups,255
7832,data/k400/train/_S9I5Nog0u8_000005_000015.mp4,pull ups,255
7833,data/k400/train/a1ohAnY9LEU_000060_000070.mp4,pull ups,255
7834,data/k400/train/aW5up94st6s_000014_000024.mp4,pull ups,255
7835,data/k400/train/cpW1p4_tiJs_000000_000010.mp4,pull ups,255
7836,data/k400/train/crBWD1_8H4Q_000002_000012.mp4,pull ups,255
7837,data/k400/train/cvcuLaZeG2A_000008_000018.mp4,pull ups,255
7838,data/k400/train/d98fcKPwIj8_000001_000011.mp4,pull ups,255
7839,data/k400/train/ffM5EQFULhw_000000_000010.mp4,pull ups,255
7840,data/k400/train/gHSL2cGguK8_000011_000021.mp4,pull ups,255
7841,data/k400/train/hVSz9HGAXgs_000198_000208.mp4,pull ups,255
7842,data/k400/train/hf0TzKCRqTw_000001_000011.mp4,pull ups,255
7843,data/k400/train/l6DYHNokffk_000003_000013.mp4,pull ups,255
7844,data/k400/train/lPBSkL2wf6A_000008_000018.mp4,pull ups,255
7845,data/k400/train/n-c8-jT99fE_000049_000059.mp4,pull ups,255
7846,data/k400/train/pIUhsnMj1DY_000008_000018.mp4,pull ups,255
7847,data/k400/train/q9QerhiDQEE_000001_000011.mp4,pull ups,255
7848,data/k400/train/rf9rgiPB-Z4_000005_000015.mp4,pull ups,255
7849,data/k400/train/sgDC_2nAwos_000093_000103.mp4,pull ups,255
7850,data/k400/train/tKY1YcY7moc_000001_000011.mp4,pull ups,255
7851,data/k400/train/uSzYBHbjLFI_000017_000027.mp4,pull ups,255
7852,data/k400/train/wDbO7F2tsDk_000151_000161.mp4,pull ups,255
7853,data/k400/train/whyljUAoLtQ_000017_000027.mp4,pull ups,255
7854,data/k400/train/xqIj9hlNT2k_000000_000010.mp4,pull ups,255
7855,data/k400/train/zjIFC2t1WCg_000001_000011.mp4,pull ups,255
7856,data/k400/train/2g5Y9-jETWk_000037_000047.mp4,pumping fist,256
7857,data/k400/train/42VwQ9gDUuk_000006_000016.mp4,pumping fist,256
7858,data/k400/train/5WKypR_maP4_000002_000012.mp4,pumping fist,256
7859,data/k400/train/6b5Pcz0BVGs_000000_000010.mp4,pumping fist,256
7860,data/k400/train/AHji-juuGU0_000044_000054.mp4,pumping fist,256
7861,data/k400/train/B8rWaerf92E_000036_000046.mp4,pumping fist,256
7862,data/k400/train/FXlgrZz1lpo_000006_000016.mp4,pumping fist,256
7863,data/k400/train/FspLqigPBC4_000001_000011.mp4,pumping fist,256
7864,data/k400/train/K9Kk6VbOHok_000010_000020.mp4,pumping fist,256
7865,data/k400/train/N7XbYJHePQU_000027_000037.mp4,pumping fist,256
7866,data/k400/train/PkD7sOsuTfc_000001_000011.mp4,pumping fist,256
7867,data/k400/train/R0S_bj-mR1w_000008_000018.mp4,pumping fist,256
7868,data/k400/train/RqQpaQSDiXg_000000_000010.mp4,pumping fist,256
7869,data/k400/train/V3uIUBFLc5g_000012_000022.mp4,pumping fist,256
7870,data/k400/train/VBgi79R4OvE_000003_000013.mp4,pumping fist,256
7871,data/k400/train/VbMT7MhLV-0_000010_000020.mp4,pumping fist,256
7872,data/k400/train/WkUAbv4IAQI_000001_000011.mp4,pumping fist,256
7873,data/k400/train/Y0XrFDLPiRA_000001_000011.mp4,pumping fist,256
7874,data/k400/train/Y1tP4JIk250_000031_000041.mp4,pumping fist,256
7875,data/k400/train/_IEXmtwnL1Y_000002_000012.mp4,pumping fist,256
7876,data/k400/train/_X5lC_k9xPo_000000_000010.mp4,pumping fist,256
7877,data/k400/train/_YRc74XW_PY_000001_000011.mp4,pumping fist,256
7878,data/k400/train/amztE2nfZv8_000003_000013.mp4,pumping fist,256
7879,data/k400/train/c6HjIP7TINo_000009_000019.mp4,pumping fist,256
7880,data/k400/train/da5TEesUTkE_000012_000022.mp4,pumping fist,256
7881,data/k400/train/dpbDA2Tiqnw_000007_000017.mp4,pumping fist,256
7882,data/k400/train/eF3Rr6Z3fH0_000007_000017.mp4,pumping fist,256
7883,data/k400/train/eM1e9XlD7kw_000013_000023.mp4,pumping fist,256
7884,data/k400/train/fTjJcPWNQq4_000015_000025.mp4,pumping fist,256
7885,data/k400/train/lcfdXiEqzJE_000031_000041.mp4,pumping fist,256
7886,data/k400/train/p9AhGtSaM0s_000004_000014.mp4,pumping fist,256
7887,data/k400/train/qNKpAIrLtmE_000006_000016.mp4,pumping fist,256
7888,data/k400/train/rTsVxTzjdBc_000076_000086.mp4,pumping fist,256
7889,data/k400/train/rfhLhLE4hOY_000000_000010.mp4,pumping fist,256
7890,data/k400/train/uOe0bkufkWA_000002_000012.mp4,pumping fist,256
7891,data/k400/train/vaJcJla3t9g_000041_000051.mp4,pumping fist,256
7892,data/k400/train/0qKUrMWSP7w_000004_000014.mp4,pumping gas,257
7893,data/k400/train/3-LqeQoaJgg_000004_000014.mp4,pumping gas,257
7894,data/k400/train/4RJoHJfy4NU_000015_000025.mp4,pumping gas,257
7895,data/k400/train/8XP8z3BucM4_000003_000013.mp4,pumping gas,257
7896,data/k400/train/MeQvQdO9Z5A_000002_000012.mp4,pumping gas,257
7897,data/k400/train/MfbTBZuyn_8_000004_000014.mp4,pumping gas,257
7898,data/k400/train/azx0MT65FFI_000000_000010.mp4,pumping gas,257
7899,data/k400/train/iXDZkitMSSU_000002_000012.mp4,pumping gas,257
7900,data/k400/train/oFp6GkUQz1Y_000002_000012.mp4,pumping gas,257
7901,data/k400/train/psiJZQqTyIQ_000034_000044.mp4,pumping gas,257
7902,data/k400/train/qES_qZB1yeg_000006_000016.mp4,pumping gas,257
7903,data/k400/train/rlM_L29cBas_000067_000077.mp4,pumping gas,257
7904,data/k400/train/sCeMuRPhGiA_000009_000019.mp4,pumping gas,257
7905,data/k400/train/ymB4BeF7PQE_000033_000043.mp4,pumping gas,257
7906,data/k400/train/-D43r4Xdp9o_000009_000019.mp4,punching bag,258
7907,data/k400/train/01syXbfLri0_000057_000067.mp4,punching bag,258
7908,data/k400/train/0IIcYytzUr8_000114_000124.mp4,punching bag,258
7909,data/k400/train/14-qN357cjE_000039_000049.mp4,punching bag,258
7910,data/k400/train/2ooVtQIIQKk_000009_000019.mp4,punching bag,258
7911,data/k400/train/4HcHfjR3_14_000130_000140.mp4,punching bag,258
7912,data/k400/train/4KUS-mSgyZA_000003_000013.mp4,punching bag,258
7913,data/k400/train/8gZ_PBR00LQ_000398_000408.mp4,punching bag,258
7914,data/k400/train/9hzc243nMV8_000002_000012.mp4,punching bag,258
7915,data/k400/train/9yXEZavmmRM_000005_000015.mp4,punching bag,258
7916,data/k400/train/CIV3qiCTdqQ_000027_000037.mp4,punching bag,258
7917,data/k400/train/CrIM9eM6b7Y_000040_000050.mp4,punching bag,258
7918,data/k400/train/D9cL3AMiF_k_000265_000275.mp4,punching bag,258
7919,data/k400/train/DtAh_dNJgpQ_000003_000013.mp4,punching bag,258
7920,data/k400/train/Fn2ZtCvAkxk_000002_000012.mp4,punching bag,258
7921,data/k400/train/FoDEAHzmkpM_000001_000011.mp4,punching bag,258
7922,data/k400/train/H2Pu66btEf8_000004_000014.mp4,punching bag,258
7923,data/k400/train/JyTcSSES5fM_000429_000439.mp4,punching bag,258
7924,data/k400/train/K7h1Ufr-7WQ_000163_000173.mp4,punching bag,258
7925,data/k400/train/MR7u0AapgkI_000083_000093.mp4,punching bag,258
7926,data/k400/train/Mdpt2-CuqS0_000002_000012.mp4,punching bag,258
7927,data/k400/train/NUQu4ZNAoUk_000159_000169.mp4,punching bag,258
7928,data/k400/train/NfDRZJjQ930_000016_000026.mp4,punching bag,258
7929,data/k400/train/OUyR8-sKZm8_000002_000012.mp4,punching bag,258
7930,data/k400/train/Oj4dDfxJQE8_000067_000077.mp4,punching bag,258
7931,data/k400/train/PCvB6efIj84_000003_000013.mp4,punching bag,258
7932,data/k400/train/PzfnQUPtlmI_000066_000076.mp4,punching bag,258
7933,data/k400/train/R6aoyVFXSTI_000046_000056.mp4,punching bag,258
7934,data/k400/train/SPzI-tx_XoQ_000080_000090.mp4,punching bag,258
7935,data/k400/train/SuSqw5i3zdk_000046_000056.mp4,punching bag,258
7936,data/k400/train/UYCVANNLowg_000236_000246.mp4,punching bag,258
7937,data/k400/train/V2oCzMSXQjI_000002_000012.mp4,punching bag,258
7938,data/k400/train/VID6969jpsg_000002_000012.mp4,punching bag,258
7939,data/k400/train/Xlg29mzAMZI_000032_000042.mp4,punching bag,258
7940,data/k400/train/Y6YkUUgwvz8_000164_000174.mp4,punching bag,258
7941,data/k400/train/ZOI-PDopmHc_000001_000011.mp4,punching bag,258
7942,data/k400/train/atkDR-LGYOQ_000047_000057.mp4,punching bag,258
7943,data/k400/train/bFkL6CW2JQA_000011_000021.mp4,punching bag,258
7944,data/k400/train/don9P-_EPx4_000004_000014.mp4,punching bag,258
7945,data/k400/train/gYxXKQwdwR0_000014_000024.mp4,punching bag,258
7946,data/k400/train/gfOIbU66_Gg_000068_000078.mp4,punching bag,258
7947,data/k400/train/iJruO-zUoxg_000004_000014.mp4,punching bag,258
7948,data/k400/train/ipuidNKch0s_000000_000010.mp4,punching bag,258
7949,data/k400/train/krvqkYF0pNk_000011_000021.mp4,punching bag,258
7950,data/k400/train/lFDmHLTiQPg_000062_000072.mp4,punching bag,258
7951,data/k400/train/mJMsRb9Kcbo_000004_000014.mp4,punching bag,258
7952,data/k400/train/mJdldUxrxEg_000000_000010.mp4,punching bag,258
7953,data/k400/train/oCPUQ9HFt7w_000000_000010.mp4,punching bag,258
7954,data/k400/train/szbp-WsOpLQ_000017_000027.mp4,punching bag,258
7955,data/k400/train/t6K-rScRa54_000004_000014.mp4,punching bag,258
7956,data/k400/train/u268FkFQP5E_000003_000013.mp4,punching bag,258
7957,data/k400/train/uFXyeYh69Yc_000000_000010.mp4,punching bag,258
7958,data/k400/train/v2hiTMwvNkw_000049_000059.mp4,punching bag,258
7959,data/k400/train/v4FflJAAGME_000002_000012.mp4,punching bag,258
7960,data/k400/train/wziuVUMsMXM_000001_000011.mp4,punching bag,258
7961,data/k400/train/1a-1F1IB5gQ_000125_000135.mp4,punching person (boxing),259
7962,data/k400/train/2RjPjJHGOrI_000131_000141.mp4,punching person (boxing),259
7963,data/k400/train/6wrlYmcj7rE_000033_000043.mp4,punching person (boxing),259
7964,data/k400/train/ChTbZf1UQ4g_000127_000137.mp4,punching person (boxing),259
7965,data/k400/train/MSdq83aow2Y_000120_000130.mp4,punching person (boxing),259
7966,data/k400/train/N8J2jdkdKjw_000034_000044.mp4,punching person (boxing),259
7967,data/k400/train/PZnkILaYHrw_000704_000714.mp4,punching person (boxing),259
7968,data/k400/train/S2pMotxltmc_000084_000094.mp4,punching person (boxing),259
7969,data/k400/train/TXNEXMMiWkA_000127_000137.mp4,punching person (boxing),259
7970,data/k400/train/XLP4T135vn0_000045_000055.mp4,punching person (boxing),259
7971,data/k400/train/_K_opSxRCc4_000081_000091.mp4,punching person (boxing),259
7972,data/k400/train/cazCZTYRtuc_000000_000010.mp4,punching person (boxing),259
7973,data/k400/train/eGHO2tzpXfg_000005_000015.mp4,punching person (boxing),259
7974,data/k400/train/jo2JxpcJ2BA_000058_000068.mp4,punching person (boxing),259
7975,data/k400/train/qqLXEyW-b_s_000216_000226.mp4,punching person (boxing),259
7976,data/k400/train/xhkRO6g8DPM_000013_000023.mp4,punching person (boxing),259
7977,data/k400/train/zvteQ0w70Ww_000123_000133.mp4,punching person (boxing),259
7978,data/k400/train/-JeVEX20-U0_000051_000061.mp4,push up,260
7979,data/k400/train/-n9bWTD0gBs_000038_000048.mp4,push up,260
7980,data/k400/train/-rIzgTPyzpk_000011_000021.mp4,push up,260
7981,data/k400/train/2zLotEoodhk_000043_000053.mp4,push up,260
7982,data/k400/train/EyobFLJAnGI_000000_000010.mp4,push up,260
7983,data/k400/train/NB5FFhNojNg_000000_000010.mp4,push up,260
7984,data/k400/train/PypiXtjgnbs_000000_000010.mp4,push up,260
7985,data/k400/train/SC-XC4jf_lY_000009_000019.mp4,push up,260
7986,data/k400/train/TbPl3MP9dCE_000074_000084.mp4,push up,260
7987,data/k400/train/Y8_lkwtM3pM_000073_000083.mp4,push up,260
7988,data/k400/train/_QT0bs27kDc_000013_000023.mp4,push up,260
7989,data/k400/train/a2LBOKwdPcQ_000001_000011.mp4,push up,260
7990,data/k400/train/bS3tKkxMUlM_000000_000010.mp4,push up,260
7991,data/k400/train/do1FiD81g9M_000048_000058.mp4,push up,260
7992,data/k400/train/gTl2l6spr9Y_000010_000020.mp4,push up,260
7993,data/k400/train/nownoHeS1o0_000048_000058.mp4,push up,260
7994,data/k400/train/oqaDD6XdBg4_000055_000065.mp4,push up,260
7995,data/k400/train/rIpbywLZjYk_000000_000010.mp4,push up,260
7996,data/k400/train/rUgILOU51N8_000032_000042.mp4,push up,260
7997,data/k400/train/w2haA2mouos_000002_000012.mp4,push up,260
7998,data/k400/train/y2vYUE4UK-Y_000170_000180.mp4,push up,260
7999,data/k400/train/zffxVv0LCz8_000102_000112.mp4,push up,260
8000,data/k400/train/0N2f5gIBGEM_000007_000017.mp4,pushing car,261
8001,data/k400/train/2fnApQzXThM_000036_000046.mp4,pushing car,261
8002,data/k400/train/4XvfH-J9efw_000011_000021.mp4,pushing car,261
8003,data/k400/train/5V_ULAXQau0_000000_000010.mp4,pushing car,261
8004,data/k400/train/6d9uOCH8Y_U_000006_000016.mp4,pushing car,261
8005,data/k400/train/7XWx3B3-sTI_000102_000112.mp4,pushing car,261
8006,data/k400/train/81qxC0-KYWI_000003_000013.mp4,pushing car,261
8007,data/k400/train/94ry-q_LAw0_000001_000011.mp4,pushing car,261
8008,data/k400/train/BUmGgHH5BW0_000001_000011.mp4,pushing car,261
8009,data/k400/train/Bhjqot6X2mY_000004_000014.mp4,pushing car,261
8010,data/k400/train/C6VIsO5cH7c_000043_000053.mp4,pushing car,261
8011,data/k400/train/CUTjOwcv6E4_000012_000022.mp4,pushing car,261
8012,data/k400/train/CZAODQkMlZQ_000001_000011.mp4,pushing car,261
8013,data/k400/train/C_lz2TbKHjY_000002_000012.mp4,pushing car,261
8014,data/k400/train/DbsQ3CGHSDg_000002_000012.mp4,pushing car,261
8015,data/k400/train/F5KoZ3g5pmg_000003_000013.mp4,pushing car,261
8016,data/k400/train/FE7skij6Q2Q_000016_000026.mp4,pushing car,261
8017,data/k400/train/HzlX2GPZZeg_000108_000118.mp4,pushing car,261
8018,data/k400/train/Jy8P013WXKw_000000_000010.mp4,pushing car,261
8019,data/k400/train/KqD3XdJpROE_000152_000162.mp4,pushing car,261
8020,data/k400/train/NMjvDIBHqns_000003_000013.mp4,pushing car,261
8021,data/k400/train/OEPyiwHjyRw_000025_000035.mp4,pushing car,261
8022,data/k400/train/U4t4J7PFt9M_000053_000063.mp4,pushing car,261
8023,data/k400/train/Ufg08R2J21o_000005_000015.mp4,pushing car,261
8024,data/k400/train/VT_A1gfm31E_000010_000020.mp4,pushing car,261
8025,data/k400/train/WhUNjek4TmU_000000_000010.mp4,pushing car,261
8026,data/k400/train/XpGyuyAcUFk_000023_000033.mp4,pushing car,261
8027,data/k400/train/Y_VdxoYNBzo_000009_000019.mp4,pushing car,261
8028,data/k400/train/Z5DIBhynxoU_000001_000011.mp4,pushing car,261
8029,data/k400/train/ZZpvmCQqats_000044_000054.mp4,pushing car,261
8030,data/k400/train/Zb_aVvX-yuI_000024_000034.mp4,pushing car,261
8031,data/k400/train/_0o6F8Muh9Q_000002_000012.mp4,pushing car,261
8032,data/k400/train/aGhQKsuUyW8_000062_000072.mp4,pushing car,261
8033,data/k400/train/aNg0IRBZDFI_000000_000010.mp4,pushing car,261
8034,data/k400/train/aojl4rs6sXg_000057_000067.mp4,pushing car,261
8035,data/k400/train/eF6PfGPtMms_000007_000017.mp4,pushing car,261
8036,data/k400/train/gWIRvQKg6Zw_000008_000018.mp4,pushing car,261
8037,data/k400/train/hy2zXCh6omA_000031_000041.mp4,pushing car,261
8038,data/k400/train/kVKVuov4NEg_000046_000056.mp4,pushing car,261
8039,data/k400/train/nMCq2H9Z-8g_000003_000013.mp4,pushing car,261
8040,data/k400/train/pqmQpbemm8Q_000001_000011.mp4,pushing car,261
8041,data/k400/train/tL9krrwgZlQ_000042_000052.mp4,pushing car,261
8042,data/k400/train/ubkNpAd74YQ_000000_000010.mp4,pushing car,261
8043,data/k400/train/xn93fpE7QYw_000000_000010.mp4,pushing car,261
8044,data/k400/train/yatRmGOgKpk_000168_000178.mp4,pushing car,261
8045,data/k400/train/zqBJoDrjwlE_000008_000018.mp4,pushing car,261
8046,data/k400/train/0YpHgbmOnOc_000013_000023.mp4,pushing cart,262
8047,data/k400/train/3ZrVXXD4J5o_000045_000055.mp4,pushing cart,262
8048,data/k400/train/7SO67NPQYkE_000001_000011.mp4,pushing cart,262
8049,data/k400/train/9_plwKzAZ54_000001_000011.mp4,pushing cart,262
8050,data/k400/train/D4Z_n_9i0Es_000051_000061.mp4,pushing cart,262
8051,data/k400/train/FcdGaN23G6k_000000_000010.mp4,pushing cart,262
8052,data/k400/train/GNoalL-OtUw_000012_000022.mp4,pushing cart,262
8053,data/k400/train/KSRBxg9fMxo_000015_000025.mp4,pushing cart,262
8054,data/k400/train/MMnFvc7OpzQ_000001_000011.mp4,pushing cart,262
8055,data/k400/train/Mio9PXdmII8_000011_000021.mp4,pushing cart,262
8056,data/k400/train/Nm6YcSNwy6o_000004_000014.mp4,pushing cart,262
8057,data/k400/train/OOXVOSAHlmY_000032_000042.mp4,pushing cart,262
8058,data/k400/train/Oq8m6pQiz-g_000066_000076.mp4,pushing cart,262
8059,data/k400/train/P4s0spT3jLU_000000_000010.mp4,pushing cart,262
8060,data/k400/train/Pb3FC4pJWBM_000003_000013.mp4,pushing cart,262
8061,data/k400/train/Q9zA1oxxZ_w_000034_000044.mp4,pushing cart,262
8062,data/k400/train/RQzXFSeKO_w_000046_000056.mp4,pushing cart,262
8063,data/k400/train/UqyGw0531sE_000004_000014.mp4,pushing cart,262
8064,data/k400/train/XVa0xm9scxs_000000_000010.mp4,pushing cart,262
8065,data/k400/train/Xc7EwnHoRio_000028_000038.mp4,pushing cart,262
8066,data/k400/train/ZR2MQ-AEMIc_000026_000036.mp4,pushing cart,262
8067,data/k400/train/azzxhFPkhLc_000000_000010.mp4,pushing cart,262
8068,data/k400/train/cf-odKHcOds_000000_000010.mp4,pushing cart,262
8069,data/k400/train/d1z0FIpcrAo_000001_000011.mp4,pushing cart,262
8070,data/k400/train/d77CkwW5i-0_000011_000021.mp4,pushing cart,262
8071,data/k400/train/e7wLco1Fy68_000092_000102.mp4,pushing cart,262
8072,data/k400/train/eg_dgl6LMWs_000000_000010.mp4,pushing cart,262
8073,data/k400/train/ejm9gc45tIM_000030_000040.mp4,pushing cart,262
8074,data/k400/train/hJqLqMWYSqk_000187_000197.mp4,pushing cart,262
8075,data/k400/train/hbj0xshov5o_000010_000020.mp4,pushing cart,262
8076,data/k400/train/ihqsWyIxvUA_000003_000013.mp4,pushing cart,262
8077,data/k400/train/k05SVMOhYwI_000000_000010.mp4,pushing cart,262
8078,data/k400/train/l7qV5LQJtcc_000009_000019.mp4,pushing cart,262
8079,data/k400/train/p1M5w3ciyUo_000000_000010.mp4,pushing cart,262
8080,data/k400/train/pJT-KJsytBI_000032_000042.mp4,pushing cart,262
8081,data/k400/train/qvy00-ObbRs_000027_000037.mp4,pushing cart,262
8082,data/k400/train/stA2Qgnl_WA_000001_000011.mp4,pushing cart,262
8083,data/k400/train/tqAzzB7fMUk_000009_000019.mp4,pushing cart,262
8084,data/k400/train/uFUXbywWwCU_000027_000037.mp4,pushing cart,262
8085,data/k400/train/ujfuZXKf9w4_000016_000026.mp4,pushing cart,262
8086,data/k400/train/vwTqxx8G12Q_000140_000150.mp4,pushing cart,262
8087,data/k400/train/wodFvloga10_000003_000013.mp4,pushing cart,262
8088,data/k400/train/ymFqvYy1dpc_000017_000027.mp4,pushing cart,262
8089,data/k400/train/z-ouEA8kA0s_000009_000019.mp4,pushing cart,262
8090,data/k400/train/5VVInLTAURU_000139_000149.mp4,pushing wheelchair,263
8091,data/k400/train/9EyrJ_SomkM_000191_000201.mp4,pushing wheelchair,263
8092,data/k400/train/AZpNqxnn6Cg_000005_000015.mp4,pushing wheelchair,263
8093,data/k400/train/EdMohp_Nz9I_000001_000011.mp4,pushing wheelchair,263
8094,data/k400/train/GfUOJGC19jE_000103_000113.mp4,pushing wheelchair,263
8095,data/k400/train/GtpeMSjjxXk_000004_000014.mp4,pushing wheelchair,263
8096,data/k400/train/NgDIbamc31c_000020_000030.mp4,pushing wheelchair,263
8097,data/k400/train/OupDsVptuXA_000024_000034.mp4,pushing wheelchair,263
8098,data/k400/train/aAof2Aqb31A_000003_000013.mp4,pushing wheelchair,263
8099,data/k400/train/dOW66mx4crY_000228_000238.mp4,pushing wheelchair,263
8100,data/k400/train/eH82l-OEXcg_000159_000169.mp4,pushing wheelchair,263
8101,data/k400/train/oTdUXBDNOeM_000004_000014.mp4,pushing wheelchair,263
8102,data/k400/train/opMxI4WDXGA_000034_000044.mp4,pushing wheelchair,263
8103,data/k400/train/poFvKKofRTk_000023_000033.mp4,pushing wheelchair,263
8104,data/k400/train/uQ_IgVqhbS4_000126_000136.mp4,pushing wheelchair,263
8105,data/k400/train/vEJ-4o5X30k_000023_000033.mp4,pushing wheelchair,263
8106,data/k400/train/-htY-hAxcKM_000049_000059.mp4,reading book,264
8107,data/k400/train/1Ct5JVPONwY_000029_000039.mp4,reading book,264
8108,data/k400/train/1MvYfgPOAzI_000020_000030.mp4,reading book,264
8109,data/k400/train/2_hNHc1t2ds_000002_000012.mp4,reading book,264
8110,data/k400/train/36EeMWpiBj8_000062_000072.mp4,reading book,264
8111,data/k400/train/3sqasMy4czY_000014_000024.mp4,reading book,264
8112,data/k400/train/7t8xdVxVk-Q_000034_000044.mp4,reading book,264
8113,data/k400/train/8Q2m8wEM7HM_000608_000618.mp4,reading book,264
8114,data/k400/train/BIWeprBgjzg_000489_000499.mp4,reading book,264
8115,data/k400/train/Be8lmcmZcGU_000004_000014.mp4,reading book,264
8116,data/k400/train/EKzrDKwFbw0_000151_000161.mp4,reading book,264
8117,data/k400/train/GPQ56HfKwu0_000015_000025.mp4,reading book,264
8118,data/k400/train/Hvq6C7Fc5sY_000006_000016.mp4,reading book,264
8119,data/k400/train/IVbN0f7dO8U_000065_000075.mp4,reading book,264
8120,data/k400/train/LoJOY7_8f6k_000002_000012.mp4,reading book,264
8121,data/k400/train/PGY9BhVLzK4_000035_000045.mp4,reading book,264
8122,data/k400/train/PzfR1kQMESk_000192_000202.mp4,reading book,264
8123,data/k400/train/RwTV1QL4Ga4_000020_000030.mp4,reading book,264
8124,data/k400/train/Ry_OnBdgEzE_000895_000905.mp4,reading book,264
8125,data/k400/train/Y_M9Mxw9xfU_000153_000163.mp4,reading book,264
8126,data/k400/train/Ywl2Po2vmU4_000021_000031.mp4,reading book,264
8127,data/k400/train/__miopjdPvo_000005_000015.mp4,reading book,264
8128,data/k400/train/_c7ihJ4jlwk_000306_000316.mp4,reading book,264
8129,data/k400/train/aSU2Jh7MWEw_000128_000138.mp4,reading book,264
8130,data/k400/train/b_A9qfl1a50_000004_000014.mp4,reading book,264
8131,data/k400/train/fRhBdFGDVpQ_000189_000199.mp4,reading book,264
8132,data/k400/train/iFwuHqIh6W4_000086_000096.mp4,reading book,264
8133,data/k400/train/iLdWr7Rv0dE_000000_000010.mp4,reading book,264
8134,data/k400/train/iRs6ctVzIwY_000397_000407.mp4,reading book,264
8135,data/k400/train/icyntUbHGLo_000001_000011.mp4,reading book,264
8136,data/k400/train/irW5CXrME_M_000264_000274.mp4,reading book,264
8137,data/k400/train/krYerg97g3I_000076_000086.mp4,reading book,264
8138,data/k400/train/lzPvJ3Qa0Pg_000066_000076.mp4,reading book,264
8139,data/k400/train/m2Z-KlcSwQQ_000016_000026.mp4,reading book,264
8140,data/k400/train/pyjir5VLUqs_000000_000010.mp4,reading book,264
8141,data/k400/train/rZTGD3vxLas_000164_000174.mp4,reading book,264
8142,data/k400/train/sIAo8qxprWU_000061_000071.mp4,reading book,264
8143,data/k400/train/sK02WDucY1w_000043_000053.mp4,reading book,264
8144,data/k400/train/shbj0l9fTT8_000125_000135.mp4,reading book,264
8145,data/k400/train/t4VZP8PW_DM_000004_000014.mp4,reading book,264
8146,data/k400/train/tt7OVtRtogw_000154_000164.mp4,reading book,264
8147,data/k400/train/uOnO5IgWm5w_000046_000056.mp4,reading book,264
8148,data/k400/train/v8fH2l9K8_w_000047_000057.mp4,reading book,264
8149,data/k400/train/wp9tMUft8TM_000051_000061.mp4,reading book,264
8150,data/k400/train/xirgehbTzeo_000321_000331.mp4,reading book,264
8151,data/k400/train/yDm1Tnb-aic_000630_000640.mp4,reading book,264
8152,data/k400/train/yXltJIPTCno_000093_000103.mp4,reading book,264
8153,data/k400/train/yqbJh6kVLUg_000062_000072.mp4,reading book,264
8154,data/k400/train/2Z-xGLcdOIM_000015_000025.mp4,reading newspaper,265
8155,data/k400/train/5FxmDqFj-oA_000004_000014.mp4,reading newspaper,265
8156,data/k400/train/5jpXtwT7Enk_000011_000021.mp4,reading newspaper,265
8157,data/k400/train/6vZS95ajUlo_000001_000011.mp4,reading newspaper,265
8158,data/k400/train/8D1CmABt264_000011_000021.mp4,reading newspaper,265
8159,data/k400/train/Ap17liECvjY_000043_000053.mp4,reading newspaper,265
8160,data/k400/train/DSALzpAG4Ig_000014_000024.mp4,reading newspaper,265
8161,data/k400/train/EgfTYjC9HtM_000000_000010.mp4,reading newspaper,265
8162,data/k400/train/GRSsw0OvRpI_000002_000012.mp4,reading newspaper,265
8163,data/k400/train/K9FQifX4wRU_000000_000010.mp4,reading newspaper,265
8164,data/k400/train/MArletqDZ7A_000016_000026.mp4,reading newspaper,265
8165,data/k400/train/PgUXmNT8u2g_002449_002459.mp4,reading newspaper,265
8166,data/k400/train/QlyPASeNNsk_000052_000062.mp4,reading newspaper,265
8167,data/k400/train/bgEDDAxGouk_000048_000058.mp4,reading newspaper,265
8168,data/k400/train/c4jUriRPvU0_000002_000012.mp4,reading newspaper,265
8169,data/k400/train/l830IyBnf5s_000071_000081.mp4,reading newspaper,265
8170,data/k400/train/lEH0oQY6DR4_000007_000017.mp4,reading newspaper,265
8171,data/k400/train/qUjSgUYRKOA_000005_000015.mp4,reading newspaper,265
8172,data/k400/train/tIDM0BgjY4U_002696_002706.mp4,reading newspaper,265
8173,data/k400/train/vMAPZN6-RCk_000012_000022.mp4,reading newspaper,265
8174,data/k400/train/w27JRnATlSo_000001_000011.mp4,reading newspaper,265
8175,data/k400/train/xKV6dUVMtE0_000003_000013.mp4,reading newspaper,265
8176,data/k400/train/4w9-9LXEkPc_000005_000015.mp4,recording music,266
8177,data/k400/train/8KYpfTQnzIA_000041_000051.mp4,recording music,266
8178,data/k400/train/9CuZojfz-e8_000004_000014.mp4,recording music,266
8179,data/k400/train/ACnAUswsTZk_000088_000098.mp4,recording music,266
8180,data/k400/train/BOaU1sipu3U_000676_000686.mp4,recording music,266
8181,data/k400/train/FGQoOybCpIc_000071_000081.mp4,recording music,266
8182,data/k400/train/I-QFiGTZbCk_000175_000185.mp4,recording music,266
8183,data/k400/train/NNK0SelTnMw_000146_000156.mp4,recording music,266
8184,data/k400/train/_YCQgmYwPhM_000048_000058.mp4,recording music,266
8185,data/k400/train/eZidRoSJJ3k_000027_000037.mp4,recording music,266
8186,data/k400/train/wTwpVfpa8pA_000329_000339.mp4,recording music,266
8187,data/k400/train/wdxoG09kA1k_000025_000035.mp4,recording music,266
8188,data/k400/train/3k8T6GL_z50_000004_000014.mp4,riding a bike,267
8189,data/k400/train/9uMYKtV6C30_000018_000028.mp4,riding a bike,267
8190,data/k400/train/CTGugSZ2FCI_000007_000017.mp4,riding a bike,267
8191,data/k400/train/Pq-3GFQEe9M_000000_000010.mp4,riding a bike,267
8192,data/k400/train/SHlbuiHM-CY_000043_000053.mp4,riding a bike,267
8193,data/k400/train/b2j6er9tmgk_000564_000574.mp4,riding a bike,267
8194,data/k400/train/j5gKJfp4vOo_000118_000128.mp4,riding a bike,267
8195,data/k400/train/lwoKZ3-kriI_000001_000011.mp4,riding a bike,267
8196,data/k400/train/nVz8xDq8pIk_000070_000080.mp4,riding a bike,267
8197,data/k400/train/qw4le98O3N0_000000_000010.mp4,riding a bike,267
8198,data/k400/train/r_ulPsy2zMg_000035_000045.mp4,riding a bike,267
8199,data/k400/train/sy75RSgVaz4_000009_000019.mp4,riding a bike,267
8200,data/k400/train/whh_Ji_CEUM_000000_000010.mp4,riding a bike,267
8201,data/k400/train/1azVHxhCCU0_000011_000021.mp4,riding camel,268
8202,data/k400/train/1egUTe7R1Rg_000003_000013.mp4,riding camel,268
8203,data/k400/train/4c0OuNvHkAI_000000_000010.mp4,riding camel,268
8204,data/k400/train/6gTkONqcEc0_000051_000061.mp4,riding camel,268
8205,data/k400/train/6rxdq0ebecA_000016_000026.mp4,riding camel,268
8206,data/k400/train/A-1no3GyOsg_000020_000030.mp4,riding camel,268
8207,data/k400/train/EGh3LCQ4qWk_000061_000071.mp4,riding camel,268
8208,data/k400/train/KykdD8hlxn8_000020_000030.mp4,riding camel,268
8209,data/k400/train/NMiUokUwcmA_000001_000011.mp4,riding camel,268
8210,data/k400/train/Q7WJZ9u7Few_000000_000010.mp4,riding camel,268
8211,data/k400/train/TQtLyI62QYk_000008_000018.mp4,riding camel,268
8212,data/k400/train/UaipL3_wDII_000071_000081.mp4,riding camel,268
8213,data/k400/train/WOI-jNfzPTk_000007_000017.mp4,riding camel,268
8214,data/k400/train/_52-LFBpac4_000013_000023.mp4,riding camel,268
8215,data/k400/train/_ORlAt679u8_000073_000083.mp4,riding camel,268
8216,data/k400/train/bQzHIG5_BL4_000027_000037.mp4,riding camel,268
8217,data/k400/train/bZlk5ey_4vA_000711_000721.mp4,riding camel,268
8218,data/k400/train/bh8ZdTLYBI8_000049_000059.mp4,riding camel,268
8219,data/k400/train/f1TySt6bwxU_000032_000042.mp4,riding camel,268
8220,data/k400/train/fSKOOocKcb0_000011_000021.mp4,riding camel,268
8221,data/k400/train/kOCbGCqCJ0o_000004_000014.mp4,riding camel,268
8222,data/k400/train/mWjQ00Oqr5U_000029_000039.mp4,riding camel,268
8223,data/k400/train/nSrBgvG7yqo_000003_000013.mp4,riding camel,268
8224,data/k400/train/pVB-oZnr4V0_000053_000063.mp4,riding camel,268
8225,data/k400/train/q1tu5J4bEP0_000159_000169.mp4,riding camel,268
8226,data/k400/train/yIc68b3YEPQ_000045_000055.mp4,riding camel,268
8227,data/k400/train/ycl54Wh3HdA_000019_000029.mp4,riding camel,268
8228,data/k400/train/1m6idgqUb-U_000004_000014.mp4,riding elephant,269
8229,data/k400/train/3MQMYkqVyvQ_000000_000010.mp4,riding elephant,269
8230,data/k400/train/5X06rzAgwS8_000001_000011.mp4,riding elephant,269
8231,data/k400/train/6F4PPAFOscU_000000_000010.mp4,riding elephant,269
8232,data/k400/train/6Je0gxujLqw_000137_000147.mp4,riding elephant,269
8233,data/k400/train/6ZMaf4m_sYg_000032_000042.mp4,riding elephant,269
8234,data/k400/train/8TdleXIsShE_000064_000074.mp4,riding elephant,269
8235,data/k400/train/C2FzywGWDKU_000058_000068.mp4,riding elephant,269
8236,data/k400/train/CJ6J39Amsow_000100_000110.mp4,riding elephant,269
8237,data/k400/train/D0Y5sqEWn5Q_000016_000026.mp4,riding elephant,269
8238,data/k400/train/I1ggxB9IKg8_000067_000077.mp4,riding elephant,269
8239,data/k400/train/IlHdZeD6gqo_000010_000020.mp4,riding elephant,269
8240,data/k400/train/MXbc5ZrvPqw_000006_000016.mp4,riding elephant,269
8241,data/k400/train/NqPSIcKP7Fk_000045_000055.mp4,riding elephant,269
8242,data/k400/train/Qaqw7pQg63U_000071_000081.mp4,riding elephant,269
8243,data/k400/train/SC3Tm1BxWwk_000026_000036.mp4,riding elephant,269
8244,data/k400/train/Xxt-H-MkF5I_000004_000014.mp4,riding elephant,269
8245,data/k400/train/YUfR6QwfBiY_000014_000024.mp4,riding elephant,269
8246,data/k400/train/YtMK_Cwknw0_000137_000147.mp4,riding elephant,269
8247,data/k400/train/Zg4LCcou3Zw_000000_000010.mp4,riding elephant,269
8248,data/k400/train/_s9WPcplJ_8_000002_000012.mp4,riding elephant,269
8249,data/k400/train/b5fRNgpRmDQ_000014_000024.mp4,riding elephant,269
8250,data/k400/train/d5KL07jI9tA_000231_000241.mp4,riding elephant,269
8251,data/k400/train/ew6LjRb9C-o_000041_000051.mp4,riding elephant,269
8252,data/k400/train/i42cu_B-flc_000047_000057.mp4,riding elephant,269
8253,data/k400/train/iJ-nsGWtvGM_000011_000021.mp4,riding elephant,269
8254,data/k400/train/iYhSvz1jz_E_000106_000116.mp4,riding elephant,269
8255,data/k400/train/igsJf0v5-NA_000102_000112.mp4,riding elephant,269
8256,data/k400/train/ipgDIr1Yk-4_000012_000022.mp4,riding elephant,269
8257,data/k400/train/jQhK1NGSF40_000016_000026.mp4,riding elephant,269
8258,data/k400/train/jnkWg1ZWaf8_000000_000010.mp4,riding elephant,269
8259,data/k400/train/tTUu30lC9CM_000000_000010.mp4,riding elephant,269
8260,data/k400/train/waNAZEpoTwg_000017_000027.mp4,riding elephant,269
8261,data/k400/train/z8dtxhCW5xw_000019_000029.mp4,riding elephant,269
8262,data/k400/train/zuBCevHBYeU_000007_000017.mp4,riding elephant,269
8263,data/k400/train/-A22NLs1a2I_000014_000024.mp4,riding mechanical bull,270
8264,data/k400/train/2I-2N_0l6tY_000014_000024.mp4,riding mechanical bull,270
8265,data/k400/train/3kw1PddelPU_000034_000044.mp4,riding mechanical bull,270
8266,data/k400/train/58_D66AAmS8_000062_000072.mp4,riding mechanical bull,270
8267,data/k400/train/6WHnXmJcj1g_000001_000011.mp4,riding mechanical bull,270
8268,data/k400/train/7FueS5eapBo_000023_000033.mp4,riding mechanical bull,270
8269,data/k400/train/7qAkZ_m7BsQ_000013_000023.mp4,riding mechanical bull,270
8270,data/k400/train/A4bSO6mXbfs_000046_000056.mp4,riding mechanical bull,270
8271,data/k400/train/CzMMebLU044_000003_000013.mp4,riding mechanical bull,270
8272,data/k400/train/JxHeiFXpgUU_000007_000017.mp4,riding mechanical bull,270
8273,data/k400/train/LJDzbPFHROk_000033_000043.mp4,riding mechanical bull,270
8274,data/k400/train/NimA6m_dcsA_000029_000039.mp4,riding mechanical bull,270
8275,data/k400/train/PHk6AZKnhfE_000008_000018.mp4,riding mechanical bull,270
8276,data/k400/train/TX_JffM7n_Y_000008_000018.mp4,riding mechanical bull,270
8277,data/k400/train/ULkia3_sq4U_000106_000116.mp4,riding mechanical bull,270
8278,data/k400/train/W4WK9qL_mtc_000024_000034.mp4,riding mechanical bull,270
8279,data/k400/train/XlX8ThWBQbU_000003_000013.mp4,riding mechanical bull,270
8280,data/k400/train/Z65VXtFozHo_000039_000049.mp4,riding mechanical bull,270
8281,data/k400/train/_n-6kIVAMKs_000009_000019.mp4,riding mechanical bull,270
8282,data/k400/train/aTtFkKVCUbQ_000003_000013.mp4,riding mechanical bull,270
8283,data/k400/train/b276-SLD4Fw_000092_000102.mp4,riding mechanical bull,270
8284,data/k400/train/bz63jbbh7MM_000002_000012.mp4,riding mechanical bull,270
8285,data/k400/train/cxK1F9p6RHE_000028_000038.mp4,riding mechanical bull,270
8286,data/k400/train/feI0HSK9m_8_000035_000045.mp4,riding mechanical bull,270
8287,data/k400/train/jXPZInQlCzc_000008_000018.mp4,riding mechanical bull,270
8288,data/k400/train/mr-B2VGcjC4_000000_000010.mp4,riding mechanical bull,270
8289,data/k400/train/p1X7ujidEj0_000051_000061.mp4,riding mechanical bull,270
8290,data/k400/train/tQT56YUGYA8_000015_000025.mp4,riding mechanical bull,270
8291,data/k400/train/t_oOrgo3eWk_000001_000011.mp4,riding mechanical bull,270
8292,data/k400/train/w9arzJ5U1Gk_000002_000012.mp4,riding mechanical bull,270
8293,data/k400/train/wTeHUy8Ng5k_000050_000060.mp4,riding mechanical bull,270
8294,data/k400/train/ybW7Wy0AAjA_000073_000083.mp4,riding mechanical bull,270
8295,data/k400/train/zzDPQ_6OU1Q_000000_000010.mp4,riding mechanical bull,270
8296,data/k400/train/0ZEvj372rGk_000050_000060.mp4,riding mountain bike,271
8297,data/k400/train/8WekltZOmwY_000240_000250.mp4,riding mountain bike,271
8298,data/k400/train/CfEcQO3KuBo_000178_000188.mp4,riding mountain bike,271
8299,data/k400/train/IBsXnuBzz9I_000164_000174.mp4,riding mountain bike,271
8300,data/k400/train/ImBRZ3392o4_000092_000102.mp4,riding mountain bike,271
8301,data/k400/train/JzojOP4t_CM_000001_000011.mp4,riding mountain bike,271
8302,data/k400/train/NewcwdXd_zI_000090_000100.mp4,riding mountain bike,271
8303,data/k400/train/TUIK0UccYl8_000100_000110.mp4,riding mountain bike,271
8304,data/k400/train/aiN5bk0YA2s_000015_000025.mp4,riding mountain bike,271
8305,data/k400/train/c2RiQKfil8o_000055_000065.mp4,riding mountain bike,271
8306,data/k400/train/k3d0t90glgs_000116_000126.mp4,riding mountain bike,271
8307,data/k400/train/nKkM0ZG9j4c_000085_000095.mp4,riding mountain bike,271
8308,data/k400/train/tDuWYoU481Q_000117_000127.mp4,riding mountain bike,271
8309,data/k400/train/wYurO0xOy3w_000091_000101.mp4,riding mountain bike,271
8310,data/k400/train/1uRJcWNclIo_000016_000026.mp4,riding mule,272
8311,data/k400/train/40SoUIggUEw_000922_000932.mp4,riding mule,272
8312,data/k400/train/Bv1DmeYoMV8_000024_000034.mp4,riding mule,272
8313,data/k400/train/CW_7yHslc7g_000017_000027.mp4,riding mule,272
8314,data/k400/train/DsJlzWUf8Ug_000004_000014.mp4,riding mule,272
8315,data/k400/train/EUA_Kd-j7Ss_000017_000027.mp4,riding mule,272
8316,data/k400/train/HSI3hMgie8o_000005_000015.mp4,riding mule,272
8317,data/k400/train/LRsTKvL9wsw_000245_000255.mp4,riding mule,272
8318,data/k400/train/NrcJmaz_rrw_000030_000040.mp4,riding mule,272
8319,data/k400/train/S9SWS3dEAvU_000012_000022.mp4,riding mule,272
8320,data/k400/train/UvK4TBqrPr0_000010_000020.mp4,riding mule,272
8321,data/k400/train/VusmX_A020c_000000_000010.mp4,riding mule,272
8322,data/k400/train/_wFoUJYF7xE_000049_000059.mp4,riding mule,272
8323,data/k400/train/cfesh8ncAhg_000387_000397.mp4,riding mule,272
8324,data/k400/train/ePAt0xoz6KI_000227_000237.mp4,riding mule,272
8325,data/k400/train/iysSDfsQbJI_000078_000088.mp4,riding mule,272
8326,data/k400/train/jd2mz83CuhI_000018_000028.mp4,riding mule,272
8327,data/k400/train/pH_IDdCWcbY_000043_000053.mp4,riding mule,272
8328,data/k400/train/r_ACokozBi4_000024_000034.mp4,riding mule,272
8329,data/k400/train/xkKVzE0AL1g_000026_000036.mp4,riding mule,272
8330,data/k400/train/0BCcrjsLoMY_000475_000485.mp4,riding or walking with horse,273
8331,data/k400/train/4zBv51MKmqg_000030_000040.mp4,riding or walking with horse,273
8332,data/k400/train/6Ukmp1sBe8k_000047_000057.mp4,riding or walking with horse,273
8333,data/k400/train/6mktK3lhMsE_000002_000012.mp4,riding or walking with horse,273
8334,data/k400/train/7qJ7fZBatAs_000101_000111.mp4,riding or walking with horse,273
8335,data/k400/train/8H4I3S2brAw_000003_000013.mp4,riding or walking with horse,273
8336,data/k400/train/9b-6AFwPBp8_000001_000011.mp4,riding or walking with horse,273
8337,data/k400/train/BGqUIFZihO4_000012_000022.mp4,riding or walking with horse,273
8338,data/k400/train/BNZ_XXZyB1A_000125_000135.mp4,riding or walking with horse,273
8339,data/k400/train/Ck7koqvMUHI_000110_000120.mp4,riding or walking with horse,273
8340,data/k400/train/DKkbI2M79Vg_000334_000344.mp4,riding or walking with horse,273
8341,data/k400/train/DLPQF4MdItA_000103_000113.mp4,riding or walking with horse,273
8342,data/k400/train/H2tmz2DtePo_000090_000100.mp4,riding or walking with horse,273
8343,data/k400/train/HjIuq5sEKWg_000008_000018.mp4,riding or walking with horse,273
8344,data/k400/train/I3iHuOP-0Wc_000314_000324.mp4,riding or walking with horse,273
8345,data/k400/train/Jdf6n0O1bF4_000000_000010.mp4,riding or walking with horse,273
8346,data/k400/train/JjLHMEBWqzY_000027_000037.mp4,riding or walking with horse,273
8347,data/k400/train/M3oMqOuxUD0_000021_000031.mp4,riding or walking with horse,273
8348,data/k400/train/M8ImIdNXkao_000045_000055.mp4,riding or walking with horse,273
8349,data/k400/train/T6AYAcgYAao_000114_000124.mp4,riding or walking with horse,273
8350,data/k400/train/Un4n5EexivI_000015_000025.mp4,riding or walking with horse,273
8351,data/k400/train/XyVRl7qI2lU_000080_000090.mp4,riding or walking with horse,273
8352,data/k400/train/Y7i6eS6bM6w_000097_000107.mp4,riding or walking with horse,273
8353,data/k400/train/Zi6hXSZVKdE_000028_000038.mp4,riding or walking with horse,273
8354,data/k400/train/_7Ocj9gF-fg_000019_000029.mp4,riding or walking with horse,273
8355,data/k400/train/dpHMhqlY0ws_000408_000418.mp4,riding or walking with horse,273
8356,data/k400/train/dum8dfn6UmM_000029_000039.mp4,riding or walking with horse,273
8357,data/k400/train/e8iMwceXYa4_000037_000047.mp4,riding or walking with horse,273
8358,data/k400/train/flFkHq-7K4k_000004_000014.mp4,riding or walking with horse,273
8359,data/k400/train/hQRpRZM-F88_000017_000027.mp4,riding or walking with horse,273
8360,data/k400/train/hcwIWAT-hwg_000007_000017.mp4,riding or walking with horse,273
8361,data/k400/train/i6zBCuGimfw_000095_000105.mp4,riding or walking with horse,273
8362,data/k400/train/jB2bV2mltoA_000588_000598.mp4,riding or walking with horse,273
8363,data/k400/train/kcv1yawYLIU_000002_000012.mp4,riding or walking with horse,273
8364,data/k400/train/lR6LmcIHeqg_000028_000038.mp4,riding or walking with horse,273
8365,data/k400/train/m8npOc7O7-8_000031_000041.mp4,riding or walking with horse,273
8366,data/k400/train/nJfnIz9urTo_000017_000027.mp4,riding or walking with horse,273
8367,data/k400/train/oFsuwK5tMZ8_000115_000125.mp4,riding or walking with horse,273
8368,data/k400/train/opYVe3DvO40_000010_000020.mp4,riding or walking with horse,273
8369,data/k400/train/psD3aQqXJYY_000068_000078.mp4,riding or walking with horse,273
8370,data/k400/train/r8vbYWUzafs_000010_000020.mp4,riding or walking with horse,273
8371,data/k400/train/sTWaOzbzIt8_000192_000202.mp4,riding or walking with horse,273
8372,data/k400/train/t8_5b9Y-blU_000095_000105.mp4,riding or walking with horse,273
8373,data/k400/train/vKKWtT0X8ok_000000_000010.mp4,riding or walking with horse,273
8374,data/k400/train/yMGsbExzEQ0_000070_000080.mp4,riding or walking with horse,273
8375,data/k400/train/z3aP-06QcZg_000011_000021.mp4,riding or walking with horse,273
8376,data/k400/train/-oAQq6nmmy4_000007_000017.mp4,riding scooter,274
8377,data/k400/train/4UxPisPsvrE_000004_000014.mp4,riding scooter,274
8378,data/k400/train/6M6UrGyPclo_000250_000260.mp4,riding scooter,274
8379,data/k400/train/9zQk5ndnZZw_000029_000039.mp4,riding scooter,274
8380,data/k400/train/FRFN0tz1SZc_000088_000098.mp4,riding scooter,274
8381,data/k400/train/Fj04syhGcMM_000000_000010.mp4,riding scooter,274
8382,data/k400/train/KGke1Sq6I8Y_000157_000167.mp4,riding scooter,274
8383,data/k400/train/NoFRi4i1HxU_000011_000021.mp4,riding scooter,274
8384,data/k400/train/OC1c8ntxqcA_000000_000010.mp4,riding scooter,274
8385,data/k400/train/TGGSi4TAKZ0_000002_000012.mp4,riding scooter,274
8386,data/k400/train/Tm17Ao9ukC4_000004_000014.mp4,riding scooter,274
8387,data/k400/train/VYGzURV_KpA_000018_000028.mp4,riding scooter,274
8388,data/k400/train/XQO2I9CNNwY_000013_000023.mp4,riding scooter,274
8389,data/k400/train/ZUYthtl4DvY_000050_000060.mp4,riding scooter,274
8390,data/k400/train/cfgsJ0_cCiI_000099_000109.mp4,riding scooter,274
8391,data/k400/train/glj4QZdwFvs_000003_000013.mp4,riding scooter,274
8392,data/k400/train/iYs9ZV9fgtQ_000002_000012.mp4,riding scooter,274
8393,data/k400/train/j96R2Dwwht4_000089_000099.mp4,riding scooter,274
8394,data/k400/train/jnR9g0bWnsU_000003_000013.mp4,riding scooter,274
8395,data/k400/train/l9AhnHCMyH8_000006_000016.mp4,riding scooter,274
8396,data/k400/train/n6ZdngIrv74_000027_000037.mp4,riding scooter,274
8397,data/k400/train/rHyx6K7aM7g_000076_000086.mp4,riding scooter,274
8398,data/k400/train/so1wpCQoJwk_000008_000018.mp4,riding scooter,274
8399,data/k400/train/tZfIhO-NyBA_000123_000133.mp4,riding scooter,274
8400,data/k400/train/uM1EYlIh_i0_000008_000018.mp4,riding scooter,274
8401,data/k400/train/wvprkIbtEBU_000056_000066.mp4,riding scooter,274
8402,data/k400/train/zRBO05kqJLQ_000163_000173.mp4,riding scooter,274
8403,data/k400/train/-sdHIOSDMZw_000115_000125.mp4,riding unicycle,275
8404,data/k400/train/1YhmbiON7Q4_000001_000011.mp4,riding unicycle,275
8405,data/k400/train/57ZuzK-gMso_000002_000012.mp4,riding unicycle,275
8406,data/k400/train/6HfpGZk2yAk_000351_000361.mp4,riding unicycle,275
8407,data/k400/train/8sr0ORRaRUA_000035_000045.mp4,riding unicycle,275
8408,data/k400/train/CXh82PUzWIw_000005_000015.mp4,riding unicycle,275
8409,data/k400/train/ClEiIB10NZc_000054_000064.mp4,riding unicycle,275
8410,data/k400/train/ET54_dIMBJs_000024_000034.mp4,riding unicycle,275
8411,data/k400/train/IqfihLAlcH8_000035_000045.mp4,riding unicycle,275
8412,data/k400/train/J3UVDm7XDIo_000277_000287.mp4,riding unicycle,275
8413,data/k400/train/Jynmb8gGztg_000174_000184.mp4,riding unicycle,275
8414,data/k400/train/K9JYoGdyUyY_000354_000364.mp4,riding unicycle,275
8415,data/k400/train/KKqlucxGJh8_000004_000014.mp4,riding unicycle,275
8416,data/k400/train/KbrHLHrnhc0_000037_000047.mp4,riding unicycle,275
8417,data/k400/train/LV2ISUPl8V4_000122_000132.mp4,riding unicycle,275
8418,data/k400/train/OslVjTZfcfU_000002_000012.mp4,riding unicycle,275
8419,data/k400/train/OxJMjGnoDLU_000005_000015.mp4,riding unicycle,275
8420,data/k400/train/R89_HyeFa2I_000016_000026.mp4,riding unicycle,275
8421,data/k400/train/RRA4KUqMsKg_000095_000105.mp4,riding unicycle,275
8422,data/k400/train/VJgqSfHMA3I_000005_000015.mp4,riding unicycle,275
8423,data/k400/train/Ve12L31i0QY_000200_000210.mp4,riding unicycle,275
8424,data/k400/train/XuKdbTYUP4g_000171_000181.mp4,riding unicycle,275
8425,data/k400/train/YQvJPcDFS_M_000005_000015.mp4,riding unicycle,275
8426,data/k400/train/cKaMdQeqCiQ_000046_000056.mp4,riding unicycle,275
8427,data/k400/train/mYNyfF-6vHI_000024_000034.mp4,riding unicycle,275
8428,data/k400/train/n8_s1KEubTA_000039_000049.mp4,riding unicycle,275
8429,data/k400/train/oFf8qUgosj8_000031_000041.mp4,riding unicycle,275
8430,data/k400/train/q1sGtVfJlwY_000081_000091.mp4,riding unicycle,275
8431,data/k400/train/sS2W3MjeKM4_000010_000020.mp4,riding unicycle,275
8432,data/k400/train/vKtxQH9LWig_000002_000012.mp4,riding unicycle,275
8433,data/k400/train/ypbPs_GQtkE_000575_000585.mp4,riding unicycle,275
8434,data/k400/train/zWVKkqNFvdE_000221_000231.mp4,riding unicycle,275
8435,data/k400/train/-QFrYnizm74_000005_000015.mp4,ripping paper,276
8436,data/k400/train/02lHl-AlVZw_000000_000010.mp4,ripping paper,276
8437,data/k400/train/0hOiHj9oXlQ_000050_000060.mp4,ripping paper,276
8438,data/k400/train/2gsYyurCQao_000030_000040.mp4,ripping paper,276
8439,data/k400/train/3HVet3i_1UU_000002_000012.mp4,ripping paper,276
8440,data/k400/train/4N7qqPTZ0P8_000001_000011.mp4,ripping paper,276
8441,data/k400/train/6QjdumBo5f4_000051_000061.mp4,ripping paper,276
8442,data/k400/train/7-WOMjrguPk_000067_000077.mp4,ripping paper,276
8443,data/k400/train/DDMbffKHy3Q_000018_000028.mp4,ripping paper,276
8444,data/k400/train/GhcjDZ5k5Zc_000156_000166.mp4,ripping paper,276
8445,data/k400/train/HLcb0-9Av8w_000003_000013.mp4,ripping paper,276
8446,data/k400/train/IrUPUsfZuP8_000004_000014.mp4,ripping paper,276
8447,data/k400/train/J0Nti3RTP90_000041_000051.mp4,ripping paper,276
8448,data/k400/train/Nr-tDs2GUW4_000004_000014.mp4,ripping paper,276
8449,data/k400/train/UJz5LV08z5c_000000_000010.mp4,ripping paper,276
8450,data/k400/train/XOSOL8RbSm8_000013_000023.mp4,ripping paper,276
8451,data/k400/train/bLzvwGY_w4c_000002_000012.mp4,ripping paper,276
8452,data/k400/train/cJb-BYkoNRw_000001_000011.mp4,ripping paper,276
8453,data/k400/train/fGxl6w1Dj2w_000060_000070.mp4,ripping paper,276
8454,data/k400/train/jrioq8NRoMU_000015_000025.mp4,ripping paper,276
8455,data/k400/train/jsWCkh6uWeE_000014_000024.mp4,ripping paper,276
8456,data/k400/train/pj0TZ3X4fgQ_000002_000012.mp4,ripping paper,276
8457,data/k400/train/yN_kB_KYrC4_000003_000013.mp4,ripping paper,276
8458,data/k400/train/0I-vbHmDjGs_000004_000014.mp4,robot dancing,277
8459,data/k400/train/0f6XKv4_ihY_000011_000021.mp4,robot dancing,277
8460,data/k400/train/0sO1JRuU62M_000250_000260.mp4,robot dancing,277
8461,data/k400/train/6aFXjM8UjUM_000000_000010.mp4,robot dancing,277
8462,data/k400/train/9pMKz23WefU_000200_000210.mp4,robot dancing,277
8463,data/k400/train/CfpwjjurA4s_000014_000024.mp4,robot dancing,277
8464,data/k400/train/DyG4p4PHlvo_000021_000031.mp4,robot dancing,277
8465,data/k400/train/F-SnwrZxphM_000002_000012.mp4,robot dancing,277
8466,data/k400/train/FdHJs_MIbKM_000010_000020.mp4,robot dancing,277
8467,data/k400/train/GI9RsG0XnOY_000000_000010.mp4,robot dancing,277
8468,data/k400/train/HFgIXxJyGmg_000021_000031.mp4,robot dancing,277
8469,data/k400/train/HPbRq_L3w44_000080_000090.mp4,robot dancing,277
8470,data/k400/train/JBYkDPT22mg_000006_000016.mp4,robot dancing,277
8471,data/k400/train/K9oY7H2ecJw_000002_000012.mp4,robot dancing,277
8472,data/k400/train/ME4B6PaJ5b8_000019_000029.mp4,robot dancing,277
8473,data/k400/train/MYzB3Y2ZkEU_000017_000027.mp4,robot dancing,277
8474,data/k400/train/OEodiMsTGxE_000149_000159.mp4,robot dancing,277
8475,data/k400/train/ONRgtml-iqU_000031_000041.mp4,robot dancing,277
8476,data/k400/train/PxI6P3LM8dA_000011_000021.mp4,robot dancing,277
8477,data/k400/train/RCzhRsLJKhQ_000018_000028.mp4,robot dancing,277
8478,data/k400/train/Uxwrxs76dgg_000035_000045.mp4,robot dancing,277
8479,data/k400/train/WaxNUBHJlQM_000018_000028.mp4,robot dancing,277
8480,data/k400/train/WnR-Y0WAMzs_000001_000011.mp4,robot dancing,277
8481,data/k400/train/apAcMUuReAo_000179_000189.mp4,robot dancing,277
8482,data/k400/train/ar5Uk_Jq398_000023_000033.mp4,robot dancing,277
8483,data/k400/train/h1OS_yqnyEU_000001_000011.mp4,robot dancing,277
8484,data/k400/train/lQ3cLEeA9WI_000028_000038.mp4,robot dancing,277
8485,data/k400/train/n_kX5Hnkefw_000019_000029.mp4,robot dancing,277
8486,data/k400/train/rYE1GkBYJII_000045_000055.mp4,robot dancing,277
8487,data/k400/train/trBR-jDN10I_000111_000121.mp4,robot dancing,277
8488,data/k400/train/vvvl-U8loCo_000067_000077.mp4,robot dancing,277
8489,data/k400/train/zfolz6jqKMY_000002_000012.mp4,robot dancing,277
8490,data/k400/train/-PtzqA5FP34_000015_000025.mp4,rock climbing,278
8491,data/k400/train/2WLRAxE3RBc_000054_000064.mp4,rock climbing,278
8492,data/k400/train/3_xntbd5X2A_000099_000109.mp4,rock climbing,278
8493,data/k400/train/44VuJna9Ia8_000040_000050.mp4,rock climbing,278
8494,data/k400/train/4rR_U0hg0eE_000000_000010.mp4,rock climbing,278
8495,data/k400/train/5lwOioG4250_000000_000010.mp4,rock climbing,278
8496,data/k400/train/6YtXrROOKJM_000382_000392.mp4,rock climbing,278
8497,data/k400/train/7G6xYHS5EQs_000081_000091.mp4,rock climbing,278
8498,data/k400/train/7k-XHx8TmvE_001614_001624.mp4,rock climbing,278
8499,data/k400/train/7y2WkTerUqg_000088_000098.mp4,rock climbing,278
8500,data/k400/train/CViu98hf7uk_000011_000021.mp4,rock climbing,278
8501,data/k400/train/EzPPNBxLKH4_000017_000027.mp4,rock climbing,278
8502,data/k400/train/FpU3M3S-rA8_000015_000025.mp4,rock climbing,278
8503,data/k400/train/IcUXXVM3Ccc_000053_000063.mp4,rock climbing,278
8504,data/k400/train/MJKVMetjnKs_000003_000013.mp4,rock climbing,278
8505,data/k400/train/MbkJJBDGfU8_000036_000046.mp4,rock climbing,278
8506,data/k400/train/Mx-61lVHLuY_000200_000210.mp4,rock climbing,278
8507,data/k400/train/N8HnXby8oDc_000401_000411.mp4,rock climbing,278
8508,data/k400/train/Oud6N0GrAJc_000027_000037.mp4,rock climbing,278
8509,data/k400/train/P5npfpTU3wU_000092_000102.mp4,rock climbing,278
8510,data/k400/train/PBYdCJwqfFU_000018_000028.mp4,rock climbing,278
8511,data/k400/train/PGsecXO_bWU_000047_000057.mp4,rock climbing,278
8512,data/k400/train/R0-9ZPSWFF8_000003_000013.mp4,rock climbing,278
8513,data/k400/train/RVv65Qan0FY_000025_000035.mp4,rock climbing,278
8514,data/k400/train/TPDG61QV3Vs_000153_000163.mp4,rock climbing,278
8515,data/k400/train/TzcmgSsb3fI_000069_000079.mp4,rock climbing,278
8516,data/k400/train/UYubjkWdhTE_000004_000014.mp4,rock climbing,278
8517,data/k400/train/UjBMlCsSVOA_000087_000097.mp4,rock climbing,278
8518,data/k400/train/VEw60y4ZQxA_000002_000012.mp4,rock climbing,278
8519,data/k400/train/VqoZqgAws3w_000001_000011.mp4,rock climbing,278
8520,data/k400/train/XkceDJPW484_000114_000124.mp4,rock climbing,278
8521,data/k400/train/ZXkGbanyjrI_000004_000014.mp4,rock climbing,278
8522,data/k400/train/b6Tz-dkKyMQ_000085_000095.mp4,rock climbing,278
8523,data/k400/train/cs4pRSM73hY_000011_000021.mp4,rock climbing,278
8524,data/k400/train/emNkRskXzg0_000003_000013.mp4,rock climbing,278
8525,data/k400/train/gX4wKDzW9XM_000003_000013.mp4,rock climbing,278
8526,data/k400/train/h9SjPsm07BU_000039_000049.mp4,rock climbing,278
8527,data/k400/train/hK-ozjceAPw_000036_000046.mp4,rock climbing,278
8528,data/k400/train/iEhlVdhBMfc_000058_000068.mp4,rock climbing,278
8529,data/k400/train/jzCBSF19KAs_000009_000019.mp4,rock climbing,278
8530,data/k400/train/k9hSD6WNV9g_000268_000278.mp4,rock climbing,278
8531,data/k400/train/lKQWH49CNQk_000214_000224.mp4,rock climbing,278
8532,data/k400/train/mGj7_KvnzW0_000018_000028.mp4,rock climbing,278
8533,data/k400/train/mgM1mpDaEZg_000136_000146.mp4,rock climbing,278
8534,data/k400/train/n9e5yRtARl8_000135_000145.mp4,rock climbing,278
8535,data/k400/train/nIDAiTLukH8_000070_000080.mp4,rock climbing,278
8536,data/k400/train/nIn2hiIyCh4_000030_000040.mp4,rock climbing,278
8537,data/k400/train/nbqgN05ZEUY_000034_000044.mp4,rock climbing,278
8538,data/k400/train/pxEfqUnxCI8_000078_000088.mp4,rock climbing,278
8539,data/k400/train/r7Ujie5axPg_000160_000170.mp4,rock climbing,278
8540,data/k400/train/vDOHqY1c-p4_000028_000038.mp4,rock climbing,278
8541,data/k400/train/vctZ2-GeUhQ_000157_000167.mp4,rock climbing,278
8542,data/k400/train/w-o2QD20UWA_000523_000533.mp4,rock climbing,278
8543,data/k400/train/xWuuODJwo78_000006_000016.mp4,rock climbing,278
8544,data/k400/train/3Pdc9jY5_Ss_000225_000235.mp4,rock scissors paper,279
8545,data/k400/train/5STbEAV46hg_000041_000051.mp4,rock scissors paper,279
8546,data/k400/train/G1n9a3Wk7p8_000003_000013.mp4,rock scissors paper,279
8547,data/k400/train/HxtyA2z7pMY_000009_000019.mp4,rock scissors paper,279
8548,data/k400/train/IltJ6vDqVQ0_000002_000012.mp4,rock scissors paper,279
8549,data/k400/train/KDHaIWgAUb0_000039_000049.mp4,rock scissors paper,279
8550,data/k400/train/Mt_V1SiA5fk_000136_000146.mp4,rock scissors paper,279
8551,data/k400/train/N-d3hMf2vT8_000011_000021.mp4,rock scissors paper,279
8552,data/k400/train/OyrrPQFyD1s_000061_000071.mp4,rock scissors paper,279
8553,data/k400/train/RHGi6miKDC4_000046_000056.mp4,rock scissors paper,279
8554,data/k400/train/Upk3KIvyCAU_000019_000029.mp4,rock scissors paper,279
8555,data/k400/train/_vb4f-veNLo_000012_000022.mp4,rock scissors paper,279
8556,data/k400/train/drXlOLzBuSY_000024_000034.mp4,rock scissors paper,279
8557,data/k400/train/dtzKcW8A8Ek_000018_000028.mp4,rock scissors paper,279
8558,data/k400/train/gVZYFwHFNI0_000000_000010.mp4,rock scissors paper,279
8559,data/k400/train/jgaJGIZhwrw_000046_000056.mp4,rock scissors paper,279
8560,data/k400/train/mU-nUqIMoF4_000023_000033.mp4,rock scissors paper,279
8561,data/k400/train/novCR0icXBs_000326_000336.mp4,rock scissors paper,279
8562,data/k400/train/qAtJImtm1cM_000001_000011.mp4,rock scissors paper,279
8563,data/k400/train/-ipVdP7v5Ws_000113_000123.mp4,roller skating,280
8564,data/k400/train/4FOONTeb5jw_000082_000092.mp4,roller skating,280
8565,data/k400/train/4grdMkINza4_000348_000358.mp4,roller skating,280
8566,data/k400/train/68Nix_zfny0_000023_000033.mp4,roller skating,280
8567,data/k400/train/BCCpbacytRU_000004_000014.mp4,roller skating,280
8568,data/k400/train/FNpWZe2GYCk_000129_000139.mp4,roller skating,280
8569,data/k400/train/G-o-LsDulVk_000267_000277.mp4,roller skating,280
8570,data/k400/train/GKGhrGtrPvE_000042_000052.mp4,roller skating,280
8571,data/k400/train/KKOmZ0aytME_000015_000025.mp4,roller skating,280
8572,data/k400/train/NceQvKFRXWc_000002_000012.mp4,roller skating,280
8573,data/k400/train/PrMVPTOliQ0_000011_000021.mp4,roller skating,280
8574,data/k400/train/ST00NpW1yMY_000227_000237.mp4,roller skating,280
8575,data/k400/train/SZFnv-kg4-4_000095_000105.mp4,roller skating,280
8576,data/k400/train/VBW5tC5mWgQ_000012_000022.mp4,roller skating,280
8577,data/k400/train/Y2d_9Hhk324_000105_000115.mp4,roller skating,280
8578,data/k400/train/YUCAb-mvlZU_000128_000138.mp4,roller skating,280
8579,data/k400/train/YVEFIon-1_k_000007_000017.mp4,roller skating,280
8580,data/k400/train/YfiCguPHA4s_000047_000057.mp4,roller skating,280
8581,data/k400/train/YyF0tB_iLQo_000089_000099.mp4,roller skating,280
8582,data/k400/train/bOGCFru7HxU_000617_000627.mp4,roller skating,280
8583,data/k400/train/bV45NcRv5p8_000016_000026.mp4,roller skating,280
8584,data/k400/train/beTYF6WaS_0_000025_000035.mp4,roller skating,280
8585,data/k400/train/c1vD3LxkNXg_000313_000323.mp4,roller skating,280
8586,data/k400/train/g5OTAr1cmWY_000166_000176.mp4,roller skating,280
8587,data/k400/train/gh-xxzrQWlA_000003_000013.mp4,roller skating,280
8588,data/k400/train/j0vXgPF6GaA_000037_000047.mp4,roller skating,280
8589,data/k400/train/kxunh39Znq4_000013_000023.mp4,roller skating,280
8590,data/k400/train/lhhP8ENyg5o_000000_000010.mp4,roller skating,280
8591,data/k400/train/rJSM03xul1U_000014_000024.mp4,roller skating,280
8592,data/k400/train/skttBSgm48M_000032_000042.mp4,roller skating,280
8593,data/k400/train/vzPQDhOz7nk_000204_000214.mp4,roller skating,280
8594,data/k400/train/xb-7rQZQ-PM_000033_000043.mp4,roller skating,280
8595,data/k400/train/xhors_b6Gjg_000019_000029.mp4,roller skating,280
8596,data/k400/train/3uVjt8uHBGw_000013_000023.mp4,running on treadmill,281
8597,data/k400/train/4zpt9vPb59E_000009_000019.mp4,running on treadmill,281
8598,data/k400/train/71I2vt_4yBk_000010_000020.mp4,running on treadmill,281
8599,data/k400/train/E_F7EtYJ7nM_000008_000018.mp4,running on treadmill,281
8600,data/k400/train/FLi7vqcFJVg_000010_000020.mp4,running on treadmill,281
8601,data/k400/train/H010FMkYm04_000004_000014.mp4,running on treadmill,281
8602,data/k400/train/KfQT1YDHBHs_000061_000071.mp4,running on treadmill,281
8603,data/k400/train/dJA6Gv1Rqvc_000029_000039.mp4,running on treadmill,281
8604,data/k400/train/gnfkmf7MJxU_000000_000010.mp4,running on treadmill,281
8605,data/k400/train/omNhQwHMc5o_000010_000020.mp4,running on treadmill,281
8606,data/k400/train/zx5OQAfmgQ4_000030_000040.mp4,running on treadmill,281
8607,data/k400/train/-Wyq8tmgXYc_000000_000010.mp4,sailing,282
8608,data/k400/train/-lOk6UNkcSY_000007_000017.mp4,sailing,282
8609,data/k400/train/2RsAgD1jgOc_000027_000037.mp4,sailing,282
8610,data/k400/train/32aHT2HWYNc_000013_000023.mp4,sailing,282
8611,data/k400/train/9vw3CSbh9zU_000103_000113.mp4,sailing,282
8612,data/k400/train/BpUQMt9lya8_000178_000188.mp4,sailing,282
8613,data/k400/train/EpqbvcBX34I_000172_000182.mp4,sailing,282
8614,data/k400/train/FpUEwrev9KI_000119_000129.mp4,sailing,282
8615,data/k400/train/Fx6aJcwFgLA_000045_000055.mp4,sailing,282
8616,data/k400/train/GVbNpgPBgxU_000308_000318.mp4,sailing,282
8617,data/k400/train/IcOzUn3-mrI_000095_000105.mp4,sailing,282
8618,data/k400/train/KtFG6iEAzKA_000001_000011.mp4,sailing,282
8619,data/k400/train/NlQfl7WB0Cw_000046_000056.mp4,sailing,282
8620,data/k400/train/P_vUeqatne0_000045_000055.mp4,sailing,282
8621,data/k400/train/QHOBqzmiktk_001443_001453.mp4,sailing,282
8622,data/k400/train/TO4_ekS8eow_000085_000095.mp4,sailing,282
8623,data/k400/train/UUhcoMvgF9g_000000_000010.mp4,sailing,282
8624,data/k400/train/WEd-dMsb73M_000918_000928.mp4,sailing,282
8625,data/k400/train/X3V3KwZ5DoQ_000139_000149.mp4,sailing,282
8626,data/k400/train/Yei3AD2y3lI_000143_000153.mp4,sailing,282
8627,data/k400/train/YfyHu9IwcJc_000030_000040.mp4,sailing,282
8628,data/k400/train/Yv1pEJ1FfNI_000000_000010.mp4,sailing,282
8629,data/k400/train/_CV1Y4YqSMY_000090_000100.mp4,sailing,282
8630,data/k400/train/b_17r2mycFI_000021_000031.mp4,sailing,282
8631,data/k400/train/cuDYs8cWQ5Y_000014_000024.mp4,sailing,282
8632,data/k400/train/fkVVVdmprUo_000039_000049.mp4,sailing,282
8633,data/k400/train/kla3laofDtQ_000303_000313.mp4,sailing,282
8634,data/k400/train/m8K0qXNpGco_000190_000200.mp4,sailing,282
8635,data/k400/train/nEjhR4tSMOg_000393_000403.mp4,sailing,282
8636,data/k400/train/sufxdVpqNqw_000024_000034.mp4,sailing,282
8637,data/k400/train/tjvIm19tcbU_000185_000195.mp4,sailing,282
8638,data/k400/train/wHrLmcuzXdY_000052_000062.mp4,sailing,282
8639,data/k400/train/yJlJS2vafrY_000071_000081.mp4,sailing,282
8640,data/k400/train/-NYvR9wYuNk_000046_000056.mp4,salsa dancing,283
8641,data/k400/train/-uvzdzobzSU_000054_000064.mp4,salsa dancing,283
8642,data/k400/train/08tiN96FebU_000018_000028.mp4,salsa dancing,283
8643,data/k400/train/5iheJnimcWw_000133_000143.mp4,salsa dancing,283
8644,data/k400/train/7diG3QaDY7s_000126_000136.mp4,salsa dancing,283
8645,data/k400/train/A-ICD7F4zX4_000015_000025.mp4,salsa dancing,283
8646,data/k400/train/ABQCJu8FtK0_000224_000234.mp4,salsa dancing,283
8647,data/k400/train/BN5nXotHZjM_000071_000081.mp4,salsa dancing,283
8648,data/k400/train/D80NBKy0tG0_000030_000040.mp4,salsa dancing,283
8649,data/k400/train/FCZxgYhzmI8_000275_000285.mp4,salsa dancing,283
8650,data/k400/train/FvOdb6GppdM_000132_000142.mp4,salsa dancing,283
8651,data/k400/train/GuyQC-vESXE_000184_000194.mp4,salsa dancing,283
8652,data/k400/train/GyONFRLxssA_000248_000258.mp4,salsa dancing,283
8653,data/k400/train/H7LbCQ-pVqg_000043_000053.mp4,salsa dancing,283
8654,data/k400/train/HiBSzgdQjZ0_000152_000162.mp4,salsa dancing,283
8655,data/k400/train/K7R78VePwhI_000009_000019.mp4,salsa dancing,283
8656,data/k400/train/Kw-nHazDD2I_000261_000271.mp4,salsa dancing,283
8657,data/k400/train/NTJmlKuiWi0_000050_000060.mp4,salsa dancing,283
8658,data/k400/train/N_vbTDgE8TI_000025_000035.mp4,salsa dancing,283
8659,data/k400/train/O7L0MGT_nQY_000085_000095.mp4,salsa dancing,283
8660,data/k400/train/RpozOmq61bA_000161_000171.mp4,salsa dancing,283
8661,data/k400/train/T8E9TtdjCwg_000126_000136.mp4,salsa dancing,283
8662,data/k400/train/TXqXLACncM4_000011_000021.mp4,salsa dancing,283
8663,data/k400/train/UxSABoaz3TY_000029_000039.mp4,salsa dancing,283
8664,data/k400/train/Viv3hAGMddY_000003_000013.mp4,salsa dancing,283
8665,data/k400/train/VjwLJb3GzZ8_000108_000118.mp4,salsa dancing,283
8666,data/k400/train/XNCAqDCDUwg_000025_000035.mp4,salsa dancing,283
8667,data/k400/train/XpSmyZV_qbE_000135_000145.mp4,salsa dancing,283
8668,data/k400/train/ZV3nkdUyU9M_000027_000037.mp4,salsa dancing,283
8669,data/k400/train/bBJm6u0fHuY_000018_000028.mp4,salsa dancing,283
8670,data/k400/train/bs8SU24k8P4_000173_000183.mp4,salsa dancing,283
8671,data/k400/train/e9WSb3tdjCs_000053_000063.mp4,salsa dancing,283
8672,data/k400/train/eKcTMO_yZQQ_000088_000098.mp4,salsa dancing,283
8673,data/k400/train/i9ymGvNPtdA_000166_000176.mp4,salsa dancing,283
8674,data/k400/train/l_Lz1DW4iS0_000024_000034.mp4,salsa dancing,283
8675,data/k400/train/n7-hmfpBRsE_000199_000209.mp4,salsa dancing,283
8676,data/k400/train/q9AH7rULw2M_000085_000095.mp4,salsa dancing,283
8677,data/k400/train/u2Z_pkBuuMY_000071_000081.mp4,salsa dancing,283
8678,data/k400/train/vnE9baznq14_000171_000181.mp4,salsa dancing,283
8679,data/k400/train/w6GbzaGy2eA_000226_000236.mp4,salsa dancing,283
8680,data/k400/train/wlsxapOuyBg_000012_000022.mp4,salsa dancing,283
8681,data/k400/train/y64Ynur-veU_000019_000029.mp4,salsa dancing,283
8682,data/k400/train/yOhNEZqT6dQ_000139_000149.mp4,salsa dancing,283
8683,data/k400/train/z0V3MHpv9DM_000017_000027.mp4,salsa dancing,283
8684,data/k400/train/zMRBJ0bP0Y8_000096_000106.mp4,salsa dancing,283
8685,data/k400/train/0495Cy0gG28_000014_000024.mp4,sanding floor,284
8686,data/k400/train/3iHq81Iyhzw_000016_000026.mp4,sanding floor,284
8687,data/k400/train/9mPBWf1kS5A_000354_000364.mp4,sanding floor,284
8688,data/k400/train/FZ9aScoPksI_000115_000125.mp4,sanding floor,284
8689,data/k400/train/FcNrZxO6lNs_001282_001292.mp4,sanding floor,284
8690,data/k400/train/GieYEbgRbfw_000002_000012.mp4,sanding floor,284
8691,data/k400/train/JSpdvvONfks_000000_000010.mp4,sanding floor,284
8692,data/k400/train/M08mtRVQIwc_000019_000029.mp4,sanding floor,284
8693,data/k400/train/M0mnPC2k_jM_000031_000041.mp4,sanding floor,284
8694,data/k400/train/O-PUSHV-vbk_000195_000205.mp4,sanding floor,284
8695,data/k400/train/PQz4QOI7wD0_000003_000013.mp4,sanding floor,284
8696,data/k400/train/Q7o6cVMF85E_000033_000043.mp4,sanding floor,284
8697,data/k400/train/Ry-CmfeKY4A_000002_000012.mp4,sanding floor,284
8698,data/k400/train/VidJYf6_vkk_000004_000014.mp4,sanding floor,284
8699,data/k400/train/fq53vXVy-wU_000002_000012.mp4,sanding floor,284
8700,data/k400/train/2wYJ7ktqcbQ_000002_000012.mp4,scrambling eggs,285
8701,data/k400/train/7q6iRk_NUFA_000178_000188.mp4,scrambling eggs,285
8702,data/k400/train/8ob6Yovl2ys_000004_000014.mp4,scrambling eggs,285
8703,data/k400/train/9_DaU7GgVZs_000137_000147.mp4,scrambling eggs,285
8704,data/k400/train/ADyjBl8zQvU_000186_000196.mp4,scrambling eggs,285
8705,data/k400/train/DZhAISQdk_0_000057_000067.mp4,scrambling eggs,285
8706,data/k400/train/G66NrGJRWzQ_000277_000287.mp4,scrambling eggs,285
8707,data/k400/train/GmuFAHK7w34_000022_000032.mp4,scrambling eggs,285
8708,data/k400/train/HAoHYPWE9Yw_000384_000394.mp4,scrambling eggs,285
8709,data/k400/train/HSAM_jAa4b8_000189_000199.mp4,scrambling eggs,285
8710,data/k400/train/IR7cq4WNLCw_000058_000068.mp4,scrambling eggs,285
8711,data/k400/train/MPxa0irXmyo_000107_000117.mp4,scrambling eggs,285
8712,data/k400/train/Qh5nMVE7AZg_000056_000066.mp4,scrambling eggs,285
8713,data/k400/train/RPIaaldfDx4_000074_000084.mp4,scrambling eggs,285
8714,data/k400/train/Rn2T7y1ZtBI_000084_000094.mp4,scrambling eggs,285
8715,data/k400/train/WeYH3R0s6Lw_000046_000056.mp4,scrambling eggs,285
8716,data/k400/train/X_6-yWRfXx0_000033_000043.mp4,scrambling eggs,285
8717,data/k400/train/_gF3QOR7O4E_000012_000022.mp4,scrambling eggs,285
8718,data/k400/train/eBzFe3NLXWU_000273_000283.mp4,scrambling eggs,285
8719,data/k400/train/fk_76CiNfqg_000027_000037.mp4,scrambling eggs,285
8720,data/k400/train/fqSHtjePpbE_000228_000238.mp4,scrambling eggs,285
8721,data/k400/train/g1GcKBeTHzQ_000044_000054.mp4,scrambling eggs,285
8722,data/k400/train/i4F8_cFHScM_000078_000088.mp4,scrambling eggs,285
8723,data/k400/train/neDpjkATNSY_000197_000207.mp4,scrambling eggs,285
8724,data/k400/train/tP9vygTOp3c_000212_000222.mp4,scrambling eggs,285
8725,data/k400/train/to96ebIhfbI_000110_000120.mp4,scrambling eggs,285
8726,data/k400/train/vfZ8Y9B_6rY_000130_000140.mp4,scrambling eggs,285
8727,data/k400/train/whjXroVJh_0_000248_000258.mp4,scrambling eggs,285
8728,data/k400/train/xrCQAUyv5LM_000194_000204.mp4,scrambling eggs,285
8729,data/k400/train/xyAfcbAGsYM_000030_000040.mp4,scrambling eggs,285
8730,data/k400/train/yKirllGoYck_000051_000061.mp4,scrambling eggs,285
8731,data/k400/train/yeFVkg2bv-w_000004_000014.mp4,scrambling eggs,285
8732,data/k400/train/0IwbrLq6cEg_000063_000073.mp4,scuba diving,286
8733,data/k400/train/18yi5GTcJOE_000186_000196.mp4,scuba diving,286
8734,data/k400/train/4aj3ZUlYTAE_000212_000222.mp4,scuba diving,286
8735,data/k400/train/4pJqsAR2RiE_000021_000031.mp4,scuba diving,286
8736,data/k400/train/5O6S02jff0w_000000_000010.mp4,scuba diving,286
8737,data/k400/train/6S6yxKsZAkw_000009_000019.mp4,scuba diving,286
8738,data/k400/train/6l7BJmHRlaE_000438_000448.mp4,scuba diving,286
8739,data/k400/train/7LcLCb5LZgU_000053_000063.mp4,scuba diving,286
8740,data/k400/train/8Oz2w9Ao5K8_000460_000470.mp4,scuba diving,286
8741,data/k400/train/9YECI0ZDH5Y_000059_000069.mp4,scuba diving,286
8742,data/k400/train/9t51G3RURZU_000006_000016.mp4,scuba diving,286
8743,data/k400/train/DaJZ64wLH3M_000140_000150.mp4,scuba diving,286
8744,data/k400/train/DblCu6Al_3A_000133_000143.mp4,scuba diving,286
8745,data/k400/train/E9czMoq_B4E_000103_000113.mp4,scuba diving,286
8746,data/k400/train/EFFPo2Whue8_000109_000119.mp4,scuba diving,286
8747,data/k400/train/FTt-PuKApUk_000001_000011.mp4,scuba diving,286
8748,data/k400/train/G6rb3ABoAd4_000093_000103.mp4,scuba diving,286
8749,data/k400/train/HBTQPC2-CMY_000057_000067.mp4,scuba diving,286
8750,data/k400/train/KGlr46o5htE_000322_000332.mp4,scuba diving,286
8751,data/k400/train/LObpjVDaX70_000204_000214.mp4,scuba diving,286
8752,data/k400/train/NvwiY2_Kj8s_000040_000050.mp4,scuba diving,286
8753,data/k400/train/OfekkWyVAQE_000010_000020.mp4,scuba diving,286
8754,data/k400/train/OhpZOGKpqRQ_000186_000196.mp4,scuba diving,286
8755,data/k400/train/TDbwGYtNLeY_000074_000084.mp4,scuba diving,286
8756,data/k400/train/TljS_tZk8yE_000283_000293.mp4,scuba diving,286
8757,data/k400/train/VtttAnq6q-E_000353_000363.mp4,scuba diving,286
8758,data/k400/train/WusJreFISKI_000029_000039.mp4,scuba diving,286
8759,data/k400/train/b62DICn8RLg_000665_000675.mp4,scuba diving,286
8760,data/k400/train/bWdPpr2jnok_000151_000161.mp4,scuba diving,286
8761,data/k400/train/c0LKIYpar_8_000004_000014.mp4,scuba diving,286
8762,data/k400/train/dRdNXfjg7uo_000065_000075.mp4,scuba diving,286
8763,data/k400/train/f_4lUeLhi7k_000051_000061.mp4,scuba diving,286
8764,data/k400/train/hdYEF6AhAss_000266_000276.mp4,scuba diving,286
8765,data/k400/train/iU7aFAFKNdQ_000034_000044.mp4,scuba diving,286
8766,data/k400/train/iiTfnlVYefE_000011_000021.mp4,scuba diving,286
8767,data/k400/train/mOliNutHqmY_000087_000097.mp4,scuba diving,286
8768,data/k400/train/nfRXrk9JuUs_000000_000010.mp4,scuba diving,286
8769,data/k400/train/pFxk30Ikzs8_000551_000561.mp4,scuba diving,286
8770,data/k400/train/qonlwaar9l8_000049_000059.mp4,scuba diving,286
8771,data/k400/train/s4gBxvAjZZo_000021_000031.mp4,scuba diving,286
8772,data/k400/train/t3iH_ew9GPU_000142_000152.mp4,scuba diving,286
8773,data/k400/train/tFn4eRCO-oo_000283_000293.mp4,scuba diving,286
8774,data/k400/train/vCTCOmp053s_000099_000109.mp4,scuba diving,286
8775,data/k400/train/vNoQHMEh00Y_000035_000045.mp4,scuba diving,286
8776,data/k400/train/xY4ILRG0kA4_000257_000267.mp4,scuba diving,286
8777,data/k400/train/yNNlENxnw1k_000217_000227.mp4,scuba diving,286
8778,data/k400/train/8GgzSb6UMR8_000115_000125.mp4,setting table,287
8779,data/k400/train/9TW1mMhoSsk_000001_000011.mp4,setting table,287
8780,data/k400/train/AeK--mJxB2Y_000120_000130.mp4,setting table,287
8781,data/k400/train/FvoEUWWaenk_000042_000052.mp4,setting table,287
8782,data/k400/train/JWgBbOByJIo_000098_000108.mp4,setting table,287
8783,data/k400/train/K3V8VhJ0rYA_000000_000010.mp4,setting table,287
8784,data/k400/train/MLYF1jLYM_Y_000060_000070.mp4,setting table,287
8785,data/k400/train/MyguPP-NSEc_000094_000104.mp4,setting table,287
8786,data/k400/train/OAD2uQWeyjU_000002_000012.mp4,setting table,287
8787,data/k400/train/OLNy0niHH34_000080_000090.mp4,setting table,287
8788,data/k400/train/SvJT6_o3Xbs_000128_000138.mp4,setting table,287
8789,data/k400/train/UB5YGLqSAfw_000002_000012.mp4,setting table,287
8790,data/k400/train/WqQZ_tMrBxM_000022_000032.mp4,setting table,287
8791,data/k400/train/_sRci5r-2dE_001095_001105.mp4,setting table,287
8792,data/k400/train/dXhZMcab8QI_000015_000025.mp4,setting table,287
8793,data/k400/train/i8a9POUSpUQ_000361_000371.mp4,setting table,287
8794,data/k400/train/ieEJOTKpYjk_000000_000010.mp4,setting table,287
8795,data/k400/train/p6Hr9X871vw_000064_000074.mp4,setting table,287
8796,data/k400/train/xhmLqc3TOkw_000001_000011.mp4,setting table,287
8797,data/k400/train/z2K7-N2_W3k_000421_000431.mp4,setting table,287
8798,data/k400/train/0c4hV7Mqxpw_000022_000032.mp4,shaking hands,288
8799,data/k400/train/3ZAA20YKaBw_000004_000014.mp4,shaking hands,288
8800,data/k400/train/AGYXHK0K_ug_000042_000052.mp4,shaking hands,288
8801,data/k400/train/BqUGljcUTpk_000026_000036.mp4,shaking hands,288
8802,data/k400/train/DVlTcEkBuY8_000008_000018.mp4,shaking hands,288
8803,data/k400/train/EyRGN_IWsvY_000063_000073.mp4,shaking hands,288
8804,data/k400/train/O4t_ulyyTYI_000059_000069.mp4,shaking hands,288
8805,data/k400/train/U5fb5qN98F4_000004_000014.mp4,shaking hands,288
8806,data/k400/train/_zmUgUGx1HE_000024_000034.mp4,shaking hands,288
8807,data/k400/train/avyeUeT8JJQ_000181_000191.mp4,shaking hands,288
8808,data/k400/train/jnWTpPn4_A4_000000_000010.mp4,shaking hands,288
8809,data/k400/train/kR6riPPRBl8_000028_000038.mp4,shaking hands,288
8810,data/k400/train/kc6-2OAa_8g_000006_000016.mp4,shaking hands,288
8811,data/k400/train/l38SnyQP9YY_000000_000010.mp4,shaking hands,288
8812,data/k400/train/lzZm13o2gPY_000003_000013.mp4,shaking hands,288
8813,data/k400/train/odoPJqaOBu8_000003_000013.mp4,shaking hands,288
8814,data/k400/train/pqeashtUhqs_000001_000011.mp4,shaking hands,288
8815,data/k400/train/qrgKANZASPA_000014_000024.mp4,shaking hands,288
8816,data/k400/train/rJuDWS8ATd4_000015_000025.mp4,shaking hands,288
8817,data/k400/train/xXxMAhtgURA_000003_000013.mp4,shaking hands,288
8818,data/k400/train/xrgSmlif5zA_000000_000010.mp4,shaking hands,288
8819,data/k400/train/39sJUSCCmSw_000038_000048.mp4,shaking head,289
8820,data/k400/train/5litknsMuFw_000002_000012.mp4,shaking head,289
8821,data/k400/train/5t9Sb9sx2IQ_000000_000010.mp4,shaking head,289
8822,data/k400/train/6DVZaQ2INjA_000000_000010.mp4,shaking head,289
8823,data/k400/train/6H0Sr0iHlQE_000007_000017.mp4,shaking head,289
8824,data/k400/train/8WOSzEK0Ihw_000015_000025.mp4,shaking head,289
8825,data/k400/train/95F4iWX2Tsg_000000_000010.mp4,shaking head,289
8826,data/k400/train/9heAg1HitC0_000003_000013.mp4,shaking head,289
8827,data/k400/train/DfuO7RlVnzM_000004_000014.mp4,shaking head,289
8828,data/k400/train/EQ3j_gMluKc_000000_000010.mp4,shaking head,289
8829,data/k400/train/F8aKuOYzSFw_000025_000035.mp4,shaking head,289
8830,data/k400/train/JMR2RmTtGdE_000000_000010.mp4,shaking head,289
8831,data/k400/train/L_NUiUoPih0_000002_000012.mp4,shaking head,289
8832,data/k400/train/Lf25pzQetBE_000005_000015.mp4,shaking head,289
8833,data/k400/train/N6md57GdwLU_000008_000018.mp4,shaking head,289
8834,data/k400/train/OQHr_xNyf4g_000008_000018.mp4,shaking head,289
8835,data/k400/train/OtujCGQawpA_000001_000011.mp4,shaking head,289
8836,data/k400/train/P35Lj7gRMCg_000001_000011.mp4,shaking head,289
8837,data/k400/train/PCZ6U4sMAzY_000002_000012.mp4,shaking head,289
8838,data/k400/train/U0KDRc9qYeU_000005_000015.mp4,shaking head,289
8839,data/k400/train/VEftdD7KKAI_000004_000014.mp4,shaking head,289
8840,data/k400/train/WGpILshz3Hs_000015_000025.mp4,shaking head,289
8841,data/k400/train/WvOHRzPekak_000001_000011.mp4,shaking head,289
8842,data/k400/train/XEx__mphg0E_000021_000031.mp4,shaking head,289
8843,data/k400/train/XNsScn5QN18_000007_000017.mp4,shaking head,289
8844,data/k400/train/Z0pji019np4_000003_000013.mp4,shaking head,289
8845,data/k400/train/_74GbRrrMmc_000062_000072.mp4,shaking head,289
8846,data/k400/train/bDXX1RrXzaQ_000028_000038.mp4,shaking head,289
8847,data/k400/train/brJ4OlM9A1g_000005_000015.mp4,shaking head,289
8848,data/k400/train/dYZVrNGNyVE_000009_000019.mp4,shaking head,289
8849,data/k400/train/ePLXce0LP2w_000025_000035.mp4,shaking head,289
8850,data/k400/train/er_9z_20wi8_000000_000010.mp4,shaking head,289
8851,data/k400/train/fvQB3xXbdWI_000008_000018.mp4,shaking head,289
8852,data/k400/train/hwjvzXmHq4I_000002_000012.mp4,shaking head,289
8853,data/k400/train/jg6H6QxYCAY_000134_000144.mp4,shaking head,289
8854,data/k400/train/k7CwnL0CYrs_000015_000025.mp4,shaking head,289
8855,data/k400/train/olYsgEljxms_000006_000016.mp4,shaking head,289
8856,data/k400/train/orfK0PlRs6s_000050_000060.mp4,shaking head,289
8857,data/k400/train/ow4fnz_PhCU_000034_000044.mp4,shaking head,289
8858,data/k400/train/pRcXVhuv5t0_000034_000044.mp4,shaking head,289
8859,data/k400/train/qOjeaMV1OQg_000011_000021.mp4,shaking head,289
8860,data/k400/train/vW4CGnyXnMA_000076_000086.mp4,shaking head,289
8861,data/k400/train/wCNduU6LpVA_000000_000010.mp4,shaking head,289
8862,data/k400/train/y679zK_zF3k_000023_000033.mp4,shaking head,289
8863,data/k400/train/zy8oZQ9noK4_000018_000028.mp4,shaking head,289
8864,data/k400/train/BVk4OIYnIaQ_000000_000010.mp4,sharpening knives,290
8865,data/k400/train/CKSlgK_2FP4_000039_000049.mp4,sharpening knives,290
8866,data/k400/train/G30vcz-0ZFU_000368_000378.mp4,sharpening knives,290
8867,data/k400/train/N-pNV_tvmBE_000101_000111.mp4,sharpening knives,290
8868,data/k400/train/UQqHSwHylks_000022_000032.mp4,sharpening knives,290
8869,data/k400/train/UzHz8qvMQzM_000036_000046.mp4,sharpening knives,290
8870,data/k400/train/YP888U4RhSE_000049_000059.mp4,sharpening knives,290
8871,data/k400/train/ZBOOddPqkJE_000015_000025.mp4,sharpening knives,290
8872,data/k400/train/csZhr5ZZo4E_000001_000011.mp4,sharpening knives,290
8873,data/k400/train/e4lZqzl3CLw_000026_000036.mp4,sharpening knives,290
8874,data/k400/train/eKoKEqmJfWc_000202_000212.mp4,sharpening knives,290
8875,data/k400/train/fU2mbWwVSXU_000076_000086.mp4,sharpening knives,290
8876,data/k400/train/hKSh0Pl6Qkg_000094_000104.mp4,sharpening knives,290
8877,data/k400/train/p4YD1G375QU_000206_000216.mp4,sharpening knives,290
8878,data/k400/train/qOSeCM2Q_GU_000025_000035.mp4,sharpening knives,290
8879,data/k400/train/w4v8xqaof1Q_000009_000019.mp4,sharpening knives,290
8880,data/k400/train/-wm05zJN7pw_000047_000057.mp4,sharpening pencil,291
8881,data/k400/train/2NCA_fcz2qw_000067_000077.mp4,sharpening pencil,291
8882,data/k400/train/41-MC2GkDqw_000017_000027.mp4,sharpening pencil,291
8883,data/k400/train/4RnOfYxgQt0_000022_000032.mp4,sharpening pencil,291
8884,data/k400/train/9NI-6YmZX0g_000000_000010.mp4,sharpening pencil,291
8885,data/k400/train/9TpyngE8Ci4_000046_000056.mp4,sharpening pencil,291
8886,data/k400/train/C6Azx9RJB0M_000109_000119.mp4,sharpening pencil,291
8887,data/k400/train/Cq5Pqc0Uah4_000029_000039.mp4,sharpening pencil,291
8888,data/k400/train/DlicFJ1cOI0_000276_000286.mp4,sharpening pencil,291
8889,data/k400/train/F-u67TjbRTs_000001_000011.mp4,sharpening pencil,291
8890,data/k400/train/JTooi9rsoWs_000136_000146.mp4,sharpening pencil,291
8891,data/k400/train/KVn5n0l4ljM_000198_000208.mp4,sharpening pencil,291
8892,data/k400/train/NIPSXsxft8Q_000001_000011.mp4,sharpening pencil,291
8893,data/k400/train/QzwDghuBV5I_000041_000051.mp4,sharpening pencil,291
8894,data/k400/train/__eUxbJfenU_000001_000011.mp4,sharpening pencil,291
8895,data/k400/train/bK0ATlJWSPM_000008_000018.mp4,sharpening pencil,291
8896,data/k400/train/c_Ke5CUUEYU_000004_000014.mp4,sharpening pencil,291
8897,data/k400/train/lo5EVDbDOY0_000057_000067.mp4,sharpening pencil,291
8898,data/k400/train/mA9WTN3mNDk_000001_000011.mp4,sharpening pencil,291
8899,data/k400/train/miQXHnOLO1o_000014_000024.mp4,sharpening pencil,291
8900,data/k400/train/n6JriIL6b0Q_000017_000027.mp4,sharpening pencil,291
8901,data/k400/train/oFnHvssJViU_000003_000013.mp4,sharpening pencil,291
8902,data/k400/train/t9jPzgBdb7s_000042_000052.mp4,sharpening pencil,291
8903,data/k400/train/tAlV4ARN8EU_000000_000010.mp4,sharpening pencil,291
8904,data/k400/train/viyDo9Niyk0_000006_000016.mp4,sharpening pencil,291
8905,data/k400/train/wHwv1Av03yY_000008_000018.mp4,sharpening pencil,291
8906,data/k400/train/2P6GKR1--L4_000785_000795.mp4,shaving head,292
8907,data/k400/train/9CYEh9THtRc_000014_000024.mp4,shaving head,292
8908,data/k400/train/A1t3hJlUT8A_000351_000361.mp4,shaving head,292
8909,data/k400/train/BMQvn1eY_xA_000191_000201.mp4,shaving head,292
8910,data/k400/train/BTuiGjZRlN8_000093_000103.mp4,shaving head,292
8911,data/k400/train/D8yqm_9uRS4_000012_000022.mp4,shaving head,292
8912,data/k400/train/GN4rIvCQjTc_000015_000025.mp4,shaving head,292
8913,data/k400/train/K-arOMh_YWs_000046_000056.mp4,shaving head,292
8914,data/k400/train/LVmxDX_3l_Q_000427_000437.mp4,shaving head,292
8915,data/k400/train/M8U9YUW3Vlw_000437_000447.mp4,shaving head,292
8916,data/k400/train/OAECUueBRY4_000100_000110.mp4,shaving head,292
8917,data/k400/train/PWj2CNAakso_000001_000011.mp4,shaving head,292
8918,data/k400/train/PWnQKJ2V_IM_000118_000128.mp4,shaving head,292
8919,data/k400/train/PXMjcYS9LDU_000067_000077.mp4,shaving head,292
8920,data/k400/train/T_7IWmL13fE_000067_000077.mp4,shaving head,292
8921,data/k400/train/Wk2ho6HAjVY_000511_000521.mp4,shaving head,292
8922,data/k400/train/WqGsa2-AtlQ_000004_000014.mp4,shaving head,292
8923,data/k400/train/XvnxVgc1u3k_000100_000110.mp4,shaving head,292
8924,data/k400/train/YwuxMFuoUx8_000117_000127.mp4,shaving head,292
8925,data/k400/train/_GP4wcMdA-E_000172_000182.mp4,shaving head,292
8926,data/k400/train/_NllNRIISDc_000022_000032.mp4,shaving head,292
8927,data/k400/train/a1hGST8hVe4_000032_000042.mp4,shaving head,292
8928,data/k400/train/cb7ArP2gRlM_000002_000012.mp4,shaving head,292
8929,data/k400/train/cbjcNXPB7DE_000188_000198.mp4,shaving head,292
8930,data/k400/train/dAry8tI-DnY_000162_000172.mp4,shaving head,292
8931,data/k400/train/di1aufkZM4Y_000304_000314.mp4,shaving head,292
8932,data/k400/train/dnSH7cRxOWk_000005_000015.mp4,shaving head,292
8933,data/k400/train/e864csVixec_000064_000074.mp4,shaving head,292
8934,data/k400/train/eR0mMizDN8I_000022_000032.mp4,shaving head,292
8935,data/k400/train/g92nqwUsWQo_000125_000135.mp4,shaving head,292
8936,data/k400/train/hGo-6sS9UZI_000096_000106.mp4,shaving head,292
8937,data/k400/train/jpJ84-o0hqI_000041_000051.mp4,shaving head,292
8938,data/k400/train/mV-lOH2s4eU_000277_000287.mp4,shaving head,292
8939,data/k400/train/mb2qgjjpS6o_000031_000041.mp4,shaving head,292
8940,data/k400/train/oWIIvB4drZc_000053_000063.mp4,shaving head,292
8941,data/k400/train/pCfwu8wlITU_000347_000357.mp4,shaving head,292
8942,data/k400/train/tp2kdJ3sTCg_000032_000042.mp4,shaving head,292
8943,data/k400/train/uPyIrTPQJXc_000081_000091.mp4,shaving head,292
8944,data/k400/train/vhgoMRhmf7g_000169_000179.mp4,shaving head,292
8945,data/k400/train/82gZv7Ik3zE_000002_000012.mp4,shaving legs,293
8946,data/k400/train/9tajQSxtoBY_000004_000014.mp4,shaving legs,293
8947,data/k400/train/EZyLBq2jJtE_000040_000050.mp4,shaving legs,293
8948,data/k400/train/G_PyyWxC6yw_000067_000077.mp4,shaving legs,293
8949,data/k400/train/HHqeTj79Y3s_000015_000025.mp4,shaving legs,293
8950,data/k400/train/ILScikgj82c_000180_000190.mp4,shaving legs,293
8951,data/k400/train/InPccnAb95M_000671_000681.mp4,shaving legs,293
8952,data/k400/train/LEN4yXTzy0k_000020_000030.mp4,shaving legs,293
8953,data/k400/train/LFvulft5EhE_000177_000187.mp4,shaving legs,293
8954,data/k400/train/LooNeJ-UrnY_000262_000272.mp4,shaving legs,293
8955,data/k400/train/N6yE2IXBy3s_000004_000014.mp4,shaving legs,293
8956,data/k400/train/P6P37rhaQc8_000003_000013.mp4,shaving legs,293
8957,data/k400/train/VDDal9a-bAI_000369_000379.mp4,shaving legs,293
8958,data/k400/train/Xn_y62bp1u0_000095_000105.mp4,shaving legs,293
8959,data/k400/train/aNb3rJPpwRU_000093_000103.mp4,shaving legs,293
8960,data/k400/train/acGKj1dhlyc_000257_000267.mp4,shaving legs,293
8961,data/k400/train/b2B4r1QcHf4_000016_000026.mp4,shaving legs,293
8962,data/k400/train/bM54BP8fH5E_000314_000324.mp4,shaving legs,293
8963,data/k400/train/cS9N1hCojCQ_000070_000080.mp4,shaving legs,293
8964,data/k400/train/hHUlLAe6BsE_000001_000011.mp4,shaving legs,293
8965,data/k400/train/m9wZ7abdroE_000295_000305.mp4,shaving legs,293
8966,data/k400/train/pC4IJmYtyJE_000635_000645.mp4,shaving legs,293
8967,data/k400/train/-Qzs6sCMBZE_000203_000213.mp4,shearing sheep,294
8968,data/k400/train/-_rVqtj1lXo_000066_000076.mp4,shearing sheep,294
8969,data/k400/train/1WF83ZQwpqA_000000_000010.mp4,shearing sheep,294
8970,data/k400/train/2tdLJArgRno_000009_000019.mp4,shearing sheep,294
8971,data/k400/train/3P2vmLTdGU8_000000_000010.mp4,shearing sheep,294
8972,data/k400/train/3PnzUuso5no_000008_000018.mp4,shearing sheep,294
8973,data/k400/train/4-_wGzmvb6s_000032_000042.mp4,shearing sheep,294
8974,data/k400/train/5iLEXZJK7tc_000078_000088.mp4,shearing sheep,294
8975,data/k400/train/7auqkhTp4Fg_000021_000031.mp4,shearing sheep,294
8976,data/k400/train/88ZSxIF2nW0_000264_000274.mp4,shearing sheep,294
8977,data/k400/train/9fNbI7OuG38_000113_000123.mp4,shearing sheep,294
8978,data/k400/train/BRL0zD34Fl8_000128_000138.mp4,shearing sheep,294
8979,data/k400/train/FgPE34aicCc_000027_000037.mp4,shearing sheep,294
8980,data/k400/train/P7SbvOiEWc0_000071_000081.mp4,shearing sheep,294
8981,data/k400/train/TX0Wi5WxjO8_000015_000025.mp4,shearing sheep,294
8982,data/k400/train/UsTw9pax2sw_000000_000010.mp4,shearing sheep,294
8983,data/k400/train/Vo3yuc53XV0_000001_000011.mp4,shearing sheep,294
8984,data/k400/train/XapjEKTOoaI_000020_000030.mp4,shearing sheep,294
8985,data/k400/train/bcRjEJCQXnw_000038_000048.mp4,shearing sheep,294
8986,data/k400/train/c5F6I3py2P4_000543_000553.mp4,shearing sheep,294
8987,data/k400/train/dXRRnIN2uNw_000021_000031.mp4,shearing sheep,294
8988,data/k400/train/fjK6lOMvU6g_000000_000010.mp4,shearing sheep,294
8989,data/k400/train/gzzFaFFo3hM_000158_000168.mp4,shearing sheep,294
8990,data/k400/train/hCqjVjjhSbI_000004_000014.mp4,shearing sheep,294
8991,data/k400/train/jEJV7UjgHWw_000003_000013.mp4,shearing sheep,294
8992,data/k400/train/jRVsXQX8CcA_000005_000015.mp4,shearing sheep,294
8993,data/k400/train/lJK3owVDwgg_000256_000266.mp4,shearing sheep,294
8994,data/k400/train/oclWM-PmWbs_000113_000123.mp4,shearing sheep,294
8995,data/k400/train/pmXXdW9qWYI_000367_000377.mp4,shearing sheep,294
8996,data/k400/train/q4B10VA-mYQ_000002_000012.mp4,shearing sheep,294
8997,data/k400/train/rsMuHP2Lzm0_000031_000041.mp4,shearing sheep,294
8998,data/k400/train/t0KHhdYVcIo_000128_000138.mp4,shearing sheep,294
8999,data/k400/train/uqe_Gy-MiFw_000116_000126.mp4,shearing sheep,294
9000,data/k400/train/wExM7wR5B0M_000010_000020.mp4,shearing sheep,294
9001,data/k400/train/yE10xmDMhvU_000139_000149.mp4,shearing sheep,294
9002,data/k400/train/zDFGzrURdXU_000032_000042.mp4,shearing sheep,294
9003,data/k400/train/5u9XNIvdQpM_000299_000309.mp4,shining shoes,295
9004,data/k400/train/6k2vyOINxqo_000403_000413.mp4,shining shoes,295
9005,data/k400/train/7Prna9lvddc_000238_000248.mp4,shining shoes,295
9006,data/k400/train/BSDQtVeyouU_000022_000032.mp4,shining shoes,295
9007,data/k400/train/BU1vOE4RaMk_000235_000245.mp4,shining shoes,295
9008,data/k400/train/BgRqHj_rTGc_000157_000167.mp4,shining shoes,295
9009,data/k400/train/GkcyjqUBc60_000034_000044.mp4,shining shoes,295
9010,data/k400/train/H8v2uycx7ZQ_000036_000046.mp4,shining shoes,295
9011,data/k400/train/Jd9RJSlwoQg_000088_000098.mp4,shining shoes,295
9012,data/k400/train/PQhzHNtkxuM_000281_000291.mp4,shining shoes,295
9013,data/k400/train/QOMvNgo6CQ4_000001_000011.mp4,shining shoes,295
9014,data/k400/train/XBY7gdWf12o_000005_000015.mp4,shining shoes,295
9015,data/k400/train/Yl8HhuIyuoM_000199_000209.mp4,shining shoes,295
9016,data/k400/train/a-rvCLY3tzI_000024_000034.mp4,shining shoes,295
9017,data/k400/train/a8HT1z23QoM_000160_000170.mp4,shining shoes,295
9018,data/k400/train/b8CDGQF6sKs_000254_000264.mp4,shining shoes,295
9019,data/k400/train/duhin9LX16s_000014_000024.mp4,shining shoes,295
9020,data/k400/train/dyIvpzG78Wc_000065_000075.mp4,shining shoes,295
9021,data/k400/train/hL-ePuEk4_M_000037_000047.mp4,shining shoes,295
9022,data/k400/train/o135MzEDjws_000066_000076.mp4,shining shoes,295
9023,data/k400/train/o6pmNxuAljo_000236_000246.mp4,shining shoes,295
9024,data/k400/train/os9L9YhXGaM_000008_000018.mp4,shining shoes,295
9025,data/k400/train/otVWYJnwUDU_000012_000022.mp4,shining shoes,295
9026,data/k400/train/pEyVu4DadC8_000068_000078.mp4,shining shoes,295
9027,data/k400/train/pS36iDumBAE_000172_000182.mp4,shining shoes,295
9028,data/k400/train/xDYtWWeUYco_000239_000249.mp4,shining shoes,295
9029,data/k400/train/xNHamOa9GFU_000004_000014.mp4,shining shoes,295
9030,data/k400/train/xvaCheICyiQ_000374_000384.mp4,shining shoes,295
9031,data/k400/train/zCEXXRR54A4_000098_000108.mp4,shining shoes,295
9032,data/k400/train/zE1sJ6qhjbc_000074_000084.mp4,shining shoes,295
9033,data/k400/train/-wUqhS0KNp0_000000_000010.mp4,shooting basketball,296
9034,data/k400/train/21x0-b2AXqU_000004_000014.mp4,shooting basketball,296
9035,data/k400/train/8QjdNGaUSHI_000084_000094.mp4,shooting basketball,296
9036,data/k400/train/952hdpTD5XY_000001_000011.mp4,shooting basketball,296
9037,data/k400/train/9WsB8_1TuPc_000033_000043.mp4,shooting basketball,296
9038,data/k400/train/CxhIeSbmqjU_000372_000382.mp4,shooting basketball,296
9039,data/k400/train/D2VucdmVv9w_000078_000088.mp4,shooting basketball,296
9040,data/k400/train/DDd-oYYwUbU_000004_000014.mp4,shooting basketball,296
9041,data/k400/train/DLoG25D37lg_000059_000069.mp4,shooting basketball,296
9042,data/k400/train/ULfjEwKtlbk_000207_000217.mp4,shooting basketball,296
9043,data/k400/train/VYiHlLQd3zI_000018_000028.mp4,shooting basketball,296
9044,data/k400/train/YMLI_xI2Q08_000001_000011.mp4,shooting basketball,296
9045,data/k400/train/c2z3s61rEbk_000064_000074.mp4,shooting basketball,296
9046,data/k400/train/ewnWOwIoPm4_000007_000017.mp4,shooting basketball,296
9047,data/k400/train/fgCLvahKtuU_000095_000105.mp4,shooting basketball,296
9048,data/k400/train/i7AQ1aYb7JM_000006_000016.mp4,shooting basketball,296
9049,data/k400/train/ktITB2Tskqw_000387_000397.mp4,shooting basketball,296
9050,data/k400/train/mjQY1epTRto_000176_000186.mp4,shooting basketball,296
9051,data/k400/train/p7JWTIZsvXk_000008_000018.mp4,shooting basketball,296
9052,data/k400/train/r2qy2rua4s0_000070_000080.mp4,shooting basketball,296
9053,data/k400/train/wTzHthyb1Hw_000065_000075.mp4,shooting basketball,296
9054,data/k400/train/xE4QYi7Ho3k_000039_000049.mp4,shooting basketball,296
9055,data/k400/train/xre3qJWnX7I_000060_000070.mp4,shooting basketball,296
9056,data/k400/train/zDOniStovkw_000016_000026.mp4,shooting basketball,296
9057,data/k400/train/4FERYExUbtg_000000_000010.mp4,shooting goal (soccer),297
9058,data/k400/train/6aCi6nhwWsc_000002_000012.mp4,shooting goal (soccer),297
9059,data/k400/train/7fRkS86QdCM_000002_000012.mp4,shooting goal (soccer),297
9060,data/k400/train/Gacn0aIe-WM_000060_000070.mp4,shooting goal (soccer),297
9061,data/k400/train/LwYeuNpgc7U_000094_000104.mp4,shooting goal (soccer),297
9062,data/k400/train/NX3WLlLOaqY_000098_000108.mp4,shooting goal (soccer),297
9063,data/k400/train/S2z44E6xNGg_000000_000010.mp4,shooting goal (soccer),297
9064,data/k400/train/Vkq0GkLItEc_000004_000014.mp4,shooting goal (soccer),297
9065,data/k400/train/b7EIs1SNkww_000048_000058.mp4,shooting goal (soccer),297
9066,data/k400/train/cS19RB0x1xE_000002_000012.mp4,shooting goal (soccer),297
9067,data/k400/train/qErGhz3zH1E_000014_000024.mp4,shooting goal (soccer),297
9068,data/k400/train/zBKYXJlI_aE_000060_000070.mp4,shooting goal (soccer),297
9069,data/k400/train/0-r7swaqMc8_000002_000012.mp4,shot put,298
9070,data/k400/train/0Wk-o4jT824_000002_000012.mp4,shot put,298
9071,data/k400/train/82kFu7mRtiA_000002_000012.mp4,shot put,298
9072,data/k400/train/8saTwG9N2QY_000003_000013.mp4,shot put,298
9073,data/k400/train/93G2K3bydlI_000041_000051.mp4,shot put,298
9074,data/k400/train/9z2JuhBvl0g_000005_000015.mp4,shot put,298
9075,data/k400/train/BcHthxXyRso_000004_000014.mp4,shot put,298
9076,data/k400/train/Co-Ql-R5G9Y_000002_000012.mp4,shot put,298
9077,data/k400/train/Dzfifva05_Q_000009_000019.mp4,shot put,298
9078,data/k400/train/GOBIRBMFpLY_000002_000012.mp4,shot put,298
9079,data/k400/train/GlxEmZtFtBY_000002_000012.mp4,shot put,298
9080,data/k400/train/H_A4j6LCI_c_000002_000012.mp4,shot put,298
9081,data/k400/train/JBepMhH3cFc_000003_000013.mp4,shot put,298
9082,data/k400/train/Jf6tL1ts4u8_000000_000010.mp4,shot put,298
9083,data/k400/train/KMO8l-4Srno_000002_000012.mp4,shot put,298
9084,data/k400/train/MHmI0ix75-s_000000_000010.mp4,shot put,298
9085,data/k400/train/Nh1nqBRIycs_000002_000012.mp4,shot put,298
9086,data/k400/train/ObchAnaozTo_000009_000019.mp4,shot put,298
9087,data/k400/train/PJzNiNy5NUI_000000_000010.mp4,shot put,298
9088,data/k400/train/TSOlxQOhOaQ_000000_000010.mp4,shot put,298
9089,data/k400/train/TYCpL_uW0Ew_000004_000014.mp4,shot put,298
9090,data/k400/train/W6CskuFOevE_000020_000030.mp4,shot put,298
9091,data/k400/train/WdpYBQ09kos_000002_000012.mp4,shot put,298
9092,data/k400/train/YrG8WKuh0QE_000002_000012.mp4,shot put,298
9093,data/k400/train/_D4_ctkIcAk_000000_000010.mp4,shot put,298
9094,data/k400/train/drL5uY_qXOI_000004_000014.mp4,shot put,298
9095,data/k400/train/f1IaLvFUkQg_000070_000080.mp4,shot put,298
9096,data/k400/train/fO_CcZROSrM_000004_000014.mp4,shot put,298
9097,data/k400/train/kAng6LiAj1g_000004_000014.mp4,shot put,298
9098,data/k400/train/kDbpDlHzt5I_000000_000010.mp4,shot put,298
9099,data/k400/train/mcpF04Vgi40_000007_000017.mp4,shot put,298
9100,data/k400/train/mr2LNc05XWc_000004_000014.mp4,shot put,298
9101,data/k400/train/nbGKOe7iw7w_000041_000051.mp4,shot put,298
9102,data/k400/train/niiOnHcKdzc_000007_000017.mp4,shot put,298
9103,data/k400/train/oABbVDB9Io8_000000_000010.mp4,shot put,298
9104,data/k400/train/rEjQeSNrO5I_000212_000222.mp4,shot put,298
9105,data/k400/train/vFpUhoIk_8g_000004_000014.mp4,shot put,298
9106,data/k400/train/wWBHaGketro_000001_000011.mp4,shot put,298
9107,data/k400/train/yNXAZxghINc_000009_000019.mp4,shot put,298
9108,data/k400/train/zHi9ZJhiFaM_000000_000010.mp4,shot put,298
9109,data/k400/train/0aqDkvYE4fM_000043_000053.mp4,shoveling snow,299
9110,data/k400/train/3Di95IthDB8_000227_000237.mp4,shoveling snow,299
9111,data/k400/train/3cHont0BBXw_000006_000016.mp4,shoveling snow,299
9112,data/k400/train/B1K3HmfBwyA_000003_000013.mp4,shoveling snow,299
9113,data/k400/train/CsmQTgJfD78_000000_000010.mp4,shoveling snow,299
9114,data/k400/train/GSqe4HmfKQ4_000001_000011.mp4,shoveling snow,299
9115,data/k400/train/GXAaXEMsUTI_000030_000040.mp4,shoveling snow,299
9116,data/k400/train/Ip-NwMmC3Ao_000004_000014.mp4,shoveling snow,299
9117,data/k400/train/IxqIBAsBoAo_000029_000039.mp4,shoveling snow,299
9118,data/k400/train/KFqB0fn1hNQ_000000_000010.mp4,shoveling snow,299
9119,data/k400/train/KV-nPqnGL1s_000022_000032.mp4,shoveling snow,299
9120,data/k400/train/Kko3WU63ZbA_000084_000094.mp4,shoveling snow,299
9121,data/k400/train/NRMSpRIkbjc_000030_000040.mp4,shoveling snow,299
9122,data/k400/train/O8sNTF27PO4_000242_000252.mp4,shoveling snow,299
9123,data/k400/train/SkPmcAZFNnQ_000041_000051.mp4,shoveling snow,299
9124,data/k400/train/UMYWEyDLjCU_000032_000042.mp4,shoveling snow,299
9125,data/k400/train/UiakgBgQiMo_000031_000041.mp4,shoveling snow,299
9126,data/k400/train/UlWMyxcW4L0_000003_000013.mp4,shoveling snow,299
9127,data/k400/train/UmQUIcFazB8_000076_000086.mp4,shoveling snow,299
9128,data/k400/train/VJ4B6Rufgw4_000006_000016.mp4,shoveling snow,299
9129,data/k400/train/XK1k7RBqySY_000064_000074.mp4,shoveling snow,299
9130,data/k400/train/Z22prcb34FU_000005_000015.mp4,shoveling snow,299
9131,data/k400/train/_7Y6BheA9aI_000042_000052.mp4,shoveling snow,299
9132,data/k400/train/_OAwfa8PFKE_000087_000097.mp4,shoveling snow,299
9133,data/k400/train/_TfC14bZDu4_000062_000072.mp4,shoveling snow,299
9134,data/k400/train/_cwvOS1ljAs_000155_000165.mp4,shoveling snow,299
9135,data/k400/train/aSQpqWtIcbE_000033_000043.mp4,shoveling snow,299
9136,data/k400/train/a_bxRttgH_k_000004_000014.mp4,shoveling snow,299
9137,data/k400/train/e5W7kLeYqLo_000014_000024.mp4,shoveling snow,299
9138,data/k400/train/jYDHv_bt6fk_000004_000014.mp4,shoveling snow,299
9139,data/k400/train/kQJTdB6UJMQ_000047_000057.mp4,shoveling snow,299
9140,data/k400/train/qXudpW1l5Mw_000018_000028.mp4,shoveling snow,299
9141,data/k400/train/t1UmfUsOXW4_000003_000013.mp4,shoveling snow,299
9142,data/k400/train/tQHDUFZ2YME_000007_000017.mp4,shoveling snow,299
9143,data/k400/train/xJJG1UN6zjU_000018_000028.mp4,shoveling snow,299
9144,data/k400/train/xtkf_6hPdAs_000003_000013.mp4,shoveling snow,299
9145,data/k400/train/zHsUak9_wdU_000002_000012.mp4,shoveling snow,299
9146,data/k400/train/3rDg75gkelk_000002_000012.mp4,shredding paper,300
9147,data/k400/train/7M_B3KPAPe0_000001_000011.mp4,shredding paper,300
9148,data/k400/train/OnHWsdWrupc_000000_000010.mp4,shredding paper,300
9149,data/k400/train/QeHGZC2f3Jg_000000_000010.mp4,shredding paper,300
9150,data/k400/train/dRA09bFE8Gc_000004_000014.mp4,shredding paper,300
9151,data/k400/train/t2a60yGfUYA_000012_000022.mp4,shredding paper,300
9152,data/k400/train/3RM37dl-87Q_000069_000079.mp4,shuffling cards,301
9153,data/k400/train/3XMUs4dD4fM_000016_000026.mp4,shuffling cards,301
9154,data/k400/train/3oIR4pKvHVo_000012_000022.mp4,shuffling cards,301
9155,data/k400/train/4-Vc-aGsuPQ_000054_000064.mp4,shuffling cards,301
9156,data/k400/train/6AXAqLou0zs_000066_000076.mp4,shuffling cards,301
9157,data/k400/train/8UpZaK4715o_000206_000216.mp4,shuffling cards,301
9158,data/k400/train/8arMCFjvHEY_000039_000049.mp4,shuffling cards,301
9159,data/k400/train/EZyB-STqa7w_000006_000016.mp4,shuffling cards,301
9160,data/k400/train/G8sCcFtSZtk_000069_000079.mp4,shuffling cards,301
9161,data/k400/train/IbmmbSlSwN0_000053_000063.mp4,shuffling cards,301
9162,data/k400/train/JRsHA2n1LFU_000053_000063.mp4,shuffling cards,301
9163,data/k400/train/Lh4ryGnoFJc_000004_000014.mp4,shuffling cards,301
9164,data/k400/train/Lk6bDI5_Dzs_000033_000043.mp4,shuffling cards,301
9165,data/k400/train/LqeiFJktJ04_000006_000016.mp4,shuffling cards,301
9166,data/k400/train/M0zw98o7Hfs_000025_000035.mp4,shuffling cards,301
9167,data/k400/train/OgTwUXERu44_000076_000086.mp4,shuffling cards,301
9168,data/k400/train/TP6q664UoyA_000023_000033.mp4,shuffling cards,301
9169,data/k400/train/TV49iLZB4MQ_000005_000015.mp4,shuffling cards,301
9170,data/k400/train/UepC9Y0_1x4_000042_000052.mp4,shuffling cards,301
9171,data/k400/train/XQ-LXdXmLUg_000039_000049.mp4,shuffling cards,301
9172,data/k400/train/XlRfgUgUluY_000041_000051.mp4,shuffling cards,301
9173,data/k400/train/_xkhgmUda3o_000197_000207.mp4,shuffling cards,301
9174,data/k400/train/c8eNuvwFM9U_000065_000075.mp4,shuffling cards,301
9175,data/k400/train/dMoAhmnP-lY_000121_000131.mp4,shuffling cards,301
9176,data/k400/train/g08zT215dL0_000016_000026.mp4,shuffling cards,301
9177,data/k400/train/iB00zR4JPWg_000029_000039.mp4,shuffling cards,301
9178,data/k400/train/qqp8IjAfdr0_000004_000014.mp4,shuffling cards,301
9179,data/k400/train/rDv2iSTs0H0_000410_000420.mp4,shuffling cards,301
9180,data/k400/train/t0eicBxBsnw_000004_000014.mp4,shuffling cards,301
9181,data/k400/train/tHqt-l4-8sw_000002_000012.mp4,shuffling cards,301
9182,data/k400/train/vWiWMDVkJ60_000120_000130.mp4,shuffling cards,301
9183,data/k400/train/xFnLQ-oPm1E_000142_000152.mp4,shuffling cards,301
9184,data/k400/train/1AOZNytDQLI_000006_000016.mp4,side kick,302
9185,data/k400/train/2q9xoD9y3FE_000004_000014.mp4,side kick,302
9186,data/k400/train/5PZV9mct8uA_000002_000012.mp4,side kick,302
9187,data/k400/train/7T7BLrz8L8k_000187_000197.mp4,side kick,302
9188,data/k400/train/GeTa7pdN7OM_000004_000014.mp4,side kick,302
9189,data/k400/train/JMUQUwItzAo_000005_000015.mp4,side kick,302
9190,data/k400/train/Lwqou7Q2R1s_000000_000010.mp4,side kick,302
9191,data/k400/train/NHAzojM01Jo_000141_000151.mp4,side kick,302
9192,data/k400/train/SQTM_Qbbs_0_000018_000028.mp4,side kick,302
9193,data/k400/train/UP3kFg4jqVU_000002_000012.mp4,side kick,302
9194,data/k400/train/XhAKy15_zkw_000001_000011.mp4,side kick,302
9195,data/k400/train/YbcHUWUPX6A_000030_000040.mp4,side kick,302
9196,data/k400/train/_mh8v06Po1o_000002_000012.mp4,side kick,302
9197,data/k400/train/axgxrwlG5bU_000225_000235.mp4,side kick,302
9198,data/k400/train/bsO6CMME0bk_000010_000020.mp4,side kick,302
9199,data/k400/train/cPT5_lJqIHg_000004_000014.mp4,side kick,302
9200,data/k400/train/dOPIR1Cj6kc_000014_000024.mp4,side kick,302
9201,data/k400/train/eS1VuZ2ADPw_000001_000011.mp4,side kick,302
9202,data/k400/train/fMi4BJcv7iw_000000_000010.mp4,side kick,302
9203,data/k400/train/ffdl_kogUwo_000027_000037.mp4,side kick,302
9204,data/k400/train/gSSPE-1Rbhc_000006_000016.mp4,side kick,302
9205,data/k400/train/jOJT8Q8Ffxw_000000_000010.mp4,side kick,302
9206,data/k400/train/mDg892majjE_000021_000031.mp4,side kick,302
9207,data/k400/train/o-xBblGA57k_000000_000010.mp4,side kick,302
9208,data/k400/train/t_cQA3PtSY8_000005_000015.mp4,side kick,302
9209,data/k400/train/ut_heFUia70_000010_000020.mp4,side kick,302
9210,data/k400/train/xzgLmLfBsU0_000032_000042.mp4,side kick,302
9211,data/k400/train/yIeY96nzh70_000203_000213.mp4,side kick,302
9212,data/k400/train/zxXNm9C-8L4_000000_000010.mp4,side kick,302
9213,data/k400/train/-V8ApSSg0Kg_000428_000438.mp4,sign language interpreting,303
9214,data/k400/train/0K9eESts1Y8_000001_000011.mp4,sign language interpreting,303
9215,data/k400/train/9S0Fa4yMzyg_000172_000182.mp4,sign language interpreting,303
9216,data/k400/train/CTdtYBL9T_g_000004_000014.mp4,sign language interpreting,303
9217,data/k400/train/HPNyvs0VkTw_000003_000013.mp4,sign language interpreting,303
9218,data/k400/train/LiUQsoEip7s_000029_000039.mp4,sign language interpreting,303
9219,data/k400/train/MCTDgLUUhBw_000287_000297.mp4,sign language interpreting,303
9220,data/k400/train/PPr0P0FBCy8_000001_000011.mp4,sign language interpreting,303
9221,data/k400/train/S7obdxKMa0w_000054_000064.mp4,sign language interpreting,303
9222,data/k400/train/ThrubcvTKug_000018_000028.mp4,sign language interpreting,303
9223,data/k400/train/YYdD2zDmuuU_000034_000044.mp4,sign language interpreting,303
9224,data/k400/train/fHaabh7CPX0_000008_000018.mp4,sign language interpreting,303
9225,data/k400/train/hCENiGkK2hQ_000003_000013.mp4,sign language interpreting,303
9226,data/k400/train/jgv105nEC24_000007_000017.mp4,sign language interpreting,303
9227,data/k400/train/qSSOX5yE-gQ_000035_000045.mp4,sign language interpreting,303
9228,data/k400/train/r7PCbYq8dhU_000146_000156.mp4,sign language interpreting,303
9229,data/k400/train/swCBMbwrIU4_000000_000010.mp4,sign language interpreting,303
9230,data/k400/train/vWZCHRK-75g_000001_000011.mp4,sign language interpreting,303
9231,data/k400/train/vxrjut5d9eU_000166_000176.mp4,sign language interpreting,303
9232,data/k400/train/xGWKpTU5qtk_000001_000011.mp4,sign language interpreting,303
9233,data/k400/train/0WeqMP6xabk_000072_000082.mp4,singing,304
9234,data/k400/train/0hhdwUcurPY_000123_000133.mp4,singing,304
9235,data/k400/train/17u2o3lgVp8_000197_000207.mp4,singing,304
9236,data/k400/train/4_XrMlpII6g_000134_000144.mp4,singing,304
9237,data/k400/train/5bKIn4J9qTg_000030_000040.mp4,singing,304
9238,data/k400/train/7DZvMHOveo4_000035_000045.mp4,singing,304
9239,data/k400/train/7Wf6IA_oW-M_000147_000157.mp4,singing,304
9240,data/k400/train/8-iwlfcciHI_000195_000205.mp4,singing,304
9241,data/k400/train/82vIq7CJecE_000112_000122.mp4,singing,304
9242,data/k400/train/E5tAMhR7Swc_000055_000065.mp4,singing,304
9243,data/k400/train/F6cS5xXF6Bc_000024_000034.mp4,singing,304
9244,data/k400/train/FGzL4ZSLHrU_000000_000010.mp4,singing,304
9245,data/k400/train/HD5U9Yx8wLI_000275_000285.mp4,singing,304
9246,data/k400/train/HD6VqxHoCbk_000010_000020.mp4,singing,304
9247,data/k400/train/HD6qMT-x3_M_000236_000246.mp4,singing,304
9248,data/k400/train/HwuaAzZzGN4_000002_000012.mp4,singing,304
9249,data/k400/train/IjjXuh4FrrY_000324_000334.mp4,singing,304
9250,data/k400/train/LT-wd0FV2Ao_000075_000085.mp4,singing,304
9251,data/k400/train/NH8HVsKgmBQ_000002_000012.mp4,singing,304
9252,data/k400/train/OhNZbe-1NME_000102_000112.mp4,singing,304
9253,data/k400/train/OuxbWP6-_GI_000013_000023.mp4,singing,304
9254,data/k400/train/P9iYpV7O0aI_000024_000034.mp4,singing,304
9255,data/k400/train/R4TX4nd4lCk_000050_000060.mp4,singing,304
9256,data/k400/train/R5Stvk8v98k_000002_000012.mp4,singing,304
9257,data/k400/train/T_59IVsqxdY_000004_000014.mp4,singing,304
9258,data/k400/train/TaaSLk97wdM_000070_000080.mp4,singing,304
9259,data/k400/train/X0oHL_u3HqQ_000186_000196.mp4,singing,304
9260,data/k400/train/YK7LguBCVwA_000125_000135.mp4,singing,304
9261,data/k400/train/YWFTOwAFjOA_000105_000115.mp4,singing,304
9262,data/k400/train/bdoxLtzSKa0_000009_000019.mp4,singing,304
9263,data/k400/train/bmZFl9lRQWg_000143_000153.mp4,singing,304
9264,data/k400/train/ckNfWypiTT4_000013_000023.mp4,singing,304
9265,data/k400/train/f0lDBtPLL7c_000105_000115.mp4,singing,304
9266,data/k400/train/f7dcyKXhMVk_000063_000073.mp4,singing,304
9267,data/k400/train/fD6SE01XxeA_000000_000010.mp4,singing,304
9268,data/k400/train/fEEslPANFu0_000064_000074.mp4,singing,304
9269,data/k400/train/fYjsyg2dy-4_000161_000171.mp4,singing,304
9270,data/k400/train/hnPKjhpqwRA_000011_000021.mp4,singing,304
9271,data/k400/train/i2cYsvDWQSQ_000055_000065.mp4,singing,304
9272,data/k400/train/llEDxaQ2Ke0_000086_000096.mp4,singing,304
9273,data/k400/train/lsjNBwZWGMM_000065_000075.mp4,singing,304
9274,data/k400/train/mSt6ZcuF6x4_000098_000108.mp4,singing,304
9275,data/k400/train/mhdwMyHYEuU_000115_000125.mp4,singing,304
9276,data/k400/train/nauVDP5-tEc_000012_000022.mp4,singing,304
9277,data/k400/train/ofjnVbPbaXY_000099_000109.mp4,singing,304
9278,data/k400/train/ox1UTc1Rvsk_000311_000321.mp4,singing,304
9279,data/k400/train/p2y7vALjqrQ_000083_000093.mp4,singing,304
9280,data/k400/train/vGcT2s7BvCk_000235_000245.mp4,singing,304
9281,data/k400/train/wbwje7fwHl0_000112_000122.mp4,singing,304
9282,data/k400/train/-uEXgPd-C_U_000017_000027.mp4,situp,305
9283,data/k400/train/0vy1QR7gQvc_000026_000036.mp4,situp,305
9284,data/k400/train/4UETjQ2UZS0_000000_000010.mp4,situp,305
9285,data/k400/train/7Yp_-9FCf2I_000039_000049.mp4,situp,305
9286,data/k400/train/7hvz7MQIyyY_000014_000024.mp4,situp,305
9287,data/k400/train/9AzxNJ3hR1Y_000008_000018.mp4,situp,305
9288,data/k400/train/9DkR2as5UDc_000008_000018.mp4,situp,305
9289,data/k400/train/9iQhmtcp_7c_000042_000052.mp4,situp,305
9290,data/k400/train/EeduNBnUkZY_000220_000230.mp4,situp,305
9291,data/k400/train/Gvr1mtJlWsQ_000000_000010.mp4,situp,305
9292,data/k400/train/JV3gDDL_Jsk_000003_000013.mp4,situp,305
9293,data/k400/train/Wu_Nkq8j9n0_000000_000010.mp4,situp,305
9294,data/k400/train/YkqweZL-P8Q_000042_000052.mp4,situp,305
9295,data/k400/train/aekXggtz-HA_000008_000018.mp4,situp,305
9296,data/k400/train/dOrxLfQUEZU_000029_000039.mp4,situp,305
9297,data/k400/train/dWRaBTyvlm8_000030_000040.mp4,situp,305
9298,data/k400/train/fYWVOAuJUyc_000386_000396.mp4,situp,305
9299,data/k400/train/jDwoBqPH0jk_000050_000060.mp4,situp,305
9300,data/k400/train/kGSYIU5uEdU_000008_000018.mp4,situp,305
9301,data/k400/train/kg2U6Rv0tkY_000001_000011.mp4,situp,305
9302,data/k400/train/nZMDa4Os4O0_000008_000018.mp4,situp,305
9303,data/k400/train/oOdefJCGzvs_000002_000012.mp4,situp,305
9304,data/k400/train/pMS2dU0FuPk_000087_000097.mp4,situp,305
9305,data/k400/train/rASjuHdAxew_000044_000054.mp4,situp,305
9306,data/k400/train/tF6lEJf4a1A_000055_000065.mp4,situp,305
9307,data/k400/train/u5_DudL-EFU_000102_000112.mp4,situp,305
9308,data/k400/train/xfp4YelWEvE_000017_000027.mp4,situp,305
9309,data/k400/train/zWVVfeQMm9Q_000023_000033.mp4,situp,305
9310,data/k400/train/zXuRxiF_9P8_000074_000084.mp4,situp,305
9311,data/k400/train/zaNhOZoR3Gk_000025_000035.mp4,situp,305
9312,data/k400/train/-KkkzJ1yWHE_000300_000310.mp4,skateboarding,306
9313,data/k400/train/0EjIV6MckpA_000396_000406.mp4,skateboarding,306
9314,data/k400/train/3y9FkoHqUiY_000210_000220.mp4,skateboarding,306
9315,data/k400/train/54gTEJ470XM_000010_000020.mp4,skateboarding,306
9316,data/k400/train/58oGaVlLzEU_000063_000073.mp4,skateboarding,306
9317,data/k400/train/6Byk3Vp-lU0_000170_000180.mp4,skateboarding,306
9318,data/k400/train/6HqQ_imvT7U_000091_000101.mp4,skateboarding,306
9319,data/k400/train/776vz7-p5Q4_000091_000101.mp4,skateboarding,306
9320,data/k400/train/8cU1w_NZ0sc_001541_001551.mp4,skateboarding,306
9321,data/k400/train/B906QmKLY5s_000200_000210.mp4,skateboarding,306
9322,data/k400/train/CNwGobpSxrk_000059_000069.mp4,skateboarding,306
9323,data/k400/train/Cshumz7fqVk_000187_000197.mp4,skateboarding,306
9324,data/k400/train/D0Oas9YdufU_000159_000169.mp4,skateboarding,306
9325,data/k400/train/D70KfZOBkok_000216_000226.mp4,skateboarding,306
9326,data/k400/train/DqPWZ2hxUgo_000177_000187.mp4,skateboarding,306
9327,data/k400/train/H4BsBXyutaw_000060_000070.mp4,skateboarding,306
9328,data/k400/train/HKai_xcKreg_000798_000808.mp4,skateboarding,306
9329,data/k400/train/Ha2MhJU9SIg_000051_000061.mp4,skateboarding,306
9330,data/k400/train/IfPU3MCzakQ_000006_000016.mp4,skateboarding,306
9331,data/k400/train/IsZCKjOHFKg_000143_000153.mp4,skateboarding,306
9332,data/k400/train/JfvM3j-KQYs_000159_000169.mp4,skateboarding,306
9333,data/k400/train/KeS8GzQtS-E_000035_000045.mp4,skateboarding,306
9334,data/k400/train/LEnJZ9dQ4aA_000041_000051.mp4,skateboarding,306
9335,data/k400/train/N0OaR9QL4UQ_000024_000034.mp4,skateboarding,306
9336,data/k400/train/N3w9EOLdZSI_000860_000870.mp4,skateboarding,306
9337,data/k400/train/P60WOYqBdDg_000064_000074.mp4,skateboarding,306
9338,data/k400/train/T2Ej3ElSXo4_000091_000101.mp4,skateboarding,306
9339,data/k400/train/TdjJRIA0f7k_000125_000135.mp4,skateboarding,306
9340,data/k400/train/VPz-tycdFKE_000001_000011.mp4,skateboarding,306
9341,data/k400/train/VgOaIcLWZos_000207_000217.mp4,skateboarding,306
9342,data/k400/train/WTiKOvSO4rg_000001_000011.mp4,skateboarding,306
9343,data/k400/train/XiuydNlw9OI_000365_000375.mp4,skateboarding,306
9344,data/k400/train/_3UhOCg5d-Y_000005_000015.mp4,skateboarding,306
9345,data/k400/train/_P4jI0KW0c4_000138_000148.mp4,skateboarding,306
9346,data/k400/train/bu8b3L3xiBA_000041_000051.mp4,skateboarding,306
9347,data/k400/train/c3legkjg_og_000072_000082.mp4,skateboarding,306
9348,data/k400/train/fBer60-3pVg_000003_000013.mp4,skateboarding,306
9349,data/k400/train/gn1mhqfQ0XU_000032_000042.mp4,skateboarding,306
9350,data/k400/train/iGccVFZxIMs_000098_000108.mp4,skateboarding,306
9351,data/k400/train/lDQ2z7sobaQ_000146_000156.mp4,skateboarding,306
9352,data/k400/train/lQ_5ZVKnb08_000130_000140.mp4,skateboarding,306
9353,data/k400/train/lSzrbPq0dZQ_000787_000797.mp4,skateboarding,306
9354,data/k400/train/mBRA4960I4Q_000266_000276.mp4,skateboarding,306
9355,data/k400/train/naKUFZg0SEQ_000236_000246.mp4,skateboarding,306
9356,data/k400/train/pHWwCks0Lds_000048_000058.mp4,skateboarding,306
9357,data/k400/train/qeV-JKp0CL0_000075_000085.mp4,skateboarding,306
9358,data/k400/train/qszSoT2EH7U_000072_000082.mp4,skateboarding,306
9359,data/k400/train/rDEmQmhX-A0_000085_000095.mp4,skateboarding,306
9360,data/k400/train/rHEJ1b3Marc_000170_000180.mp4,skateboarding,306
9361,data/k400/train/rwOUiIA73mY_000041_000051.mp4,skateboarding,306
9362,data/k400/train/sUxxlu16J9U_000005_000015.mp4,skateboarding,306
9363,data/k400/train/vOMfZa46ixA_000124_000134.mp4,skateboarding,306
9364,data/k400/train/y3-f3y8qmyA_000096_000106.mp4,skateboarding,306
9365,data/k400/train/yWnD2duV87E_000018_000028.mp4,skateboarding,306
9366,data/k400/train/1TAgJLOzXUs_000002_000012.mp4,ski jumping,307
9367,data/k400/train/1bWKk_O6l48_000005_000015.mp4,ski jumping,307
9368,data/k400/train/3wqAWXxtJ3I_000011_000021.mp4,ski jumping,307
9369,data/k400/train/5CzGaEEGVyw_000002_000012.mp4,ski jumping,307
9370,data/k400/train/7N5oQDHD5vM_000004_000014.mp4,ski jumping,307
9371,data/k400/train/91iywQRt5Is_000008_000018.mp4,ski jumping,307
9372,data/k400/train/APb3DXMR8Sw_000001_000011.mp4,ski jumping,307
9373,data/k400/train/CYq3bT1h6ao_000014_000024.mp4,ski jumping,307
9374,data/k400/train/DI6AmKVtuIg_000010_000020.mp4,ski jumping,307
9375,data/k400/train/DLRY9nmnxA4_000000_000010.mp4,ski jumping,307
9376,data/k400/train/FFQQYRU9aKw_000001_000011.mp4,ski jumping,307
9377,data/k400/train/FGv4huCoJ9g_000219_000229.mp4,ski jumping,307
9378,data/k400/train/JT6VfOc5qBA_000009_000019.mp4,ski jumping,307
9379,data/k400/train/JXLNroTanBc_000001_000011.mp4,ski jumping,307
9380,data/k400/train/KRB1zry3cBo_000002_000012.mp4,ski jumping,307
9381,data/k400/train/KVE2Tix7bJ8_000000_000010.mp4,ski jumping,307
9382,data/k400/train/MWq20bMm7fE_000119_000129.mp4,ski jumping,307
9383,data/k400/train/OYGfNx-BdS8_000089_000099.mp4,ski jumping,307
9384,data/k400/train/R56dCMoOhT8_000002_000012.mp4,ski jumping,307
9385,data/k400/train/T3HuP1QDKDg_000010_000020.mp4,ski jumping,307
9386,data/k400/train/UFbfncw_s5A_000022_000032.mp4,ski jumping,307
9387,data/k400/train/VrDzraREMok_000066_000076.mp4,ski jumping,307
9388,data/k400/train/XJuz8E_FDnI_000004_000014.mp4,ski jumping,307
9389,data/k400/train/XMx5KhLr3jk_000000_000010.mp4,ski jumping,307
9390,data/k400/train/YADkXSULgf4_000003_000013.mp4,ski jumping,307
9391,data/k400/train/ZR-4c-fkvXA_000026_000036.mp4,ski jumping,307
9392,data/k400/train/Ziev_LXbrso_000100_000110.mp4,ski jumping,307
9393,data/k400/train/ZpdyzyUfIT4_000002_000012.mp4,ski jumping,307
9394,data/k400/train/fK63QPwGuOA_000004_000014.mp4,ski jumping,307
9395,data/k400/train/fwK5ra7w3QY_000050_000060.mp4,ski jumping,307
9396,data/k400/train/iivTM7KwKmY_000004_000014.mp4,ski jumping,307
9397,data/k400/train/nB7ahCQ-uS0_000000_000010.mp4,ski jumping,307
9398,data/k400/train/qdqRyBMWM6s_000053_000063.mp4,ski jumping,307
9399,data/k400/train/s7o9TlxY1iU_000211_000221.mp4,ski jumping,307
9400,data/k400/train/sxQMM_29bgo_000007_000017.mp4,ski jumping,307
9401,data/k400/train/uIARA-nzwFk_000058_000068.mp4,ski jumping,307
9402,data/k400/train/wUFP0tD0CY8_000013_000023.mp4,ski jumping,307
9403,data/k400/train/yojlAe5SPDY_000002_000012.mp4,ski jumping,307
9404,data/k400/train/ytvCFLRQcEU_000002_000012.mp4,ski jumping,307
9405,data/k400/train/132uL24Fd8Q_000074_000084.mp4,skiing (not slalom or crosscountry),308
9406,data/k400/train/1RPV8cBtSd8_000065_000075.mp4,skiing (not slalom or crosscountry),308
9407,data/k400/train/1YXQ9R5roNs_000165_000175.mp4,skiing (not slalom or crosscountry),308
9408,data/k400/train/2IpA1tSBXK0_000161_000171.mp4,skiing (not slalom or crosscountry),308
9409,data/k400/train/3Eg9tK31dvM_000279_000289.mp4,skiing (not slalom or crosscountry),308
9410,data/k400/train/3rNQCUcieaQ_000461_000471.mp4,skiing (not slalom or crosscountry),308
9411,data/k400/train/4YsqauLCqaU_000058_000068.mp4,skiing (not slalom or crosscountry),308
9412,data/k400/train/5aLZ4dGP6Bo_001002_001012.mp4,skiing (not slalom or crosscountry),308
9413,data/k400/train/8G6UdakIlr4_000000_000010.mp4,skiing (not slalom or crosscountry),308
9414,data/k400/train/8MK4W3WA4PU_000865_000875.mp4,skiing (not slalom or crosscountry),308
9415,data/k400/train/8ihCZkTyjsQ_000133_000143.mp4,skiing (not slalom or crosscountry),308
9416,data/k400/train/94O_-kTrQTE_000020_000030.mp4,skiing (not slalom or crosscountry),308
9417,data/k400/train/BuaqLYgl8O0_000085_000095.mp4,skiing (not slalom or crosscountry),308
9418,data/k400/train/Cp6iMVCJDng_000019_000029.mp4,skiing (not slalom or crosscountry),308
9419,data/k400/train/Ea7zOrv4DLc_000015_000025.mp4,skiing (not slalom or crosscountry),308
9420,data/k400/train/G1dhCHI3Be8_000394_000404.mp4,skiing (not slalom or crosscountry),308
9421,data/k400/train/G1uSA4JpT4I_000045_000055.mp4,skiing (not slalom or crosscountry),308
9422,data/k400/train/GkTWZp43PKk_000137_000147.mp4,skiing (not slalom or crosscountry),308
9423,data/k400/train/H1ej9M1i7TM_000147_000157.mp4,skiing (not slalom or crosscountry),308
9424,data/k400/train/HsFSP8JmC5M_000079_000089.mp4,skiing (not slalom or crosscountry),308
9425,data/k400/train/JahBNza8zig_000009_000019.mp4,skiing (not slalom or crosscountry),308
9426,data/k400/train/KFVmxegMTUA_000127_000137.mp4,skiing (not slalom or crosscountry),308
9427,data/k400/train/MgczHQUIwtc_000059_000069.mp4,skiing (not slalom or crosscountry),308
9428,data/k400/train/N3iBz4d890c_000118_000128.mp4,skiing (not slalom or crosscountry),308
9429,data/k400/train/NPYz8Zx9gYo_000119_000129.mp4,skiing (not slalom or crosscountry),308
9430,data/k400/train/NsUkOzeDW_M_000478_000488.mp4,skiing (not slalom or crosscountry),308
9431,data/k400/train/Qu_3I2V3BOc_000177_000187.mp4,skiing (not slalom or crosscountry),308
9432,data/k400/train/QxsmTSv6CPo_000065_000075.mp4,skiing (not slalom or crosscountry),308
9433,data/k400/train/RqWJ8_T8s4g_000065_000075.mp4,skiing (not slalom or crosscountry),308
9434,data/k400/train/S1lI0kv0Tac_000034_000044.mp4,skiing (not slalom or crosscountry),308
9435,data/k400/train/TeoF50bxecI_000061_000071.mp4,skiing (not slalom or crosscountry),308
9436,data/k400/train/TlGsEP0O6us_000254_000264.mp4,skiing (not slalom or crosscountry),308
9437,data/k400/train/UUUCRbhFE0k_000304_000314.mp4,skiing (not slalom or crosscountry),308
9438,data/k400/train/WDKuoB6KITQ_000022_000032.mp4,skiing (not slalom or crosscountry),308
9439,data/k400/train/X7QwXFtVeY0_000105_000115.mp4,skiing (not slalom or crosscountry),308
9440,data/k400/train/YwyIEoBmf20_000265_000275.mp4,skiing (not slalom or crosscountry),308
9441,data/k400/train/Zk_4awT-HXU_000068_000078.mp4,skiing (not slalom or crosscountry),308
9442,data/k400/train/Zoir1m5yacE_000045_000055.mp4,skiing (not slalom or crosscountry),308
9443,data/k400/train/_-yYAA8vGSY_000112_000122.mp4,skiing (not slalom or crosscountry),308
9444,data/k400/train/amMDQsh2q3I_000188_000198.mp4,skiing (not slalom or crosscountry),308
9445,data/k400/train/bDluo5-4PNQ_000074_000084.mp4,skiing (not slalom or crosscountry),308
9446,data/k400/train/cI4sh59oZkM_003395_003405.mp4,skiing (not slalom or crosscountry),308
9447,data/k400/train/dpUCuE8En0c_000020_000030.mp4,skiing (not slalom or crosscountry),308
9448,data/k400/train/fHRjO-37UOc_000102_000112.mp4,skiing (not slalom or crosscountry),308
9449,data/k400/train/f_JdllDz_-U_000225_000235.mp4,skiing (not slalom or crosscountry),308
9450,data/k400/train/hYmqkW9m8R4_000064_000074.mp4,skiing (not slalom or crosscountry),308
9451,data/k400/train/iX4H56HARuI_000180_000190.mp4,skiing (not slalom or crosscountry),308
9452,data/k400/train/jNpZyaczuXA_000064_000074.mp4,skiing (not slalom or crosscountry),308
9453,data/k400/train/n-BDRe2axHY_000117_000127.mp4,skiing (not slalom or crosscountry),308
9454,data/k400/train/oA6BsOowStI_000247_000257.mp4,skiing (not slalom or crosscountry),308
9455,data/k400/train/qncoepnI_Ec_000547_000557.mp4,skiing (not slalom or crosscountry),308
9456,data/k400/train/tuGHVLBtic0_000135_000145.mp4,skiing (not slalom or crosscountry),308
9457,data/k400/train/vq9xVT4LLTw_000395_000405.mp4,skiing (not slalom or crosscountry),308
9458,data/k400/train/vy-9d5ca92E_000012_000022.mp4,skiing (not slalom or crosscountry),308
9459,data/k400/train/y9E2NKiccqs_000164_000174.mp4,skiing (not slalom or crosscountry),308
9460,data/k400/train/6NM2LCnjOw4_000764_000774.mp4,skiing crosscountry,309
9461,data/k400/train/6fwrnovrat0_000055_000065.mp4,skiing crosscountry,309
9462,data/k400/train/DiVYGcXBiVE_000450_000460.mp4,skiing crosscountry,309
9463,data/k400/train/ItRwhnkyJuk_000000_000010.mp4,skiing crosscountry,309
9464,data/k400/train/K63-nR0RAM8_000013_000023.mp4,skiing crosscountry,309
9465,data/k400/train/K6IHqFwmnI4_000205_000215.mp4,skiing crosscountry,309
9466,data/k400/train/PF7q4nRt5kE_000008_000018.mp4,skiing crosscountry,309
9467,data/k400/train/UJB7u7g2Slk_000045_000055.mp4,skiing crosscountry,309
9468,data/k400/train/YJbbUZMTKbg_000051_000061.mp4,skiing crosscountry,309
9469,data/k400/train/ZtimA10YIy8_000049_000059.mp4,skiing crosscountry,309
9470,data/k400/train/dwEPBcu3XXA_000000_000010.mp4,skiing crosscountry,309
9471,data/k400/train/lps9THlog6s_000344_000354.mp4,skiing crosscountry,309
9472,data/k400/train/4gJC_YGs7tM_000821_000831.mp4,skiing slalom,310
9473,data/k400/train/GH66g1zoeZI_000134_000144.mp4,skiing slalom,310
9474,data/k400/train/KQm7UnYPHf8_000066_000076.mp4,skiing slalom,310
9475,data/k400/train/Ki4S5GlwGb4_000411_000421.mp4,skiing slalom,310
9476,data/k400/train/YkLC_PnS2Mc_000030_000040.mp4,skiing slalom,310
9477,data/k400/train/ex7_EQwPXV8_000000_000010.mp4,skiing slalom,310
9478,data/k400/train/hV3rXW4tLqg_000194_000204.mp4,skiing slalom,310
9479,data/k400/train/kGIduXaItxQ_000359_000369.mp4,skiing slalom,310
9480,data/k400/train/lACLSaVpu1s_000023_000033.mp4,skiing slalom,310
9481,data/k400/train/mvG3PUIK-Pk_000000_000010.mp4,skiing slalom,310
9482,data/k400/train/pHTcObtQQy8_000006_000016.mp4,skiing slalom,310
9483,data/k400/train/q9VR6RF_I0g_000378_000388.mp4,skiing slalom,310
9484,data/k400/train/qaM-lKuDyOc_000025_000035.mp4,skiing slalom,310
9485,data/k400/train/rjx4a6_sa3Y_002601_002611.mp4,skiing slalom,310
9486,data/k400/train/vBR-phdoDcM_000007_000017.mp4,skiing slalom,310
9487,data/k400/train/zhl9MYvpjFw_000028_000038.mp4,skiing slalom,310
9488,data/k400/train/0a9iLocaeBE_000118_000128.mp4,skipping rope,311
9489,data/k400/train/3b4q6_44RwM_000091_000101.mp4,skipping rope,311
9490,data/k400/train/5FmKdSk7vFc_000284_000294.mp4,skipping rope,311
9491,data/k400/train/8Xqb_DyR-nU_000553_000563.mp4,skipping rope,311
9492,data/k400/train/AdPQjbN8a4k_000025_000035.mp4,skipping rope,311
9493,data/k400/train/LnfqgJq6yVI_000000_000010.mp4,skipping rope,311
9494,data/k400/train/PhqXiomYkqw_000018_000028.mp4,skipping rope,311
9495,data/k400/train/QwnEXRwaDJc_000158_000168.mp4,skipping rope,311
9496,data/k400/train/fM91asSmF0s_000068_000078.mp4,skipping rope,311
9497,data/k400/train/jmPV_y8YntQ_000089_000099.mp4,skipping rope,311
9498,data/k400/train/pJURkPJMXlA_000006_000016.mp4,skipping rope,311
9499,data/k400/train/rMatLhHAdBk_000037_000047.mp4,skipping rope,311
9500,data/k400/train/tAE4kRsPTH8_000020_000030.mp4,skipping rope,311
9501,data/k400/train/u6S4RfsOqTU_000028_000038.mp4,skipping rope,311
9502,data/k400/train/0u7M7o_z8b0_000054_000064.mp4,skydiving,312
9503,data/k400/train/15OHgU4gfMo_000172_000182.mp4,skydiving,312
9504,data/k400/train/85UxQ1t2fTU_000008_000018.mp4,skydiving,312
9505,data/k400/train/EQr-KCV1R6Q_000233_000243.mp4,skydiving,312
9506,data/k400/train/I_juvFG_Txk_000227_000237.mp4,skydiving,312
9507,data/k400/train/M6mdUQ5zLik_000153_000163.mp4,skydiving,312
9508,data/k400/train/U9w7Pr3FfAw_000014_000024.mp4,skydiving,312
9509,data/k400/train/X00myhV6R8E_000018_000028.mp4,skydiving,312
9510,data/k400/train/XG7t2GrRXso_000301_000311.mp4,skydiving,312
9511,data/k400/train/f9EOD2dDBqM_000063_000073.mp4,skydiving,312
9512,data/k400/train/fQFWl-S2je4_000013_000023.mp4,skydiving,312
9513,data/k400/train/iMnL5lSrvHM_000490_000500.mp4,skydiving,312
9514,data/k400/train/0UX-kwgZh8c_000026_000036.mp4,slacklining,313
9515,data/k400/train/3ZVCOVksOp4_000048_000058.mp4,slacklining,313
9516,data/k400/train/79Rg6SiCNZs_000000_000010.mp4,slacklining,313
9517,data/k400/train/9-NT6HkWaXM_000004_000014.mp4,slacklining,313
9518,data/k400/train/AYd_lQXtKRE_000006_000016.mp4,slacklining,313
9519,data/k400/train/EzvPB9ww3hM_000027_000037.mp4,slacklining,313
9520,data/k400/train/HbXWxqDeD68_000019_000029.mp4,slacklining,313
9521,data/k400/train/IPSlhfV2nIE_000008_000018.mp4,slacklining,313
9522,data/k400/train/LGi3Ykq-874_000000_000010.mp4,slacklining,313
9523,data/k400/train/Mi0cj_yPSrE_000035_000045.mp4,slacklining,313
9524,data/k400/train/OJ8tpJ9p4QI_000267_000277.mp4,slacklining,313
9525,data/k400/train/Pidj08bQyiM_000000_000010.mp4,slacklining,313
9526,data/k400/train/Ru_4Fs2vEMw_000089_000099.mp4,slacklining,313
9527,data/k400/train/S5ebb_JereE_000003_000013.mp4,slacklining,313
9528,data/k400/train/TKzvz2b3r4E_000064_000074.mp4,slacklining,313
9529,data/k400/train/U5tpxpsE7_o_000044_000054.mp4,slacklining,313
9530,data/k400/train/V4ANlumoNgk_000004_000014.mp4,slacklining,313
9531,data/k400/train/WaiD3mMBOYE_000756_000766.mp4,slacklining,313
9532,data/k400/train/XHgqd7vbGB0_000086_000096.mp4,slacklining,313
9533,data/k400/train/Z7VzUKbz5cc_000009_000019.mp4,slacklining,313
9534,data/k400/train/_nTW6Z2RuzQ_000000_000010.mp4,slacklining,313
9535,data/k400/train/cHSQf182hfg_000006_000016.mp4,slacklining,313
9536,data/k400/train/cbf-jNzWr-k_000024_000034.mp4,slacklining,313
9537,data/k400/train/fTIdzf3QyfI_000099_000109.mp4,slacklining,313
9538,data/k400/train/hkE5k9w06t4_000022_000032.mp4,slacklining,313
9539,data/k400/train/kVTc3rBuY2I_000028_000038.mp4,slacklining,313
9540,data/k400/train/myTJREdJSdc_000033_000043.mp4,slacklining,313
9541,data/k400/train/n8RBDk76CWI_000002_000012.mp4,slacklining,313
9542,data/k400/train/oPy7d5PfGY0_000056_000066.mp4,slacklining,313
9543,data/k400/train/wmY74i5H_GM_000162_000172.mp4,slacklining,313
9544,data/k400/train/3-WhiVrx0JM_000002_000012.mp4,slapping,314
9545,data/k400/train/9-eiEWzjAc4_000025_000035.mp4,slapping,314
9546,data/k400/train/IRd4HvLX3-k_000003_000013.mp4,slapping,314
9547,data/k400/train/KmOPawN35Wg_000002_000012.mp4,slapping,314
9548,data/k400/train/L-8GPTW25Fs_000003_000013.mp4,slapping,314
9549,data/k400/train/OHv3L4ECzSI_000004_000014.mp4,slapping,314
9550,data/k400/train/P7XCq9gaAek_000021_000031.mp4,slapping,314
9551,data/k400/train/P_dyq3uCMko_000022_000032.mp4,slapping,314
9552,data/k400/train/TK6MCCrDP4o_000002_000012.mp4,slapping,314
9553,data/k400/train/TW4B8QpDdHE_000026_000036.mp4,slapping,314
9554,data/k400/train/er0BN8G91X0_000037_000047.mp4,slapping,314
9555,data/k400/train/q9mtR0kunz4_000034_000044.mp4,slapping,314
9556,data/k400/train/qmlrPOOcu_0_000006_000016.mp4,slapping,314
9557,data/k400/train/yn4nM3k8aUo_000003_000013.mp4,slapping,314
9558,data/k400/train/3LmaFNKEcfw_000002_000012.mp4,sled dog racing,315
9559,data/k400/train/4Oy9p0dCzqc_000142_000152.mp4,sled dog racing,315
9560,data/k400/train/5f3yHdYoUKY_000012_000022.mp4,sled dog racing,315
9561,data/k400/train/CDm0aEpVpBs_000022_000032.mp4,sled dog racing,315
9562,data/k400/train/DUApAbG6mME_000005_000015.mp4,sled dog racing,315
9563,data/k400/train/Db9uxVt5RZA_000006_000016.mp4,sled dog racing,315
9564,data/k400/train/FBfM3SOD0sY_000046_000056.mp4,sled dog racing,315
9565,data/k400/train/IbJdgddf2rs_000020_000030.mp4,sled dog racing,315
9566,data/k400/train/L0nV27YmkAc_000000_000010.mp4,sled dog racing,315
9567,data/k400/train/L3VqyKDk2kE_000009_000019.mp4,sled dog racing,315
9568,data/k400/train/Mk6imagGRfI_000004_000014.mp4,sled dog racing,315
9569,data/k400/train/O6RCiztl7oY_000033_000043.mp4,sled dog racing,315
9570,data/k400/train/OrB3xMm8K5o_000111_000121.mp4,sled dog racing,315
9571,data/k400/train/UynXyf-N11Q_000025_000035.mp4,sled dog racing,315
9572,data/k400/train/Vy617ixEi0g_000794_000804.mp4,sled dog racing,315
9573,data/k400/train/W42I9rzsaTo_000001_000011.mp4,sled dog racing,315
9574,data/k400/train/ZvDKlG8lykc_000005_000015.mp4,sled dog racing,315
9575,data/k400/train/aONbA9pI0Bg_000016_000026.mp4,sled dog racing,315
9576,data/k400/train/bnBRtlcj9bc_000005_000015.mp4,sled dog racing,315
9577,data/k400/train/cmWOqVEsRq0_000065_000075.mp4,sled dog racing,315
9578,data/k400/train/dOGNRchG1zo_000022_000032.mp4,sled dog racing,315
9579,data/k400/train/dP99NJ9vVtM_000198_000208.mp4,sled dog racing,315
9580,data/k400/train/lmc8DUZStlM_000004_000014.mp4,sled dog racing,315
9581,data/k400/train/mPghAnYoxvQ_000037_000047.mp4,sled dog racing,315
9582,data/k400/train/nHsLh6np_lA_000151_000161.mp4,sled dog racing,315
9583,data/k400/train/ohqW1kDq2cE_000002_000012.mp4,sled dog racing,315
9584,data/k400/train/q2g5gQCR3rs_000001_000011.mp4,sled dog racing,315
9585,data/k400/train/qcbqGgZcIP0_000061_000071.mp4,sled dog racing,315
9586,data/k400/train/rWuto7jcLg8_000065_000075.mp4,sled dog racing,315
9587,data/k400/train/t0kt0EmiBlk_000005_000015.mp4,sled dog racing,315
9588,data/k400/train/w_RAR5sfpBY_000037_000047.mp4,sled dog racing,315
9589,data/k400/train/xCL3jfZuduE_000014_000024.mp4,sled dog racing,315
9590,data/k400/train/yxA15gQI2_o_000013_000023.mp4,sled dog racing,315
9591,data/k400/train/yzCIj7V3yhI_000004_000014.mp4,sled dog racing,315
9592,data/k400/train/-Nd6v_JKd6I_000043_000053.mp4,smoking,316
9593,data/k400/train/1aX4J8JK9iY_000025_000035.mp4,smoking,316
9594,data/k400/train/3rG6kxnHyy8_000068_000078.mp4,smoking,316
9595,data/k400/train/3vT2WM9JYi8_000047_000057.mp4,smoking,316
9596,data/k400/train/4T1bb8SokJQ_000055_000065.mp4,smoking,316
9597,data/k400/train/4ow_t1mUXG8_000089_000099.mp4,smoking,316
9598,data/k400/train/7iI4h_ko1OE_000063_000073.mp4,smoking,316
9599,data/k400/train/7um26eJxL6g_000024_000034.mp4,smoking,316
9600,data/k400/train/87jAgLUNxNc_000017_000027.mp4,smoking,316
9601,data/k400/train/8jsv7DpNHZ8_000267_000277.mp4,smoking,316
9602,data/k400/train/9pINC_TwMJo_000051_000061.mp4,smoking,316
9603,data/k400/train/AoEnvWR3lc8_000086_000096.mp4,smoking,316
9604,data/k400/train/C4VGEQK9TJs_000184_000194.mp4,smoking,316
9605,data/k400/train/DsqPiwpHxlY_000252_000262.mp4,smoking,316
9606,data/k400/train/EIAC3hM2aus_000000_000010.mp4,smoking,316
9607,data/k400/train/EbO03agQNNQ_000022_000032.mp4,smoking,316
9608,data/k400/train/Hz3-7VzsJSk_000072_000082.mp4,smoking,316
9609,data/k400/train/KJpFn6KvgG8_000050_000060.mp4,smoking,316
9610,data/k400/train/L0gHm-OV6BE_000468_000478.mp4,smoking,316
9611,data/k400/train/MF7O7hHnv6g_000047_000057.mp4,smoking,316
9612,data/k400/train/OT166nXStCI_000050_000060.mp4,smoking,316
9613,data/k400/train/RZ_zS1P1uq8_000077_000087.mp4,smoking,316
9614,data/k400/train/T-HZ7jmB8HE_000001_000011.mp4,smoking,316
9615,data/k400/train/VeGIbsWNUDs_000127_000137.mp4,smoking,316
9616,data/k400/train/aEDbxdamlss_000070_000080.mp4,smoking,316
9617,data/k400/train/aGKBXpeDyeU_000122_000132.mp4,smoking,316
9618,data/k400/train/eU7LbqD2A_w_000096_000106.mp4,smoking,316
9619,data/k400/train/ekGY1fa7TbI_000003_000013.mp4,smoking,316
9620,data/k400/train/erPLKOHQAo4_000538_000548.mp4,smoking,316
9621,data/k400/train/eusWNhPBjk4_000008_000018.mp4,smoking,316
9622,data/k400/train/fw9g4cOoTW8_000023_000033.mp4,smoking,316
9623,data/k400/train/jo_j_NaIWFg_000018_000028.mp4,smoking,316
9624,data/k400/train/k6sKAzxeGP4_000180_000190.mp4,smoking,316
9625,data/k400/train/kMKIaEtHyNg_000072_000082.mp4,smoking,316
9626,data/k400/train/kdO0eMLKT-Y_000604_000614.mp4,smoking,316
9627,data/k400/train/l08IqMJ9r_w_000080_000090.mp4,smoking,316
9628,data/k400/train/nPfpmP8jpQo_000346_000356.mp4,smoking,316
9629,data/k400/train/n_rc7IWNrjk_000040_000050.mp4,smoking,316
9630,data/k400/train/nnbUZNdTSm4_000001_000011.mp4,smoking,316
9631,data/k400/train/o0Nluk7Kv-0_000002_000012.mp4,smoking,316
9632,data/k400/train/pA4SLYj-Bl8_000019_000029.mp4,smoking,316
9633,data/k400/train/tHsNkLCdepU_000123_000133.mp4,smoking,316
9634,data/k400/train/tcP-dGxh3SA_000010_000020.mp4,smoking,316
9635,data/k400/train/wGuKRZwHKzs_000041_000051.mp4,smoking,316
9636,data/k400/train/wjmw5VdZb8U_000075_000085.mp4,smoking,316
9637,data/k400/train/xbj4vJ9SJ3g_000119_000129.mp4,smoking,316
9638,data/k400/train/xxpmcHnFfAw_000001_000011.mp4,smoking,316
9639,data/k400/train/ySXU3NPVmK8_000052_000062.mp4,smoking,316
9640,data/k400/train/ypG9eHyInE0_000137_000147.mp4,smoking,316
9641,data/k400/train/zHlEp05WrJ0_000028_000038.mp4,smoking,316
9642,data/k400/train/1XDQrOzUeaA_000003_000013.mp4,smoking hookah,317
9643,data/k400/train/1ppLo4u_rWU_000029_000039.mp4,smoking hookah,317
9644,data/k400/train/4_Y9jqtFqXo_000040_000050.mp4,smoking hookah,317
9645,data/k400/train/7E0JQfiO1ZI_000042_000052.mp4,smoking hookah,317
9646,data/k400/train/7nkRLD1_SN8_000471_000481.mp4,smoking hookah,317
9647,data/k400/train/8pAhxxLqlI4_000001_000011.mp4,smoking hookah,317
9648,data/k400/train/91ljfQQlMnI_000000_000010.mp4,smoking hookah,317
9649,data/k400/train/9HDSFWYLQbk_000008_000018.mp4,smoking hookah,317
9650,data/k400/train/AjIc1uh3CKE_000438_000448.mp4,smoking hookah,317
9651,data/k400/train/BCdVxxtrsOY_000027_000037.mp4,smoking hookah,317
9652,data/k400/train/Fw_Y5YIRYVw_000001_000011.mp4,smoking hookah,317
9653,data/k400/train/HD4FLXG3WMw_000000_000010.mp4,smoking hookah,317
9654,data/k400/train/ICWGgtLWZcM_000025_000035.mp4,smoking hookah,317
9655,data/k400/train/IuG2Ni5BST8_000267_000277.mp4,smoking hookah,317
9656,data/k400/train/KtvsI2GmqZM_000008_000018.mp4,smoking hookah,317
9657,data/k400/train/LHY7rw48BWo_000003_000013.mp4,smoking hookah,317
9658,data/k400/train/LiyTG8F9ZnE_000002_000012.mp4,smoking hookah,317
9659,data/k400/train/NLkJgnrKaKM_000001_000011.mp4,smoking hookah,317
9660,data/k400/train/QeBy-MkGkbo_000046_000056.mp4,smoking hookah,317
9661,data/k400/train/R2nqmQRrAok_000009_000019.mp4,smoking hookah,317
9662,data/k400/train/SHQT3AAk02U_000003_000013.mp4,smoking hookah,317
9663,data/k400/train/ZAnfrWfAIgY_000007_000017.mp4,smoking hookah,317
9664,data/k400/train/_5BmmIy6ut4_000009_000019.mp4,smoking hookah,317
9665,data/k400/train/fb8g2iLv53Q_000311_000321.mp4,smoking hookah,317
9666,data/k400/train/fhVXZJFlxrk_000001_000011.mp4,smoking hookah,317
9667,data/k400/train/ga2I27Xf8rk_000138_000148.mp4,smoking hookah,317
9668,data/k400/train/lQSGYc-TO50_000005_000015.mp4,smoking hookah,317
9669,data/k400/train/mZkvtJ-ysac_000074_000084.mp4,smoking hookah,317
9670,data/k400/train/nM4rOJSGxH0_000001_000011.mp4,smoking hookah,317
9671,data/k400/train/nTeINPuAo3o_000021_000031.mp4,smoking hookah,317
9672,data/k400/train/pesd2mKmuoY_000351_000361.mp4,smoking hookah,317
9673,data/k400/train/rZnyiMhVsek_000091_000101.mp4,smoking hookah,317
9674,data/k400/train/vPVWH2JncAo_000067_000077.mp4,smoking hookah,317
9675,data/k400/train/yx_gygmN8gY_000032_000042.mp4,smoking hookah,317
9676,data/k400/train/-fOaNNogi2M_000000_000010.mp4,snatch weight lifting,318
9677,data/k400/train/406WpGFwDKk_000002_000012.mp4,snatch weight lifting,318
9678,data/k400/train/4MiB5Smi8GU_000007_000017.mp4,snatch weight lifting,318
9679,data/k400/train/6DTAd8fZeMA_000001_000011.mp4,snatch weight lifting,318
9680,data/k400/train/6hEBEHrS3GQ_000017_000027.mp4,snatch weight lifting,318
9681,data/k400/train/9586ZmtXL1Y_000000_000010.mp4,snatch weight lifting,318
9682,data/k400/train/EgOS1CFH55I_000005_000015.mp4,snatch weight lifting,318
9683,data/k400/train/HnYQ9PbKpK4_000008_000018.mp4,snatch weight lifting,318
9684,data/k400/train/ICJhgDf88IM_000003_000013.mp4,snatch weight lifting,318
9685,data/k400/train/JBCGcjHzgf0_000005_000015.mp4,snatch weight lifting,318
9686,data/k400/train/K57T_1YU1bE_000024_000034.mp4,snatch weight lifting,318
9687,data/k400/train/NYeE9pLvsvs_000001_000011.mp4,snatch weight lifting,318
9688,data/k400/train/OROj0MKe-Z8_000003_000013.mp4,snatch weight lifting,318
9689,data/k400/train/PGG_UpAwGsI_000003_000013.mp4,snatch weight lifting,318
9690,data/k400/train/QtVgRT0LbcU_000000_000010.mp4,snatch weight lifting,318
9691,data/k400/train/RZnOMMj64Ac_000064_000074.mp4,snatch weight lifting,318
9692,data/k400/train/Rgd94R1O_Bo_000001_000011.mp4,snatch weight lifting,318
9693,data/k400/train/TXsAVoNukG4_000003_000013.mp4,snatch weight lifting,318
9694,data/k400/train/TbTBtfkDo-s_000000_000010.mp4,snatch weight lifting,318
9695,data/k400/train/WEZg5yyweMM_000002_000012.mp4,snatch weight lifting,318
9696,data/k400/train/YRhRCDkNbts_000002_000012.mp4,snatch weight lifting,318
9697,data/k400/train/_FpnyF9x6Kc_000000_000010.mp4,snatch weight lifting,318
9698,data/k400/train/cFhj4iqVTBY_000141_000151.mp4,snatch weight lifting,318
9699,data/k400/train/dVdTvSYwoj4_000000_000010.mp4,snatch weight lifting,318
9700,data/k400/train/ewsQKu6UB74_000009_000019.mp4,snatch weight lifting,318
9701,data/k400/train/hxJiiJ73swo_000004_000014.mp4,snatch weight lifting,318
9702,data/k400/train/icMKBeDpalE_000014_000024.mp4,snatch weight lifting,318
9703,data/k400/train/j33cKerOKiw_000032_000042.mp4,snatch weight lifting,318
9704,data/k400/train/jCoH-mjtF_U_000002_000012.mp4,snatch weight lifting,318
9705,data/k400/train/mgfphPdxJMo_000003_000013.mp4,snatch weight lifting,318
9706,data/k400/train/pqw4sZ4cjYM_000009_000019.mp4,snatch weight lifting,318
9707,data/k400/train/qEVYLKJgJoo_000002_000012.mp4,snatch weight lifting,318
9708,data/k400/train/u9081FU4sBY_000000_000010.mp4,snatch weight lifting,318
9709,data/k400/train/whf_V4wBcKQ_000007_000017.mp4,snatch weight lifting,318
9710,data/k400/train/yP_U-PczGGU_000005_000015.mp4,snatch weight lifting,318
9711,data/k400/train/zrbdT-g-AJM_000016_000026.mp4,snatch weight lifting,318
9712,data/k400/train/2-qHf2AjsWU_000055_000065.mp4,sneezing,319
9713,data/k400/train/5qfscrT0uRk_000005_000015.mp4,sneezing,319
9714,data/k400/train/739D9S-ZybY_000002_000012.mp4,sneezing,319
9715,data/k400/train/8pIuGM1ShPQ_000038_000048.mp4,sneezing,319
9716,data/k400/train/CA4UTIr2nOU_000015_000025.mp4,sneezing,319
9717,data/k400/train/D4KKLCF6Rgk_000037_000047.mp4,sneezing,319
9718,data/k400/train/FYxkpqKT1-0_000031_000041.mp4,sneezing,319
9719,data/k400/train/LV41fWmkJ9I_000019_000029.mp4,sneezing,319
9720,data/k400/train/V0z4RwdFSBQ_000008_000018.mp4,sneezing,319
9721,data/k400/train/aOSronqi-2A_000005_000015.mp4,sneezing,319
9722,data/k400/train/e_UF4u1dbas_000052_000062.mp4,sneezing,319
9723,data/k400/train/r4KksXgCke0_000004_000014.mp4,sneezing,319
9724,data/k400/train/riBCr-laIZ0_000015_000025.mp4,sneezing,319
9725,data/k400/train/uYXX2fJWkWw_000009_000019.mp4,sneezing,319
9726,data/k400/train/yE9ehAI_t68_000000_000010.mp4,sneezing,319
9727,data/k400/train/3QfAl3BkX5M_000002_000012.mp4,sniffing,320
9728,data/k400/train/7H4pMy64Yqg_000001_000011.mp4,sniffing,320
9729,data/k400/train/BIybKjVKNGw_000000_000010.mp4,sniffing,320
9730,data/k400/train/BVGdwltd_Mc_000133_000143.mp4,sniffing,320
9731,data/k400/train/Pemb6LxjsJQ_000002_000012.mp4,sniffing,320
9732,data/k400/train/X4fXShHeqOw_000123_000133.mp4,sniffing,320
9733,data/k400/train/YVG7FB9dSu8_000000_000010.mp4,sniffing,320
9734,data/k400/train/ZckFXQ9tyqw_000034_000044.mp4,sniffing,320
9735,data/k400/train/lltnVzUmfgw_000000_000010.mp4,sniffing,320
9736,data/k400/train/nN-1UI1mVLM_000031_000041.mp4,sniffing,320
9737,data/k400/train/s2jEj-JBhbE_000056_000066.mp4,sniffing,320
9738,data/k400/train/uTsiS4dEcs0_000044_000054.mp4,sniffing,320
9739,data/k400/train/-TsYHpNG9gY_000005_000015.mp4,snorkeling,321
9740,data/k400/train/0Sm454BxJhY_000004_000014.mp4,snorkeling,321
9741,data/k400/train/1cC6p7rdldQ_000151_000161.mp4,snorkeling,321
9742,data/k400/train/1f1yZIBVc0w_000044_000054.mp4,snorkeling,321
9743,data/k400/train/3nZjAIp0KZ4_000289_000299.mp4,snorkeling,321
9744,data/k400/train/9ubzhwP6WTU_000092_000102.mp4,snorkeling,321
9745,data/k400/train/9vS-Yo6iljA_000058_000068.mp4,snorkeling,321
9746,data/k400/train/E68_Plx3tfo_000003_000013.mp4,snorkeling,321
9747,data/k400/train/EFw0TDBXCCQ_000175_000185.mp4,snorkeling,321
9748,data/k400/train/FAfmQIHCKt8_000069_000079.mp4,snorkeling,321
9749,data/k400/train/ID5ugux4NkE_000028_000038.mp4,snorkeling,321
9750,data/k400/train/M78qgOI5_Gg_000099_000109.mp4,snorkeling,321
9751,data/k400/train/Pe33pOyABY0_000032_000042.mp4,snorkeling,321
9752,data/k400/train/Pyus_z_FaEY_000000_000010.mp4,snorkeling,321
9753,data/k400/train/QoGWJgsnMUs_000003_000013.mp4,snorkeling,321
9754,data/k400/train/SZuVBpWfwr0_000081_000091.mp4,snorkeling,321
9755,data/k400/train/SfBL0JP8B8U_000003_000013.mp4,snorkeling,321
9756,data/k400/train/SxMdpJAZrbI_000003_000013.mp4,snorkeling,321
9757,data/k400/train/T4cwHLvnrcE_000089_000099.mp4,snorkeling,321
9758,data/k400/train/TeZRgz8HVrk_000030_000040.mp4,snorkeling,321
9759,data/k400/train/VAR3TO0CP_c_000030_000040.mp4,snorkeling,321
9760,data/k400/train/W33DpPkm2xA_000151_000161.mp4,snorkeling,321
9761,data/k400/train/WQxakUaxdC4_000129_000139.mp4,snorkeling,321
9762,data/k400/train/WywThS2QnsA_000441_000451.mp4,snorkeling,321
9763,data/k400/train/XkJvkr74X5c_000003_000013.mp4,snorkeling,321
9764,data/k400/train/XkMZmFnILow_000173_000183.mp4,snorkeling,321
9765,data/k400/train/Y8r_YLdG5LM_000031_000041.mp4,snorkeling,321
9766,data/k400/train/b5w4Nt8EOws_000037_000047.mp4,snorkeling,321
9767,data/k400/train/bn-U61d73W8_000098_000108.mp4,snorkeling,321
9768,data/k400/train/cQlwyYAM0-4_000126_000136.mp4,snorkeling,321
9769,data/k400/train/efDa-capzd8_000158_000168.mp4,snorkeling,321
9770,data/k400/train/fIiO0htimNw_000596_000606.mp4,snorkeling,321
9771,data/k400/train/gcxQSosDcao_000028_000038.mp4,snorkeling,321
9772,data/k400/train/jg5sPdV8UTc_000020_000030.mp4,snorkeling,321
9773,data/k400/train/mweIf-NOS-8_000001_000011.mp4,snorkeling,321
9774,data/k400/train/os-wwhPgVdA_000044_000054.mp4,snorkeling,321
9775,data/k400/train/pLFjp_rvqoU_000541_000551.mp4,snorkeling,321
9776,data/k400/train/qTLB5XpN07I_000001_000011.mp4,snorkeling,321
9777,data/k400/train/svqjOlKCX9w_000016_000026.mp4,snorkeling,321
9778,data/k400/train/tD4hdEgRy7s_000007_000017.mp4,snorkeling,321
9779,data/k400/train/utLGT0HKpag_000004_000014.mp4,snorkeling,321
9780,data/k400/train/wvBB77OhbUY_000321_000331.mp4,snorkeling,321
9781,data/k400/train/ymDPIG8vPg8_000031_000041.mp4,snorkeling,321
9782,data/k400/train/zn6cL8Z8-Rc_000045_000055.mp4,snorkeling,321
9783,data/k400/train/-8hKdGdvZdg_000080_000090.mp4,snowboarding,322
9784,data/k400/train/-R9Hn7uKzuU_000199_000209.mp4,snowboarding,322
9785,data/k400/train/-sBJpmtIk2U_000015_000025.mp4,snowboarding,322
9786,data/k400/train/0av3vXX4NrM_000036_000046.mp4,snowboarding,322
9787,data/k400/train/1meD3ogeBbc_000207_000217.mp4,snowboarding,322
9788,data/k400/train/2SMKAd3tnYk_000283_000293.mp4,snowboarding,322
9789,data/k400/train/2sUyhxZvjvE_000228_000238.mp4,snowboarding,322
9790,data/k400/train/3GGyLnbpRtc_000109_000119.mp4,snowboarding,322
9791,data/k400/train/3eFbHCn-8Y4_000047_000057.mp4,snowboarding,322
9792,data/k400/train/8YfGoSwVIRs_000014_000024.mp4,snowboarding,322
9793,data/k400/train/AALnk50jEVc_000046_000056.mp4,snowboarding,322
9794,data/k400/train/ARH19PfqAAA_000177_000187.mp4,snowboarding,322
9795,data/k400/train/IHs7PQ3nLMo_000116_000126.mp4,snowboarding,322
9796,data/k400/train/OelJBF52P5g_000125_000135.mp4,snowboarding,322
9797,data/k400/train/PXTCc1aCxGg_000042_000052.mp4,snowboarding,322
9798,data/k400/train/R_Em0OsBhSc_000013_000023.mp4,snowboarding,322
9799,data/k400/train/RnBtXTk3WRg_000185_000195.mp4,snowboarding,322
9800,data/k400/train/TavEZMaomew_000046_000056.mp4,snowboarding,322
9801,data/k400/train/U1aF5DW982c_000000_000010.mp4,snowboarding,322
9802,data/k400/train/UwuyQA9eVMg_000068_000078.mp4,snowboarding,322
9803,data/k400/train/XkzGAd85JVs_000138_000148.mp4,snowboarding,322
9804,data/k400/train/YQ2jQ2gfjr0_000488_000498.mp4,snowboarding,322
9805,data/k400/train/YfjgaTi1REw_000024_000034.mp4,snowboarding,322
9806,data/k400/train/agcuCeQ5C7Q_000067_000077.mp4,snowboarding,322
9807,data/k400/train/cJ_KyCWiUzw_000122_000132.mp4,snowboarding,322
9808,data/k400/train/chznpmxaQms_000109_000119.mp4,snowboarding,322
9809,data/k400/train/dGTbqZ1jwLY_000030_000040.mp4,snowboarding,322
9810,data/k400/train/db4B-hgauUw_001547_001557.mp4,snowboarding,322
9811,data/k400/train/fEzFimmhFnM_000032_000042.mp4,snowboarding,322
9812,data/k400/train/h-BDMujV8Lg_000100_000110.mp4,snowboarding,322
9813,data/k400/train/j8Qd1lx1Fow_000073_000083.mp4,snowboarding,322
9814,data/k400/train/kB6JWL02bhs_000170_000180.mp4,snowboarding,322
9815,data/k400/train/kDvmp32Dj8c_000029_000039.mp4,snowboarding,322
9816,data/k400/train/lTwN7_Tooqc_000081_000091.mp4,snowboarding,322
9817,data/k400/train/n2ZEOhOBqVg_000022_000032.mp4,snowboarding,322
9818,data/k400/train/r22WwQiyAPM_000498_000508.mp4,snowboarding,322
9819,data/k400/train/rSZvL4cW2Ns_000077_000087.mp4,snowboarding,322
9820,data/k400/train/tCNiyGD8vZI_000035_000045.mp4,snowboarding,322
9821,data/k400/train/vHyfx-6ocqg_000026_000036.mp4,snowboarding,322
9822,data/k400/train/14nVLlPYYrk_000002_000012.mp4,snowkiting,323
9823,data/k400/train/3Z2nUme4cF0_000098_000108.mp4,snowkiting,323
9824,data/k400/train/40Up5xeETmE_000022_000032.mp4,snowkiting,323
9825,data/k400/train/6-0fyf0jlgQ_000069_000079.mp4,snowkiting,323
9826,data/k400/train/9ZIkqWHcsyg_000030_000040.mp4,snowkiting,323
9827,data/k400/train/AmZy5GUQkto_000025_000035.mp4,snowkiting,323
9828,data/k400/train/Bc3dFkWVY24_000058_000068.mp4,snowkiting,323
9829,data/k400/train/CGOYo6u5d2I_000005_000015.mp4,snowkiting,323
9830,data/k400/train/COwwO8MSdrg_000238_000248.mp4,snowkiting,323
9831,data/k400/train/Cmi5pzZtQhM_000069_000079.mp4,snowkiting,323
9832,data/k400/train/DKgBST-l-aA_000058_000068.mp4,snowkiting,323
9833,data/k400/train/DMmzO3bGud4_000066_000076.mp4,snowkiting,323
9834,data/k400/train/EtjirmsHiv0_000025_000035.mp4,snowkiting,323
9835,data/k400/train/F-lTu4VtFxc_000000_000010.mp4,snowkiting,323
9836,data/k400/train/FmN96h_Mpmk_000004_000014.mp4,snowkiting,323
9837,data/k400/train/GLhlx_LmJsw_000172_000182.mp4,snowkiting,323
9838,data/k400/train/I-3MhWnfixM_000029_000039.mp4,snowkiting,323
9839,data/k400/train/M7GfjE0T57o_000118_000128.mp4,snowkiting,323
9840,data/k400/train/O2MC5Jcm2Ac_000128_000138.mp4,snowkiting,323
9841,data/k400/train/OZ0XrLsdIvA_000012_000022.mp4,snowkiting,323
9842,data/k400/train/ROYxlPVq3pE_000047_000057.mp4,snowkiting,323
9843,data/k400/train/S7WVS1TrkOY_000007_000017.mp4,snowkiting,323
9844,data/k400/train/WCzT5-K2bj0_000235_000245.mp4,snowkiting,323
9845,data/k400/train/YurmqPYUVVk_000281_000291.mp4,snowkiting,323
9846,data/k400/train/d8wT6WV0FgY_000002_000012.mp4,snowkiting,323
9847,data/k400/train/dVYtZUgnoz4_000342_000352.mp4,snowkiting,323
9848,data/k400/train/ewlQotVb3xk_000015_000025.mp4,snowkiting,323
9849,data/k400/train/gs2FJKN0Rrw_000007_000017.mp4,snowkiting,323
9850,data/k400/train/hxNuPm88xIc_000116_000126.mp4,snowkiting,323
9851,data/k400/train/jtfMIzAGTE4_000056_000066.mp4,snowkiting,323
9852,data/k400/train/pxLM5G2FQoc_000315_000325.mp4,snowkiting,323
9853,data/k400/train/rJLaB6KooO4_000004_000014.mp4,snowkiting,323
9854,data/k400/train/rQH8335o_24_000100_000110.mp4,snowkiting,323
9855,data/k400/train/xOXjwjCsPZ8_000002_000012.mp4,snowkiting,323
9856,data/k400/train/yNVQSnXyVic_000014_000024.mp4,snowkiting,323
9857,data/k400/train/6mw_YlkO3MU_000081_000091.mp4,snowmobiling,324
9858,data/k400/train/BseeOZ0up6c_000007_000017.mp4,snowmobiling,324
9859,data/k400/train/IBBMNv6B8uk_000025_000035.mp4,snowmobiling,324
9860,data/k400/train/Jtg4STOw6fo_000016_000026.mp4,snowmobiling,324
9861,data/k400/train/OUHzlDSfuiI_000069_000079.mp4,snowmobiling,324
9862,data/k400/train/RySKJvMsjq8_000095_000105.mp4,snowmobiling,324
9863,data/k400/train/Z0mpAsNBWK0_000005_000015.mp4,snowmobiling,324
9864,data/k400/train/Z4mMUs4sT5o_000034_000044.mp4,snowmobiling,324
9865,data/k400/train/ZMF6nSoFpGk_000000_000010.mp4,snowmobiling,324
9866,data/k400/train/_VZCWyCd8HA_000001_000011.mp4,snowmobiling,324
9867,data/k400/train/i-C9CXPK-JE_000006_000016.mp4,snowmobiling,324
9868,data/k400/train/p3Dai8_7XUs_000114_000124.mp4,snowmobiling,324
9869,data/k400/train/qfNyWWxsOtE_000021_000031.mp4,snowmobiling,324
9870,data/k400/train/x6eLnpOySOY_000046_000056.mp4,snowmobiling,324
9871,data/k400/train/z6MKYGj-gi4_000002_000012.mp4,snowmobiling,324
9872,data/k400/train/zh7bcBzXybI_000032_000042.mp4,snowmobiling,324
9873,data/k400/train/zvWD9Vx1mYs_000195_000205.mp4,snowmobiling,324
9874,data/k400/train/1otCg5ldN4Q_000000_000010.mp4,somersaulting,325
9875,data/k400/train/2BPdsASCEjg_000004_000014.mp4,somersaulting,325
9876,data/k400/train/2RiD7pUvQyA_000029_000039.mp4,somersaulting,325
9877,data/k400/train/2UajEt8u2Bs_000011_000021.mp4,somersaulting,325
9878,data/k400/train/32p3AYt-Twk_003652_003662.mp4,somersaulting,325
9879,data/k400/train/3FoDfywuxd8_000002_000012.mp4,somersaulting,325
9880,data/k400/train/3nSTnRjYFGs_000030_000040.mp4,somersaulting,325
9881,data/k400/train/5LSKTKxb5VE_000003_000013.mp4,somersaulting,325
9882,data/k400/train/6Eo4p-72PZo_000000_000010.mp4,somersaulting,325
9883,data/k400/train/8jHrr2ijxzM_000024_000034.mp4,somersaulting,325
9884,data/k400/train/D8BbrXBG558_000117_000127.mp4,somersaulting,325
9885,data/k400/train/Ec6QMCPGRJA_000000_000010.mp4,somersaulting,325
9886,data/k400/train/Ewt5Xf5kKrU_000026_000036.mp4,somersaulting,325
9887,data/k400/train/FuwBvADNkiQ_000002_000012.mp4,somersaulting,325
9888,data/k400/train/IVBzLAkI-Ew_000002_000012.mp4,somersaulting,325
9889,data/k400/train/OdKcsrJ0zYA_000000_000010.mp4,somersaulting,325
9890,data/k400/train/Ol4-Cb-CUjs_000035_000045.mp4,somersaulting,325
9891,data/k400/train/P0SyQNSM7Fc_000001_000011.mp4,somersaulting,325
9892,data/k400/train/SqEr64ofvDQ_000002_000012.mp4,somersaulting,325
9893,data/k400/train/T_kq40c6DN8_000000_000010.mp4,somersaulting,325
9894,data/k400/train/WoLycwzSXII_000003_000013.mp4,somersaulting,325
9895,data/k400/train/_3kwL5Eimi4_000004_000014.mp4,somersaulting,325
9896,data/k400/train/aGQ0ona59u0_000000_000010.mp4,somersaulting,325
9897,data/k400/train/bp4c77pUtYM_000000_000010.mp4,somersaulting,325
9898,data/k400/train/d5UmGmqC2gY_000005_000015.mp4,somersaulting,325
9899,data/k400/train/e_ZFYnUwutc_000009_000019.mp4,somersaulting,325
9900,data/k400/train/evzR1xFOPHo_000003_000013.mp4,somersaulting,325
9901,data/k400/train/fqIPMl1XI8U_000001_000011.mp4,somersaulting,325
9902,data/k400/train/fqpMlLZcp44_000002_000012.mp4,somersaulting,325
9903,data/k400/train/iJEKxnhrzsw_000002_000012.mp4,somersaulting,325
9904,data/k400/train/iL4Heq3OLJI_000002_000012.mp4,somersaulting,325
9905,data/k400/train/lPedN0wTZpA_000002_000012.mp4,somersaulting,325
9906,data/k400/train/mkoxcGGBhzE_000001_000011.mp4,somersaulting,325
9907,data/k400/train/o91b-A6pDn4_000016_000026.mp4,somersaulting,325
9908,data/k400/train/p9hJMYpA9og_000014_000024.mp4,somersaulting,325
9909,data/k400/train/qSRz5pOPtII_000006_000016.mp4,somersaulting,325
9910,data/k400/train/rG81dflixg0_000004_000014.mp4,somersaulting,325
9911,data/k400/train/sKiEjDggIZ0_000037_000047.mp4,somersaulting,325
9912,data/k400/train/tHBN7fRfzA4_000002_000012.mp4,somersaulting,325
9913,data/k400/train/uihh1Eouy4I_000001_000011.mp4,somersaulting,325
9914,data/k400/train/ytsF0gx9cd0_000002_000012.mp4,somersaulting,325
9915,data/k400/train/z5UgG7hv9_k_000002_000012.mp4,somersaulting,325
9916,data/k400/train/zH_K0_rNeEo_000003_000013.mp4,somersaulting,325
9917,data/k400/train/1PlTkec26EI_000073_000083.mp4,spinning poi,326
9918,data/k400/train/2DZPaWknqBw_000050_000060.mp4,spinning poi,326
9919,data/k400/train/2_9K4AXi-gA_000095_000105.mp4,spinning poi,326
9920,data/k400/train/2bowpowd_0M_000248_000258.mp4,spinning poi,326
9921,data/k400/train/3Vl7i3lM0f4_000003_000013.mp4,spinning poi,326
9922,data/k400/train/6g4dL9mSeIo_000097_000107.mp4,spinning poi,326
9923,data/k400/train/9lQITzduKXY_000120_000130.mp4,spinning poi,326
9924,data/k400/train/AbfMYb08N2U_000035_000045.mp4,spinning poi,326
9925,data/k400/train/B9pQ573jDow_000150_000160.mp4,spinning poi,326
9926,data/k400/train/Btbwa5OtbnM_000018_000028.mp4,spinning poi,326
9927,data/k400/train/Ck_RjSaMhNc_000012_000022.mp4,spinning poi,326
9928,data/k400/train/FDqercvl68s_000217_000227.mp4,spinning poi,326
9929,data/k400/train/HbG8X_PHcvs_000036_000046.mp4,spinning poi,326
9930,data/k400/train/HcuRSZUZspw_000011_000021.mp4,spinning poi,326
9931,data/k400/train/Hs4Ga_OQzfA_000017_000027.mp4,spinning poi,326
9932,data/k400/train/IViudISC2MQ_000022_000032.mp4,spinning poi,326
9933,data/k400/train/IeQGT_UEnLA_000178_000188.mp4,spinning poi,326
9934,data/k400/train/L26gY_SPJ4U_000184_000194.mp4,spinning poi,326
9935,data/k400/train/L84_huqp23A_000015_000025.mp4,spinning poi,326
9936,data/k400/train/Loy1qdyWQiA_000004_000014.mp4,spinning poi,326
9937,data/k400/train/MFCC8DkFXHY_000474_000484.mp4,spinning poi,326
9938,data/k400/train/MOZwlcyFmOY_000412_000422.mp4,spinning poi,326
9939,data/k400/train/Mx1y5KOsQrU_000004_000014.mp4,spinning poi,326
9940,data/k400/train/R4-uQzgKhMw_000194_000204.mp4,spinning poi,326
9941,data/k400/train/SdiJwP0_fqg_000248_000258.mp4,spinning poi,326
9942,data/k400/train/UAEN_lljGUo_000125_000135.mp4,spinning poi,326
9943,data/k400/train/WGZY9L06sXw_000024_000034.mp4,spinning poi,326
9944,data/k400/train/YUVQ_6LCI3c_000024_000034.mp4,spinning poi,326
9945,data/k400/train/_RPNu6-j-jU_000003_000013.mp4,spinning poi,326
9946,data/k400/train/_SzZ_qXyfYY_000009_000019.mp4,spinning poi,326
9947,data/k400/train/an8nW2AEzRY_000010_000020.mp4,spinning poi,326
9948,data/k400/train/ctmoyV99FVs_000004_000014.mp4,spinning poi,326
9949,data/k400/train/dPm_QWje1as_000019_000029.mp4,spinning poi,326
9950,data/k400/train/ghFm_R5Pink_000168_000178.mp4,spinning poi,326
9951,data/k400/train/gnaAmBq9GLE_000048_000058.mp4,spinning poi,326
9952,data/k400/train/iep1wwaA8zQ_000096_000106.mp4,spinning poi,326
9953,data/k400/train/muyUKGJ-gZw_000093_000103.mp4,spinning poi,326
9954,data/k400/train/nENP9n6zaIw_000027_000037.mp4,spinning poi,326
9955,data/k400/train/o-d_lNxe1Oc_000096_000106.mp4,spinning poi,326
9956,data/k400/train/oxPgtBWqVSk_000004_000014.mp4,spinning poi,326
9957,data/k400/train/qHdsdjs59zM_000014_000024.mp4,spinning poi,326
9958,data/k400/train/qIuuuLcem5Q_000028_000038.mp4,spinning poi,326
9959,data/k400/train/sRzR9tYTaTQ_000001_000011.mp4,spinning poi,326
9960,data/k400/train/tFnKf6dCKvA_000123_000133.mp4,spinning poi,326
9961,data/k400/train/uvUyp7ipo-U_000031_000041.mp4,spinning poi,326
9962,data/k400/train/vuVkAUK2JWE_000007_000017.mp4,spinning poi,326
9963,data/k400/train/wS2Brt1sWPs_000001_000011.mp4,spinning poi,326
9964,data/k400/train/zD8srrjRRR4_000003_000013.mp4,spinning poi,326
9965,data/k400/train/-zeqIL9BJ9A_000002_000012.mp4,spray painting,327
9966,data/k400/train/1ydxnlfes-U_000128_000138.mp4,spray painting,327
9967,data/k400/train/2o-FXEghJgc_000047_000057.mp4,spray painting,327
9968,data/k400/train/5mdz6zwH8HU_000053_000063.mp4,spray painting,327
9969,data/k400/train/6HiEDOiK2fM_000251_000261.mp4,spray painting,327
9970,data/k400/train/7KInHgWGk-w_000534_000544.mp4,spray painting,327
9971,data/k400/train/AQfZ8uOATek_000000_000010.mp4,spray painting,327
9972,data/k400/train/BLentLoPPmo_000017_000027.mp4,spray painting,327
9973,data/k400/train/H0-WXMIzIMc_000002_000012.mp4,spray painting,327
9974,data/k400/train/HLY8uls9lh0_000024_000034.mp4,spray painting,327
9975,data/k400/train/J7GyxWQstAQ_000046_000056.mp4,spray painting,327
9976,data/k400/train/JPwwE_LNEXM_000003_000013.mp4,spray painting,327
9977,data/k400/train/KTRaMnvOXVc_000039_000049.mp4,spray painting,327
9978,data/k400/train/KfH3q20qT64_000032_000042.mp4,spray painting,327
9979,data/k400/train/MKlxKaZV3B8_000319_000329.mp4,spray painting,327
9980,data/k400/train/MZvw_s53uUM_000014_000024.mp4,spray painting,327
9981,data/k400/train/Na3ar1gyRGY_000149_000159.mp4,spray painting,327
9982,data/k400/train/OgjNAIv4fmE_000100_000110.mp4,spray painting,327
9983,data/k400/train/OlUjNPnzIZ4_000002_000012.mp4,spray painting,327
9984,data/k400/train/U7q7ewzjx5o_000082_000092.mp4,spray painting,327
9985,data/k400/train/UigWV3diRiw_000200_000210.mp4,spray painting,327
9986,data/k400/train/X6tJN1zVhUk_000073_000083.mp4,spray painting,327
9987,data/k400/train/aJN7uJ5bQfY_000004_000014.mp4,spray painting,327
9988,data/k400/train/bRBgm4JzGWk_000126_000136.mp4,spray painting,327
9989,data/k400/train/i17Eqh0esZQ_000052_000062.mp4,spray painting,327
9990,data/k400/train/mE8br_e3X_Q_000112_000122.mp4,spray painting,327
9991,data/k400/train/pqhujapyxcw_000014_000024.mp4,spray painting,327
9992,data/k400/train/qBb18WitGwU_000046_000056.mp4,spray painting,327
9993,data/k400/train/qBevmC_LxJE_000242_000252.mp4,spray painting,327
9994,data/k400/train/r1NjsGMSmzo_000093_000103.mp4,spray painting,327
9995,data/k400/train/w50Ye6pFSiI_000000_000010.mp4,spray painting,327
9996,data/k400/train/yb3ybFRrWAk_000000_000010.mp4,spray painting,327
9997,data/k400/train/0yhx10MAQ_M_000224_000234.mp4,spraying,328
9998,data/k400/train/CKhB4Sak0bM_000141_000151.mp4,spraying,328
9999,data/k400/train/CxB-Ni15AIo_000051_000061.mp4,spraying,328
10000,data/k400/train/IAV3F0WDuKY_000309_000319.mp4,spraying,328
10001,data/k400/train/Ig-yvvaEl8k_000904_000914.mp4,spraying,328
10002,data/k400/train/LjscCu-fTPk_000021_000031.mp4,spraying,328
10003,data/k400/train/OYvvLSxBNqk_000064_000074.mp4,spraying,328
10004,data/k400/train/RhlnGxW-Wt8_000255_000265.mp4,spraying,328
10005,data/k400/train/Thy_Mrl9oPk_000014_000024.mp4,spraying,328
10006,data/k400/train/VL7-VPEFFIQ_000001_000011.mp4,spraying,328
10007,data/k400/train/XeJKyGk1B4M_000035_000045.mp4,spraying,328
10008,data/k400/train/c8ASySWEsZ8_000000_000010.mp4,spraying,328
10009,data/k400/train/mMN4EftPMmc_000034_000044.mp4,spraying,328
10010,data/k400/train/qB_MtpaMYaY_000180_000190.mp4,spraying,328
10011,data/k400/train/sXcxTHD8Fq4_000006_000016.mp4,spraying,328
10012,data/k400/train/x4gwKZsM4PI_000648_000658.mp4,spraying,328
10013,data/k400/train/z3_CPSU6elM_000213_000223.mp4,spraying,328
10014,data/k400/train/3UNyjW-7zgM_000002_000012.mp4,springboard diving,329
10015,data/k400/train/4xswQ3SgLew_000027_000037.mp4,springboard diving,329
10016,data/k400/train/8y2smvo9Eqo_000217_000227.mp4,springboard diving,329
10017,data/k400/train/A7Gk0xmmMlg_000001_000011.mp4,springboard diving,329
10018,data/k400/train/DXaC9Z0pmSc_000043_000053.mp4,springboard diving,329
10019,data/k400/train/HfIRX4S2L1g_000002_000012.mp4,springboard diving,329
10020,data/k400/train/JNr0oI927ng_000001_000011.mp4,springboard diving,329
10021,data/k400/train/M-T_UTZxB9o_000193_000203.mp4,springboard diving,329
10022,data/k400/train/a2mH8QDYFfQ_000000_000010.mp4,springboard diving,329
10023,data/k400/train/exoR8fu9q4M_000018_000028.mp4,springboard diving,329
10024,data/k400/train/h8_nptZ4KGs_002384_002394.mp4,springboard diving,329
10025,data/k400/train/-RaSdJaGdYA_000087_000097.mp4,squat,330
10026,data/k400/train/0i1U1OEzKNI_000023_000033.mp4,squat,330
10027,data/k400/train/2tLYisuitR0_000009_000019.mp4,squat,330
10028,data/k400/train/6S7FAb6VHuM_000009_000019.mp4,squat,330
10029,data/k400/train/7adGe6Nl8xw_000007_000017.mp4,squat,330
10030,data/k400/train/8YzgL9BTpHs_000178_000188.mp4,squat,330
10031,data/k400/train/AfWQIkRZBYk_000026_000036.mp4,squat,330
10032,data/k400/train/Alu6kcYwLAs_000001_000011.mp4,squat,330
10033,data/k400/train/BscLFfMsNmA_000009_000019.mp4,squat,330
10034,data/k400/train/E41pD0wYOmY_000023_000033.mp4,squat,330
10035,data/k400/train/E6fAgft03fU_000022_000032.mp4,squat,330
10036,data/k400/train/F5-XwylPA0g_000410_000420.mp4,squat,330
10037,data/k400/train/Hg24umK6QUU_000003_000013.mp4,squat,330
10038,data/k400/train/HwfsAqEvFzE_000364_000374.mp4,squat,330
10039,data/k400/train/Lk47htGB_OA_000007_000017.mp4,squat,330
10040,data/k400/train/LzCvAHRBIco_000013_000023.mp4,squat,330
10041,data/k400/train/Md90uzuu7sw_000126_000136.mp4,squat,330
10042,data/k400/train/N2ktT3lPaL8_000305_000315.mp4,squat,330
10043,data/k400/train/NfDlrJRysaA_000064_000074.mp4,squat,330
10044,data/k400/train/PbB-L7QN6aQ_000011_000021.mp4,squat,330
10045,data/k400/train/PzqqGFs7y20_000034_000044.mp4,squat,330
10046,data/k400/train/Q2mo7EUOqMQ_000081_000091.mp4,squat,330
10047,data/k400/train/Q8t0J1oZ3ws_000086_000096.mp4,squat,330
10048,data/k400/train/UxqPobfjEH8_000001_000011.mp4,squat,330
10049,data/k400/train/W6_qrIPjQUw_000078_000088.mp4,squat,330
10050,data/k400/train/WqeKemHYoog_000014_000024.mp4,squat,330
10051,data/k400/train/XCTh0BazyBY_000001_000011.mp4,squat,330
10052,data/k400/train/Y35rcMq9F2E_000000_000010.mp4,squat,330
10053,data/k400/train/aZuCbZmqLdY_000049_000059.mp4,squat,330
10054,data/k400/train/cF5GeZu1g9Q_000001_000011.mp4,squat,330
10055,data/k400/train/cNn2AMQWxf0_000036_000046.mp4,squat,330
10056,data/k400/train/clIrPzrVgBE_000056_000066.mp4,squat,330
10057,data/k400/train/dptQ8n6bHZo_000008_000018.mp4,squat,330
10058,data/k400/train/hpWTTmHnDds_000002_000012.mp4,squat,330
10059,data/k400/train/kY9NTTUZpI0_000223_000233.mp4,squat,330
10060,data/k400/train/kvnEYNCcyC8_000045_000055.mp4,squat,330
10061,data/k400/train/lM1_qI4cfok_000030_000040.mp4,squat,330
10062,data/k400/train/o3fMSrPbNjc_000000_000010.mp4,squat,330
10063,data/k400/train/ottsYU-Q5w0_000020_000030.mp4,squat,330
10064,data/k400/train/pRGF6YwwPcI_000003_000013.mp4,squat,330
10065,data/k400/train/paGs1FXctQw_000002_000012.mp4,squat,330
10066,data/k400/train/r6AQXB0Lje4_000028_000038.mp4,squat,330
10067,data/k400/train/rWeiCILv7sw_000016_000026.mp4,squat,330
10068,data/k400/train/sJWcFrJZc4U_000000_000010.mp4,squat,330
10069,data/k400/train/u59MvhcT1XM_000010_000020.mp4,squat,330
10070,data/k400/train/wTy99jlF5lo_000003_000013.mp4,squat,330
10071,data/k400/train/wr_0qIjSHNU_000001_000011.mp4,squat,330
10072,data/k400/train/xE0YCAaEIzQ_000006_000016.mp4,squat,330
10073,data/k400/train/xokMxnFcmTo_000014_000024.mp4,squat,330
10074,data/k400/train/zL4OMUBsCpU_000006_000016.mp4,squat,330
10075,data/k400/train/zL4UqRnzv2o_000002_000012.mp4,squat,330
10076,data/k400/train/zToqV65LD1o_000024_000034.mp4,squat,330
10077,data/k400/train/5CnJ3NTDf7E_000030_000040.mp4,sticking tongue out,331
10078,data/k400/train/8K0sGeVWnFg_000008_000018.mp4,sticking tongue out,331
10079,data/k400/train/CG33pMIrdUQ_000003_000013.mp4,sticking tongue out,331
10080,data/k400/train/F045cHv7kfo_000331_000341.mp4,sticking tongue out,331
10081,data/k400/train/MK9mNZ47Wcc_000027_000037.mp4,sticking tongue out,331
10082,data/k400/train/O3uIgmHJtsM_000008_000018.mp4,sticking tongue out,331
10083,data/k400/train/PGfnEjWia34_000001_000011.mp4,sticking tongue out,331
10084,data/k400/train/QaHoClP9oCs_000086_000096.mp4,sticking tongue out,331
10085,data/k400/train/cHj7EsjSvVk_000034_000044.mp4,sticking tongue out,331
10086,data/k400/train/e5qJpvHQEYE_000011_000021.mp4,sticking tongue out,331
10087,data/k400/train/gGDqKWWZR-A_000022_000032.mp4,sticking tongue out,331
10088,data/k400/train/hHiwfYUmSek_000012_000022.mp4,sticking tongue out,331
10089,data/k400/train/iq8b1AxYWEM_000069_000079.mp4,sticking tongue out,331
10090,data/k400/train/msQuY322-M4_000072_000082.mp4,sticking tongue out,331
10091,data/k400/train/obDvYVV4MY0_000005_000015.mp4,sticking tongue out,331
10092,data/k400/train/spsGipiGRYs_000003_000013.mp4,sticking tongue out,331
10093,data/k400/train/u-EMO1ONI3o_000000_000010.mp4,sticking tongue out,331
10094,data/k400/train/u8IzdU9M5Q4_000030_000040.mp4,sticking tongue out,331
10095,data/k400/train/uCjGii5zXxk_000001_000011.mp4,sticking tongue out,331
10096,data/k400/train/uGjCA2wcXy0_000030_000040.mp4,sticking tongue out,331
10097,data/k400/train/w5t1a7g3zN8_000023_000033.mp4,sticking tongue out,331
10098,data/k400/train/xmmYEGzqjFo_000001_000011.mp4,sticking tongue out,331
10099,data/k400/train/zVmG8NxINhA_000000_000010.mp4,sticking tongue out,331
10100,data/k400/train/0k2bQgq5aaQ_000324_000334.mp4,stomping grapes,332
10101,data/k400/train/3by7kw1FhjE_000088_000098.mp4,stomping grapes,332
10102,data/k400/train/98lB4fEfTXM_000010_000020.mp4,stomping grapes,332
10103,data/k400/train/IMp_4zga5Rk_000026_000036.mp4,stomping grapes,332
10104,data/k400/train/MIy-apaF9dM_000278_000288.mp4,stomping grapes,332
10105,data/k400/train/MT7N17wZ6hw_000053_000063.mp4,stomping grapes,332
10106,data/k400/train/NSHO9KrioWQ_000112_000122.mp4,stomping grapes,332
10107,data/k400/train/W1_0PQdbi0M_000000_000010.mp4,stomping grapes,332
10108,data/k400/train/ZqHL57xUn0M_000117_000127.mp4,stomping grapes,332
10109,data/k400/train/_78qbIgoWM8_000259_000269.mp4,stomping grapes,332
10110,data/k400/train/fECt8PWdgro_000086_000096.mp4,stomping grapes,332
10111,data/k400/train/mKgRtzjXIHY_000074_000084.mp4,stomping grapes,332
10112,data/k400/train/nOY4PtONeOo_000101_000111.mp4,stomping grapes,332
10113,data/k400/train/pQclGV_zsSk_000149_000159.mp4,stomping grapes,332
10114,data/k400/train/yILnYAxxT_E_000023_000033.mp4,stomping grapes,332
10115,data/k400/train/0nIGwOnLoDg_000019_000029.mp4,stretching arm,333
10116,data/k400/train/2NeC5vzrP20_000033_000043.mp4,stretching arm,333
10117,data/k400/train/CQUSNR77JC8_000000_000010.mp4,stretching arm,333
10118,data/k400/train/G_o7flwp330_000006_000016.mp4,stretching arm,333
10119,data/k400/train/GusfFvEanIQ_000030_000040.mp4,stretching arm,333
10120,data/k400/train/IESHP81AgT8_000134_000144.mp4,stretching arm,333
10121,data/k400/train/J0mtr1UwivE_000312_000322.mp4,stretching arm,333
10122,data/k400/train/J9yRiOeVvIM_000121_000131.mp4,stretching arm,333
10123,data/k400/train/KmapQhPKqLQ_000114_000124.mp4,stretching arm,333
10124,data/k400/train/V4_LBOa6yMg_000004_000014.mp4,stretching arm,333
10125,data/k400/train/W8SrFEIi4Ps_000162_000172.mp4,stretching arm,333
10126,data/k400/train/XUy3SOIGxLQ_000005_000015.mp4,stretching arm,333
10127,data/k400/train/YJwPKTaajg4_000001_000011.mp4,stretching arm,333
10128,data/k400/train/YcT8geZma0w_000049_000059.mp4,stretching arm,333
10129,data/k400/train/ZjrU6BFdC1Y_000150_000160.mp4,stretching arm,333
10130,data/k400/train/_3YCjS8we84_000028_000038.mp4,stretching arm,333
10131,data/k400/train/akuBGq0z8QM_000001_000011.mp4,stretching arm,333
10132,data/k400/train/alFW2jlumas_000019_000029.mp4,stretching arm,333
10133,data/k400/train/oxj_vEecuRs_000108_000118.mp4,stretching arm,333
10134,data/k400/train/0c3PhelPxZA_000001_000011.mp4,stretching leg,334
10135,data/k400/train/28DLfzsXZAQ_000060_000070.mp4,stretching leg,334
10136,data/k400/train/8JOEkP2tVDg_000195_000205.mp4,stretching leg,334
10137,data/k400/train/9ij9LKYe58Q_000357_000367.mp4,stretching leg,334
10138,data/k400/train/B8oweZtaSWM_000008_000018.mp4,stretching leg,334
10139,data/k400/train/BbdPL5qSIlQ_000010_000020.mp4,stretching leg,334
10140,data/k400/train/CuBH9zDaHmw_000003_000013.mp4,stretching leg,334
10141,data/k400/train/HEoXkTKqLqw_000110_000120.mp4,stretching leg,334
10142,data/k400/train/HZ5LSu1_DSo_000056_000066.mp4,stretching leg,334
10143,data/k400/train/I7SPzZMXRys_000015_000025.mp4,stretching leg,334
10144,data/k400/train/I7f1imoRCPU_000036_000046.mp4,stretching leg,334
10145,data/k400/train/IJqnJnyJxtY_000013_000023.mp4,stretching leg,334
10146,data/k400/train/JLL66VdZutc_000006_000016.mp4,stretching leg,334
10147,data/k400/train/Jn_YJ1qnWOU_000021_000031.mp4,stretching leg,334
10148,data/k400/train/MpYsjXLD2Lk_000038_000048.mp4,stretching leg,334
10149,data/k400/train/OOOODEq_BIc_001348_001358.mp4,stretching leg,334
10150,data/k400/train/QQdKKNA4DJw_000002_000012.mp4,stretching leg,334
10151,data/k400/train/Qy5XeQod6Is_000032_000042.mp4,stretching leg,334
10152,data/k400/train/VkObFm6v_es_000016_000026.mp4,stretching leg,334
10153,data/k400/train/WElIDKxmyQo_000287_000297.mp4,stretching leg,334
10154,data/k400/train/ZZ5HQsy6xog_000013_000023.mp4,stretching leg,334
10155,data/k400/train/__MKKBmrv_I_000003_000013.mp4,stretching leg,334
10156,data/k400/train/c1G4boEpxn4_000053_000063.mp4,stretching leg,334
10157,data/k400/train/gNJTHsGCF_g_000026_000036.mp4,stretching leg,334
10158,data/k400/train/ix5aiNeNhI0_000168_000178.mp4,stretching leg,334
10159,data/k400/train/lWo_aHgJG-U_000005_000015.mp4,stretching leg,334
10160,data/k400/train/l_0tqixghbM_000003_000013.mp4,stretching leg,334
10161,data/k400/train/lka-1VKjrew_000022_000032.mp4,stretching leg,334
10162,data/k400/train/ox0vTER6dEE_000041_000051.mp4,stretching leg,334
10163,data/k400/train/qDffpAFUVYM_000064_000074.mp4,stretching leg,334
10164,data/k400/train/rsWLrPeUrpQ_000011_000021.mp4,stretching leg,334
10165,data/k400/train/s6mnVVcKszI_000073_000083.mp4,stretching leg,334
10166,data/k400/train/veaKnbHT4Cs_000004_000014.mp4,stretching leg,334
10167,data/k400/train/4tdGgbe-9wY_000105_000115.mp4,strumming guitar,335
10168,data/k400/train/7YF76ARHLXc_000240_000250.mp4,strumming guitar,335
10169,data/k400/train/ALxRkSHehYM_000280_000290.mp4,strumming guitar,335
10170,data/k400/train/EXIsfm8_ZKw_000003_000013.mp4,strumming guitar,335
10171,data/k400/train/JLEd-1Awv0g_000029_000039.mp4,strumming guitar,335
10172,data/k400/train/OXgnEigw9mQ_000187_000197.mp4,strumming guitar,335
10173,data/k400/train/OpCIEa05dws_000138_000148.mp4,strumming guitar,335
10174,data/k400/train/V-aNbbxH11Y_000107_000117.mp4,strumming guitar,335
10175,data/k400/train/auQSRvTeXR0_000009_000019.mp4,strumming guitar,335
10176,data/k400/train/gzQzt3oBYLs_000091_000101.mp4,strumming guitar,335
10177,data/k400/train/tYeB61Hrdcg_000004_000014.mp4,strumming guitar,335
10178,data/k400/train/vinnUO9qIBU_000011_000021.mp4,strumming guitar,335
10179,data/k400/train/vo3Dhs4DE_I_000010_000020.mp4,strumming guitar,335
10180,data/k400/train/vraX2a7JBVo_000202_000212.mp4,strumming guitar,335
10181,data/k400/train/yDC9k3YjsZY_000014_000024.mp4,strumming guitar,335
10182,data/k400/train/-fe9ZYMJWXk_000019_000029.mp4,surfing crowd,336
10183,data/k400/train/0lReD3Ys3jM_000001_000011.mp4,surfing crowd,336
10184,data/k400/train/1lmXxUs5KKY_000019_000029.mp4,surfing crowd,336
10185,data/k400/train/3fqb959y3_g_000030_000040.mp4,surfing crowd,336
10186,data/k400/train/6KL004LNB94_000015_000025.mp4,surfing crowd,336
10187,data/k400/train/6z6W5QE6nRA_000286_000296.mp4,surfing crowd,336
10188,data/k400/train/7mkBmQYPtAE_000006_000016.mp4,surfing crowd,336
10189,data/k400/train/8OW1uGqFjrs_000114_000124.mp4,surfing crowd,336
10190,data/k400/train/8f447-jS3RE_000003_000013.mp4,surfing crowd,336
10191,data/k400/train/CFBfB-anIMA_000002_000012.mp4,surfing crowd,336
10192,data/k400/train/CjzaeALlw_k_000017_000027.mp4,surfing crowd,336
10193,data/k400/train/E1SMXWFAE_4_000000_000010.mp4,surfing crowd,336
10194,data/k400/train/FW4ioRWMPkQ_000007_000017.mp4,surfing crowd,336
10195,data/k400/train/IHICNk6QcG8_000022_000032.mp4,surfing crowd,336
10196,data/k400/train/Qwpkl4TlBZw_000150_000160.mp4,surfing crowd,336
10197,data/k400/train/UH57hHfYJ8w_000020_000030.mp4,surfing crowd,336
10198,data/k400/train/XnQ_320dSYk_000176_000186.mp4,surfing crowd,336
10199,data/k400/train/ZoGQinJS_-g_000014_000024.mp4,surfing crowd,336
10200,data/k400/train/ZyumEuyFkak_000000_000010.mp4,surfing crowd,336
10201,data/k400/train/a_2Zid1Jpus_000007_000017.mp4,surfing crowd,336
10202,data/k400/train/bFohoD3uIfA_000019_000029.mp4,surfing crowd,336
10203,data/k400/train/eBYDGjO7AKQ_000000_000010.mp4,surfing crowd,336
10204,data/k400/train/fP0-9SulzIw_000003_000013.mp4,surfing crowd,336
10205,data/k400/train/jsUUA9HdQXg_000084_000094.mp4,surfing crowd,336
10206,data/k400/train/lJBSkfZ7WuI_000001_000011.mp4,surfing crowd,336
10207,data/k400/train/pGMeUhGo0jM_000013_000023.mp4,surfing crowd,336
10208,data/k400/train/sme1dxDSZS4_000001_000011.mp4,surfing crowd,336
10209,data/k400/train/tHc5tfDoBGE_000003_000013.mp4,surfing crowd,336
10210,data/k400/train/tLdofiQCCig_000004_000014.mp4,surfing crowd,336
10211,data/k400/train/tXJzrbSSRnU_000014_000024.mp4,surfing crowd,336
10212,data/k400/train/wrjPPb1sFuw_000000_000010.mp4,surfing crowd,336
10213,data/k400/train/xITcYmQILOw_000044_000054.mp4,surfing crowd,336
10214,data/k400/train/1bcRscXDrLk_000165_000175.mp4,surfing water,337
10215,data/k400/train/35UYnLFlV6Y_000092_000102.mp4,surfing water,337
10216,data/k400/train/4VPmHjAILIU_000410_000420.mp4,surfing water,337
10217,data/k400/train/5l5Pdd96Pao_000161_000171.mp4,surfing water,337
10218,data/k400/train/A57IYzcJKTE_000035_000045.mp4,surfing water,337
10219,data/k400/train/CZH4voX2H8E_000007_000017.mp4,surfing water,337
10220,data/k400/train/HN6R-sa7SgU_000000_000010.mp4,surfing water,337
10221,data/k400/train/KGCs4ADIveM_000013_000023.mp4,surfing water,337
10222,data/k400/train/Q6-lQLHi1E4_000040_000050.mp4,surfing water,337
10223,data/k400/train/QldAKGvxrr4_000121_000131.mp4,surfing water,337
10224,data/k400/train/SeLvU_TZr_Q_000008_000018.mp4,surfing water,337
10225,data/k400/train/ZopAFV9XM7k_000012_000022.mp4,surfing water,337
10226,data/k400/train/aR-vEDCZDM8_000001_000011.mp4,surfing water,337
10227,data/k400/train/jRqhIu9vGyo_000057_000067.mp4,surfing water,337
10228,data/k400/train/mrVGIMVMMdY_000150_000160.mp4,surfing water,337
10229,data/k400/train/nr4D-O6w96c_000003_000013.mp4,surfing water,337
10230,data/k400/train/oeDOZ3L_PXc_000129_000139.mp4,surfing water,337
10231,data/k400/train/r6GB7B6JY7o_000029_000039.mp4,surfing water,337
10232,data/k400/train/s4UO5MdbnTQ_000006_000016.mp4,surfing water,337
10233,data/k400/train/tDbadw3U-eU_000049_000059.mp4,surfing water,337
10234,data/k400/train/uiy0YR3-XlE_000010_000020.mp4,surfing water,337
10235,data/k400/train/uzXX1eN_1R8_000004_000014.mp4,surfing water,337
10236,data/k400/train/y0Dyp2V8ih4_000105_000115.mp4,surfing water,337
10237,data/k400/train/0EDL9pkmzow_000007_000017.mp4,sweeping floor,338
10238,data/k400/train/0KnnEb0aZFA_000017_000027.mp4,sweeping floor,338
10239,data/k400/train/0p9B2ypFEas_000004_000014.mp4,sweeping floor,338
10240,data/k400/train/0vrWaF5YgW8_000000_000010.mp4,sweeping floor,338
10241,data/k400/train/1bGlDbT2hdc_000003_000013.mp4,sweeping floor,338
10242,data/k400/train/2vz2sR_c5FY_000037_000047.mp4,sweeping floor,338
10243,data/k400/train/4c_oN8vFXgQ_000024_000034.mp4,sweeping floor,338
10244,data/k400/train/6PVOuYOB_As_000023_000033.mp4,sweeping floor,338
10245,data/k400/train/7ddXOvNFG-8_000097_000107.mp4,sweeping floor,338
10246,data/k400/train/DvWGByhc1BQ_000028_000038.mp4,sweeping floor,338
10247,data/k400/train/E7ao6SyrtzE_000024_000034.mp4,sweeping floor,338
10248,data/k400/train/FBBlYrv-YlE_000102_000112.mp4,sweeping floor,338
10249,data/k400/train/HhT4Jsr2dnE_000001_000011.mp4,sweeping floor,338
10250,data/k400/train/LL2u2zbd5ns_000053_000063.mp4,sweeping floor,338
10251,data/k400/train/Xpj_04RLcqE_000016_000026.mp4,sweeping floor,338
10252,data/k400/train/aXw5zwg6SFU_000000_000010.mp4,sweeping floor,338
10253,data/k400/train/b7OYHjoTg7c_000007_000017.mp4,sweeping floor,338
10254,data/k400/train/fcbTMvBFTXA_000004_000014.mp4,sweeping floor,338
10255,data/k400/train/hkNsdkOpn5E_000009_000019.mp4,sweeping floor,338
10256,data/k400/train/kcpwoouJC1E_000052_000062.mp4,sweeping floor,338
10257,data/k400/train/pjIm06i0xxI_000008_000018.mp4,sweeping floor,338
10258,data/k400/train/qA-hFkkprIw_000010_000020.mp4,sweeping floor,338
10259,data/k400/train/rnUaiRQQERY_000003_000013.mp4,sweeping floor,338
10260,data/k400/train/yIQnbAg9tlc_000015_000025.mp4,sweeping floor,338
10261,data/k400/train/yqfVlJ4CHtA_000321_000331.mp4,sweeping floor,338
10262,data/k400/train/zEg_gM8mCXk_000012_000022.mp4,sweeping floor,338
10263,data/k400/train/-9F3uySCOS8_000048_000058.mp4,swimming backstroke,339
10264,data/k400/train/-vwjWQHlpYk_000214_000224.mp4,swimming backstroke,339
10265,data/k400/train/1Yyp9GiOzl8_000052_000062.mp4,swimming backstroke,339
10266,data/k400/train/1oNFIY_ENR8_000058_000068.mp4,swimming backstroke,339
10267,data/k400/train/1qySsP8Zt9Y_000011_000021.mp4,swimming backstroke,339
10268,data/k400/train/24-Dq30Dmig_000052_000062.mp4,swimming backstroke,339
10269,data/k400/train/2nRiEOkz1DA_000011_000021.mp4,swimming backstroke,339
10270,data/k400/train/4ljFhgQ46A4_000005_000015.mp4,swimming backstroke,339
10271,data/k400/train/4tgb9BHUYko_000241_000251.mp4,swimming backstroke,339
10272,data/k400/train/59AW_BySiLw_000202_000212.mp4,swimming backstroke,339
10273,data/k400/train/5TJ5q41U7tM_000002_000012.mp4,swimming backstroke,339
10274,data/k400/train/6BuvhxiJP1Q_000000_000010.mp4,swimming backstroke,339
10275,data/k400/train/8skDtU2JfPo_000125_000135.mp4,swimming backstroke,339
10276,data/k400/train/9JFz70fA_RU_000024_000034.mp4,swimming backstroke,339
10277,data/k400/train/9yh89T-hb4A_000029_000039.mp4,swimming backstroke,339
10278,data/k400/train/AQAYA3O-hb0_000007_000017.mp4,swimming backstroke,339
10279,data/k400/train/AgDyAEl65W8_000023_000033.mp4,swimming backstroke,339
10280,data/k400/train/D2IRK1JLjHg_000190_000200.mp4,swimming backstroke,339
10281,data/k400/train/EY8R79WeMkQ_000208_000218.mp4,swimming backstroke,339
10282,data/k400/train/Fkx-5S4d_Lc_000111_000121.mp4,swimming backstroke,339
10283,data/k400/train/JI1zVG--Vzo_000004_000014.mp4,swimming backstroke,339
10284,data/k400/train/JKYi7izyrT4_000046_000056.mp4,swimming backstroke,339
10285,data/k400/train/KAxtAvkDynI_000093_000103.mp4,swimming backstroke,339
10286,data/k400/train/LMAAMwmaD2Q_000025_000035.mp4,swimming backstroke,339
10287,data/k400/train/QCqR4-ChvUU_000030_000040.mp4,swimming backstroke,339
10288,data/k400/train/RVvObt6efPg_000083_000093.mp4,swimming backstroke,339
10289,data/k400/train/RrzqRbN4T74_000029_000039.mp4,swimming backstroke,339
10290,data/k400/train/TAF6y-hWiyw_000005_000015.mp4,swimming backstroke,339
10291,data/k400/train/TaxAK39ZAoE_000041_000051.mp4,swimming backstroke,339
10292,data/k400/train/UGDWcfMTgbs_000027_000037.mp4,swimming backstroke,339
10293,data/k400/train/VDnUk2p-n_4_000085_000095.mp4,swimming backstroke,339
10294,data/k400/train/WY2gxajndb8_000000_000010.mp4,swimming backstroke,339
10295,data/k400/train/YziXVkIA-_I_000256_000266.mp4,swimming backstroke,339
10296,data/k400/train/ZPl2iXwbuA8_000082_000092.mp4,swimming backstroke,339
10297,data/k400/train/_sy2_HCc_Bo_000097_000107.mp4,swimming backstroke,339
10298,data/k400/train/bhYpNDddQ3g_000024_000034.mp4,swimming backstroke,339
10299,data/k400/train/cniKwgCjkjA_000057_000067.mp4,swimming backstroke,339
10300,data/k400/train/dF7Bdwg8ToY_000025_000035.mp4,swimming backstroke,339
10301,data/k400/train/djA9y-CI1mk_000110_000120.mp4,swimming backstroke,339
10302,data/k400/train/errD8BQOrq0_000043_000053.mp4,swimming backstroke,339
10303,data/k400/train/eudxzNVBfwQ_000221_000231.mp4,swimming backstroke,339
10304,data/k400/train/fu_CW2tIo1U_000016_000026.mp4,swimming backstroke,339
10305,data/k400/train/gxIjvs-UG9U_000000_000010.mp4,swimming backstroke,339
10306,data/k400/train/gzIcgYe3v-Y_000033_000043.mp4,swimming backstroke,339
10307,data/k400/train/hL0H0VuzNJs_000077_000087.mp4,swimming backstroke,339
10308,data/k400/train/kZJBmOj5M2g_000030_000040.mp4,swimming backstroke,339
10309,data/k400/train/mLi8D_pfGfg_000002_000012.mp4,swimming backstroke,339
10310,data/k400/train/nIu1SfjOZfg_000370_000380.mp4,swimming backstroke,339
10311,data/k400/train/oUj-WTQftEk_000025_000035.mp4,swimming backstroke,339
10312,data/k400/train/oqWSN_sg6yI_000063_000073.mp4,swimming backstroke,339
10313,data/k400/train/oqvWOZSgodg_000000_000010.mp4,swimming backstroke,339
10314,data/k400/train/pHvLTxSHyjk_000017_000027.mp4,swimming backstroke,339
10315,data/k400/train/rUKLHYhFMEs_000133_000143.mp4,swimming backstroke,339
10316,data/k400/train/uMTuLH0r1zs_000041_000051.mp4,swimming backstroke,339
10317,data/k400/train/ueE-rAm2krg_000041_000051.mp4,swimming backstroke,339
10318,data/k400/train/vNSTbHAMyd8_000022_000032.mp4,swimming backstroke,339
10319,data/k400/train/ytD62MN4Av0_000024_000034.mp4,swimming backstroke,339
10320,data/k400/train/-k7_81FaDgc_000114_000124.mp4,swimming breast stroke,340
10321,data/k400/train/0GIpCCTEGVc_000303_000313.mp4,swimming breast stroke,340
10322,data/k400/train/0LD_LcuqlkI_000035_000045.mp4,swimming breast stroke,340
10323,data/k400/train/65cg4EStpp0_000069_000079.mp4,swimming breast stroke,340
10324,data/k400/train/6d1xWqHQ1Vk_000002_000012.mp4,swimming breast stroke,340
10325,data/k400/train/8obeXlJiqsg_000092_000102.mp4,swimming breast stroke,340
10326,data/k400/train/C3w1k1OORMI_000026_000036.mp4,swimming breast stroke,340
10327,data/k400/train/C4gzbT-k2DM_000016_000026.mp4,swimming breast stroke,340
10328,data/k400/train/FgGx8Uj-1nI_000039_000049.mp4,swimming breast stroke,340
10329,data/k400/train/Fm6w4CiyRWQ_000022_000032.mp4,swimming breast stroke,340
10330,data/k400/train/LIyG9MKdE74_000004_000014.mp4,swimming breast stroke,340
10331,data/k400/train/MvCUNiekn7s_000015_000025.mp4,swimming breast stroke,340
10332,data/k400/train/NSF_NhKB4P8_000022_000032.mp4,swimming breast stroke,340
10333,data/k400/train/Ntb-M0vWOus_000045_000055.mp4,swimming breast stroke,340
10334,data/k400/train/Q6FrxOkIsbk_000012_000022.mp4,swimming breast stroke,340
10335,data/k400/train/TseSz1cep50_000004_000014.mp4,swimming breast stroke,340
10336,data/k400/train/ZmBGwPUFG0I_000001_000011.mp4,swimming breast stroke,340
10337,data/k400/train/_IMj1vvBxLY_000007_000017.mp4,swimming breast stroke,340
10338,data/k400/train/hng6DL3quOE_000002_000012.mp4,swimming breast stroke,340
10339,data/k400/train/htuUStwzPss_000031_000041.mp4,swimming breast stroke,340
10340,data/k400/train/lF96HGwVkyE_000026_000036.mp4,swimming breast stroke,340
10341,data/k400/train/n5mOGdbpM5M_000096_000106.mp4,swimming breast stroke,340
10342,data/k400/train/ox0EgFsgUSo_000002_000012.mp4,swimming breast stroke,340
10343,data/k400/train/qxpP6tWoN0Q_000033_000043.mp4,swimming breast stroke,340
10344,data/k400/train/r2lR5TGfCiE_000026_000036.mp4,swimming breast stroke,340
10345,data/k400/train/uwBTD09Dpu4_000002_000012.mp4,swimming breast stroke,340
10346,data/k400/train/vBnXYVK2dTQ_000481_000491.mp4,swimming breast stroke,340
10347,data/k400/train/weLV1Yl1M6g_000057_000067.mp4,swimming breast stroke,340
10348,data/k400/train/weuGm3Hyuzw_000023_000033.mp4,swimming breast stroke,340
10349,data/k400/train/xSQNc8BsyoM_000054_000064.mp4,swimming breast stroke,340
10350,data/k400/train/xrIJ_y8R0bg_000194_000204.mp4,swimming breast stroke,340
10351,data/k400/train/4Y4FM_Ajl9s_000004_000014.mp4,swimming butterfly stroke,341
10352,data/k400/train/4sSWYpTHx_w_000043_000053.mp4,swimming butterfly stroke,341
10353,data/k400/train/7NmJwYaqBWI_000021_000031.mp4,swimming butterfly stroke,341
10354,data/k400/train/8H7u30vnn2g_000024_000034.mp4,swimming butterfly stroke,341
10355,data/k400/train/ChSzYY2R3tk_000000_000010.mp4,swimming butterfly stroke,341
10356,data/k400/train/Cxl-XJpdSoI_000002_000012.mp4,swimming butterfly stroke,341
10357,data/k400/train/DLnBUV1uHqw_000010_000020.mp4,swimming butterfly stroke,341
10358,data/k400/train/EfEEXpy9dQY_000052_000062.mp4,swimming butterfly stroke,341
10359,data/k400/train/IHJaMgODHhg_000009_000019.mp4,swimming butterfly stroke,341
10360,data/k400/train/Mu_N7x3TjjU_000004_000014.mp4,swimming butterfly stroke,341
10361,data/k400/train/NP0Q6AXxJw0_000086_000096.mp4,swimming butterfly stroke,341
10362,data/k400/train/OFGGtHHMQsg_000024_000034.mp4,swimming butterfly stroke,341
10363,data/k400/train/XB_6VYZrQRY_000020_000030.mp4,swimming butterfly stroke,341
10364,data/k400/train/ZX0uzKVT7sI_000010_000020.mp4,swimming butterfly stroke,341
10365,data/k400/train/_Xm1bZGv9sA_000002_000012.mp4,swimming butterfly stroke,341
10366,data/k400/train/e5O98HEbS_I_000002_000012.mp4,swimming butterfly stroke,341
10367,data/k400/train/fbweaxWrUi4_000020_000030.mp4,swimming butterfly stroke,341
10368,data/k400/train/hyNSQ4Jbmxc_000014_000024.mp4,swimming butterfly stroke,341
10369,data/k400/train/hzevpVOF53Q_000003_000013.mp4,swimming butterfly stroke,341
10370,data/k400/train/m-B0WtpNAY8_000005_000015.mp4,swimming butterfly stroke,341
10371,data/k400/train/oGPbFr5wGOM_000159_000169.mp4,swimming butterfly stroke,341
10372,data/k400/train/qvYfsoFb4Oc_000000_000010.mp4,swimming butterfly stroke,341
10373,data/k400/train/rFh9Ju9zVl0_000008_000018.mp4,swimming butterfly stroke,341
10374,data/k400/train/w1cg2xh4QEQ_000016_000026.mp4,swimming butterfly stroke,341
10375,data/k400/train/x5ioYsF4HDA_000013_000023.mp4,swimming butterfly stroke,341
10376,data/k400/train/8bjHMYE4e6I_000056_000066.mp4,swing dancing,342
10377,data/k400/train/CO3ciqTxCvY_000020_000030.mp4,swing dancing,342
10378,data/k400/train/E8vvGNOYSEg_000022_000032.mp4,swing dancing,342
10379,data/k400/train/Ez0sHGSfnao_000080_000090.mp4,swing dancing,342
10380,data/k400/train/R4XzS35Rhm0_000017_000027.mp4,swing dancing,342
10381,data/k400/train/UmxTobwYqmM_000026_000036.mp4,swing dancing,342
10382,data/k400/train/kuMLuAUV1Y8_000018_000028.mp4,swing dancing,342
10383,data/k400/train/l_fLeP3sLFI_000362_000372.mp4,swing dancing,342
10384,data/k400/train/uiUi-_N746k_000006_000016.mp4,swing dancing,342
10385,data/k400/train/vBUJ6e6cE6Y_000037_000047.mp4,swing dancing,342
10386,data/k400/train/vXHqECogoDc_000089_000099.mp4,swing dancing,342
10387,data/k400/train/w-QaAtRRkZA_000125_000135.mp4,swing dancing,342
10388,data/k400/train/wAVONOVaFgw_000101_000111.mp4,swing dancing,342
10389,data/k400/train/2i8A7U0bFKA_000007_000017.mp4,swinging legs,343
10390,data/k400/train/7BOF-8IAbBU_000012_000022.mp4,swinging legs,343
10391,data/k400/train/8a8yQQcTNjk_000000_000010.mp4,swinging legs,343
10392,data/k400/train/D3sfgXuLc_4_000099_000109.mp4,swinging legs,343
10393,data/k400/train/FPykUcTsQ8s_000004_000014.mp4,swinging legs,343
10394,data/k400/train/I_BBTXOCXFc_000014_000024.mp4,swinging legs,343
10395,data/k400/train/L3I74mUBCgU_000001_000011.mp4,swinging legs,343
10396,data/k400/train/L97D0-G2uM8_000089_000099.mp4,swinging legs,343
10397,data/k400/train/TgPq0fCEecA_000029_000039.mp4,swinging legs,343
10398,data/k400/train/bzWpcAJVYH8_000003_000013.mp4,swinging legs,343
10399,data/k400/train/kXDMhekhiZY_000037_000047.mp4,swinging legs,343
10400,data/k400/train/uKzPfgJRFBo_000002_000012.mp4,swinging legs,343
10401,data/k400/train/uWryh3p8kkY_000005_000015.mp4,swinging legs,343
10402,data/k400/train/w-29c9_x0pQ_000006_000016.mp4,swinging legs,343
10403,data/k400/train/yuD7h0kAenU_000012_000022.mp4,swinging legs,343
10404,data/k400/train/0ATPzLSCCTg_000072_000082.mp4,swinging on something,344
10405,data/k400/train/0IUbKG0-CX0_000019_000029.mp4,swinging on something,344
10406,data/k400/train/4Ql94qz0yYU_000022_000032.mp4,swinging on something,344
10407,data/k400/train/4bfpPnWaNuA_000033_000043.mp4,swinging on something,344
10408,data/k400/train/7TiMjCW33gU_000074_000084.mp4,swinging on something,344
10409,data/k400/train/9hPFx0SgF3A_000000_000010.mp4,swinging on something,344
10410,data/k400/train/DeYkrfBe1WU_000055_000065.mp4,swinging on something,344
10411,data/k400/train/FJrcebqrmHA_000000_000010.mp4,swinging on something,344
10412,data/k400/train/OT9eTit-Q0I_000124_000134.mp4,swinging on something,344
10413,data/k400/train/T5BOXjYEj5U_000026_000036.mp4,swinging on something,344
10414,data/k400/train/e9vJVuPEEf0_000037_000047.mp4,swinging on something,344
10415,data/k400/train/pbbt3E1Xp8A_000071_000081.mp4,swinging on something,344
10416,data/k400/train/tlV-wjSeUFY_000000_000010.mp4,swinging on something,344
10417,data/k400/train/vEpgJKHYJB8_000089_000099.mp4,swinging on something,344
10418,data/k400/train/1MEKQFgWvts_000076_000086.mp4,sword fighting,345
10419,data/k400/train/4YeP4jDkV1Y_000137_000147.mp4,sword fighting,345
10420,data/k400/train/81IJFV47dR8_000048_000058.mp4,sword fighting,345
10421,data/k400/train/8BFe3GV8aYM_000000_000010.mp4,sword fighting,345
10422,data/k400/train/GHGHj9cL0no_000003_000013.mp4,sword fighting,345
10423,data/k400/train/GJEe8jcyduM_000052_000062.mp4,sword fighting,345
10424,data/k400/train/J944XUXyy7o_000022_000032.mp4,sword fighting,345
10425,data/k400/train/aFc179n0M8Q_000013_000023.mp4,sword fighting,345
10426,data/k400/train/aqLMEB0AndA_000029_000039.mp4,sword fighting,345
10427,data/k400/train/dqx4Y4_ORCY_000002_000012.mp4,sword fighting,345
10428,data/k400/train/kIvzXkfDaE4_000015_000025.mp4,sword fighting,345
10429,data/k400/train/qYMZxJQpBlE_000032_000042.mp4,sword fighting,345
10430,data/k400/train/rQ7QbdIIG38_000037_000047.mp4,sword fighting,345
10431,data/k400/train/vPEa-8cmZCI_000056_000066.mp4,sword fighting,345
10432,data/k400/train/0ijz7OcHwGk_000008_000018.mp4,tai chi,346
10433,data/k400/train/1IkbsJ2iEPQ_000044_000054.mp4,tai chi,346
10434,data/k400/train/52ZoFd1KMZc_000116_000126.mp4,tai chi,346
10435,data/k400/train/60cYcTtOr_I_000001_000011.mp4,tai chi,346
10436,data/k400/train/6G-mBp_zRxg_000018_000028.mp4,tai chi,346
10437,data/k400/train/F_7dwXe4ZkE_000000_000010.mp4,tai chi,346
10438,data/k400/train/FqU31HuGlJc_000004_000014.mp4,tai chi,346
10439,data/k400/train/GQZr1wZPZEg_000236_000246.mp4,tai chi,346
10440,data/k400/train/GpPoNBkyWZw_000190_000200.mp4,tai chi,346
10441,data/k400/train/HHSoyPNSli0_000011_000021.mp4,tai chi,346
10442,data/k400/train/If0v2_xZeOQ_000084_000094.mp4,tai chi,346
10443,data/k400/train/J2yE8f1-yoM_001446_001456.mp4,tai chi,346
10444,data/k400/train/JgvTThvtSFo_000008_000018.mp4,tai chi,346
10445,data/k400/train/LIvqQfS94UI_000053_000063.mp4,tai chi,346
10446,data/k400/train/LOYdyrupjKA_000099_000109.mp4,tai chi,346
10447,data/k400/train/NPSr9X3Uodk_000167_000177.mp4,tai chi,346
10448,data/k400/train/NqAqi5DKV04_000051_000061.mp4,tai chi,346
10449,data/k400/train/O-q-sz1oB7c_000140_000150.mp4,tai chi,346
10450,data/k400/train/OpeqqKozBAQ_000125_000135.mp4,tai chi,346
10451,data/k400/train/PgPaCAJqzj8_000359_000369.mp4,tai chi,346
10452,data/k400/train/PprylyWozuc_000007_000017.mp4,tai chi,346
10453,data/k400/train/T7uGjh-df-c_000001_000011.mp4,tai chi,346
10454,data/k400/train/Urbue6RpzEM_000000_000010.mp4,tai chi,346
10455,data/k400/train/VAS2RJylny8_000000_000010.mp4,tai chi,346
10456,data/k400/train/_FKKjWl1-OU_000335_000345.mp4,tai chi,346
10457,data/k400/train/bHdZxLzpn68_000004_000014.mp4,tai chi,346
10458,data/k400/train/dKYA_Tl6RXY_000037_000047.mp4,tai chi,346
10459,data/k400/train/dgPwLH5OgfQ_000072_000082.mp4,tai chi,346
10460,data/k400/train/e0Mb9JesQBs_000309_000319.mp4,tai chi,346
10461,data/k400/train/ffeKOcJNXMA_000271_000281.mp4,tai chi,346
10462,data/k400/train/gswJzTpHBYI_000097_000107.mp4,tai chi,346
10463,data/k400/train/hLqWJifeGiE_000012_000022.mp4,tai chi,346
10464,data/k400/train/hOMJP6kWnnY_000246_000256.mp4,tai chi,346
10465,data/k400/train/iVAEbH-LjUc_000037_000047.mp4,tai chi,346
10466,data/k400/train/kQRm-Hw442I_000018_000028.mp4,tai chi,346
10467,data/k400/train/mZ7wGnLQwXA_000320_000330.mp4,tai chi,346
10468,data/k400/train/vpnBkThOkIY_000395_000405.mp4,tai chi,346
10469,data/k400/train/wecGNC9hvJs_000000_000010.mp4,tai chi,346
10470,data/k400/train/xUEzP70PEow_000064_000074.mp4,tai chi,346
10471,data/k400/train/xWnMdGQLMiw_000009_000019.mp4,tai chi,346
10472,data/k400/train/0Fae8U0pH4s_000027_000037.mp4,taking a shower,347
10473,data/k400/train/0hqy3MUOPcI_000025_000035.mp4,taking a shower,347
10474,data/k400/train/24yYGgWGzHw_000319_000329.mp4,taking a shower,347
10475,data/k400/train/DR33jKnk0VE_000062_000072.mp4,taking a shower,347
10476,data/k400/train/GIC8fch_7YA_000205_000215.mp4,taking a shower,347
10477,data/k400/train/Gm6wqb5E7qI_000624_000634.mp4,taking a shower,347
10478,data/k400/train/HHdmfpwo4cg_000145_000155.mp4,taking a shower,347
10479,data/k400/train/QeRo0pTr2ms_000037_000047.mp4,taking a shower,347
10480,data/k400/train/Wgfn0NmQx1E_000075_000085.mp4,taking a shower,347
10481,data/k400/train/_saSBqAJT5c_000031_000041.mp4,taking a shower,347
10482,data/k400/train/cKs0NlXWE4Y_000022_000032.mp4,taking a shower,347
10483,data/k400/train/1q180FZ4NFs_000096_000106.mp4,tango dancing,348
10484,data/k400/train/3p15Yp_5NHo_000000_000010.mp4,tango dancing,348
10485,data/k400/train/5vdb_6zGpMU_000110_000120.mp4,tango dancing,348
10486,data/k400/train/68UPpC_t7DQ_000116_000126.mp4,tango dancing,348
10487,data/k400/train/7INeEzYy4Oc_000003_000013.mp4,tango dancing,348
10488,data/k400/train/7INuh5mZ_fE_000129_000139.mp4,tango dancing,348
10489,data/k400/train/7ShpxK21s0o_000091_000101.mp4,tango dancing,348
10490,data/k400/train/7Wf3aqQjhuM_000204_000214.mp4,tango dancing,348
10491,data/k400/train/F9EeErTvA84_000010_000020.mp4,tango dancing,348
10492,data/k400/train/FY4x3rhI7KQ_000244_000254.mp4,tango dancing,348
10493,data/k400/train/GFsKBEnV8jo_000038_000048.mp4,tango dancing,348
10494,data/k400/train/LEvBiESz9YA_000197_000207.mp4,tango dancing,348
10495,data/k400/train/M5UJ6fjX1FU_000231_000241.mp4,tango dancing,348
10496,data/k400/train/MWhFvK4-yQM_000071_000081.mp4,tango dancing,348
10497,data/k400/train/M_W_h9eCdV8_000077_000087.mp4,tango dancing,348
10498,data/k400/train/NJX48A8K2o0_000105_000115.mp4,tango dancing,348
10499,data/k400/train/NZLjdNoPe2Q_000414_000424.mp4,tango dancing,348
10500,data/k400/train/Nc0wHK5n8Ow_000010_000020.mp4,tango dancing,348
10501,data/k400/train/PRFEJOFpi80_000240_000250.mp4,tango dancing,348
10502,data/k400/train/RUZ33KGjbdo_000015_000025.mp4,tango dancing,348
10503,data/k400/train/SQpey7UxCDU_000056_000066.mp4,tango dancing,348
10504,data/k400/train/TjDsEDtgXrs_000032_000042.mp4,tango dancing,348
10505,data/k400/train/WXNuY99Ltd4_000049_000059.mp4,tango dancing,348
10506,data/k400/train/_PN9LycNyVM_000005_000015.mp4,tango dancing,348
10507,data/k400/train/aifo3KNNDSw_000052_000062.mp4,tango dancing,348
10508,data/k400/train/aj5_BtoXflI_000091_000101.mp4,tango dancing,348
10509,data/k400/train/b-Z9uOZTNdA_000003_000013.mp4,tango dancing,348
10510,data/k400/train/bVdOMGLjb0k_000020_000030.mp4,tango dancing,348
10511,data/k400/train/dGdwLHrv0DU_000041_000051.mp4,tango dancing,348
10512,data/k400/train/eU7Mo1ImaKM_000007_000017.mp4,tango dancing,348
10513,data/k400/train/fwtvn-sfAuo_000054_000064.mp4,tango dancing,348
10514,data/k400/train/hA0MPNIdQLY_000031_000041.mp4,tango dancing,348
10515,data/k400/train/hR4uAvWmOrc_000079_000089.mp4,tango dancing,348
10516,data/k400/train/mcp-TnRI6wA_000110_000120.mp4,tango dancing,348
10517,data/k400/train/n3XXdo9IUBA_000001_000011.mp4,tango dancing,348
10518,data/k400/train/neDXu4vACX0_000080_000090.mp4,tango dancing,348
10519,data/k400/train/pfQvgtkMoNk_000010_000020.mp4,tango dancing,348
10520,data/k400/train/pwKa5lPJTns_000120_000130.mp4,tango dancing,348
10521,data/k400/train/ruFQH33uNxI_000000_000010.mp4,tango dancing,348
10522,data/k400/train/v7kOuQzQR7w_000147_000157.mp4,tango dancing,348
10523,data/k400/train/wepxqfmwBkY_000012_000022.mp4,tango dancing,348
10524,data/k400/train/y4Hk5APms4M_000032_000042.mp4,tango dancing,348
10525,data/k400/train/05wsL12f47w_000058_000068.mp4,tap dancing,349
10526,data/k400/train/0VKlPcvL3dM_000004_000014.mp4,tap dancing,349
10527,data/k400/train/0fTclAz3oj4_000097_000107.mp4,tap dancing,349
10528,data/k400/train/2KVH9jCJrEA_000056_000066.mp4,tap dancing,349
10529,data/k400/train/7mW0Al7wEdI_000034_000044.mp4,tap dancing,349
10530,data/k400/train/8oP7yS4PRCs_000020_000030.mp4,tap dancing,349
10531,data/k400/train/9Nfz-zXZeNE_000075_000085.mp4,tap dancing,349
10532,data/k400/train/9ebs50FEsIU_000015_000025.mp4,tap dancing,349
10533,data/k400/train/A-vAx1U5Ao4_000050_000060.mp4,tap dancing,349
10534,data/k400/train/BvZCUVFAVy4_000028_000038.mp4,tap dancing,349
10535,data/k400/train/DDH_DTCb0_8_000086_000096.mp4,tap dancing,349
10536,data/k400/train/EecwIoU-_to_000149_000159.mp4,tap dancing,349
10537,data/k400/train/EvgidK9xOxQ_000060_000070.mp4,tap dancing,349
10538,data/k400/train/FWigb3IoOWc_000190_000200.mp4,tap dancing,349
10539,data/k400/train/FrwpwwomvLE_000030_000040.mp4,tap dancing,349
10540,data/k400/train/FveJN82iLWE_000102_000112.mp4,tap dancing,349
10541,data/k400/train/I4fG2Ac4pDA_000112_000122.mp4,tap dancing,349
10542,data/k400/train/MFTn-nikPxY_000125_000135.mp4,tap dancing,349
10543,data/k400/train/MjPXldxxEd8_000044_000054.mp4,tap dancing,349
10544,data/k400/train/NhHi5h2mZm4_000061_000071.mp4,tap dancing,349
10545,data/k400/train/OdbqCdE-Q50_000124_000134.mp4,tap dancing,349
10546,data/k400/train/RQEI67QuuyU_000519_000529.mp4,tap dancing,349
10547,data/k400/train/RaGMgeuYbok_000027_000037.mp4,tap dancing,349
10548,data/k400/train/VkaWVPjc6AQ_000271_000281.mp4,tap dancing,349
10549,data/k400/train/YGPLVKEvoRM_000044_000054.mp4,tap dancing,349
10550,data/k400/train/ZJoX5xOaLYs_000013_000023.mp4,tap dancing,349
10551,data/k400/train/_YhnXDDbeRU_000027_000037.mp4,tap dancing,349
10552,data/k400/train/_nwPFtIxouA_000063_000073.mp4,tap dancing,349
10553,data/k400/train/bjC-9x0Ycyg_000139_000149.mp4,tap dancing,349
10554,data/k400/train/dUGLVppUz_s_000002_000012.mp4,tap dancing,349
10555,data/k400/train/eE2vS8DahRk_000083_000093.mp4,tap dancing,349
10556,data/k400/train/g0qiGTFhlwY_000316_000326.mp4,tap dancing,349
10557,data/k400/train/jzInwW6QCy4_000004_000014.mp4,tap dancing,349
10558,data/k400/train/kKWXh7Qento_000201_000211.mp4,tap dancing,349
10559,data/k400/train/kk4xK1IHZZQ_000117_000127.mp4,tap dancing,349
10560,data/k400/train/lNWhPbEUzH0_000109_000119.mp4,tap dancing,349
10561,data/k400/train/q48G8EwXkVE_000150_000160.mp4,tap dancing,349
10562,data/k400/train/rV0nOd6OSGo_000096_000106.mp4,tap dancing,349
10563,data/k400/train/rkwyoLOjOpw_000065_000075.mp4,tap dancing,349
10564,data/k400/train/rrhjIIqhbR4_000004_000014.mp4,tap dancing,349
10565,data/k400/train/t2Z_Z5ZSXrs_000000_000010.mp4,tap dancing,349
10566,data/k400/train/y60nqyhwYoM_000062_000072.mp4,tap dancing,349
10567,data/k400/train/zlgW84mVslE_000016_000026.mp4,tap dancing,349
10568,data/k400/train/-Nb91doUk70_000120_000130.mp4,tapping guitar,350
10569,data/k400/train/3IfhaMrBvX8_000026_000036.mp4,tapping guitar,350
10570,data/k400/train/99WuH95I5zk_000112_000122.mp4,tapping guitar,350
10571,data/k400/train/9ZOtwmI7lFQ_000011_000021.mp4,tapping guitar,350
10572,data/k400/train/A7Hh5viYARY_000111_000121.mp4,tapping guitar,350
10573,data/k400/train/DjcVEzLNde4_000005_000015.mp4,tapping guitar,350
10574,data/k400/train/Etz-Xo8Ubfo_000000_000010.mp4,tapping guitar,350
10575,data/k400/train/GbUKvw9ptvk_000015_000025.mp4,tapping guitar,350
10576,data/k400/train/I1rgNZd0P1w_000064_000074.mp4,tapping guitar,350
10577,data/k400/train/JTg3J5hpP28_000061_000071.mp4,tapping guitar,350
10578,data/k400/train/KDHq5hzLT9I_000206_000216.mp4,tapping guitar,350
10579,data/k400/train/MijsapX31Ws_000047_000057.mp4,tapping guitar,350
10580,data/k400/train/PrJ_g5O7MRk_000084_000094.mp4,tapping guitar,350
10581,data/k400/train/SdrcAw8Mw9Q_000000_000010.mp4,tapping guitar,350
10582,data/k400/train/T-b3_hGM0LA_000004_000014.mp4,tapping guitar,350
10583,data/k400/train/UJIuMBifjgg_000001_000011.mp4,tapping guitar,350
10584,data/k400/train/WbuqeORV_K0_000120_000130.mp4,tapping guitar,350
10585,data/k400/train/WehXennSlNQ_000225_000235.mp4,tapping guitar,350
10586,data/k400/train/WevZZov_o2Q_000741_000751.mp4,tapping guitar,350
10587,data/k400/train/YX-I-6uGkVY_000192_000202.mp4,tapping guitar,350
10588,data/k400/train/Z3In407dYfo_000203_000213.mp4,tapping guitar,350
10589,data/k400/train/ZsXCKj77p7s_000000_000010.mp4,tapping guitar,350
10590,data/k400/train/j9X8VrknW3w_000010_000020.mp4,tapping guitar,350
10591,data/k400/train/kzx1z399qME_000023_000033.mp4,tapping guitar,350
10592,data/k400/train/mZE_JZftmy8_000028_000038.mp4,tapping guitar,350
10593,data/k400/train/qx7hPXbWT60_000045_000055.mp4,tapping guitar,350
10594,data/k400/train/sEYdPUbVx8k_000116_000126.mp4,tapping guitar,350
10595,data/k400/train/sRrnQTnFBuo_000452_000462.mp4,tapping guitar,350
10596,data/k400/train/uqCtuJIHhcU_000058_000068.mp4,tapping guitar,350
10597,data/k400/train/xQ8B-tBM1Co_000001_000011.mp4,tapping guitar,350
10598,data/k400/train/z-APaA5LWdU_000015_000025.mp4,tapping guitar,350
10599,data/k400/train/-hYB6WAhZTQ_000117_000127.mp4,tapping pen,351
10600,data/k400/train/1DJfEcp0xVo_000061_000071.mp4,tapping pen,351
10601,data/k400/train/7CNWYqz4sgY_000027_000037.mp4,tapping pen,351
10602,data/k400/train/8BG2QE2Y3uY_000003_000013.mp4,tapping pen,351
10603,data/k400/train/ByQb0cEfebo_000123_000133.mp4,tapping pen,351
10604,data/k400/train/CWzHebd1Vas_000133_000143.mp4,tapping pen,351
10605,data/k400/train/G4viuEPm6Pg_000093_000103.mp4,tapping pen,351
10606,data/k400/train/HMMouLjj--A_000001_000011.mp4,tapping pen,351
10607,data/k400/train/KVJHDLSC4BY_000034_000044.mp4,tapping pen,351
10608,data/k400/train/LuSYPBTDjMg_000042_000052.mp4,tapping pen,351
10609,data/k400/train/NxBcuF_poCY_000041_000051.mp4,tapping pen,351
10610,data/k400/train/PDrNGMY7I1U_000043_000053.mp4,tapping pen,351
10611,data/k400/train/_iRIXBdDl_o_000000_000010.mp4,tapping pen,351
10612,data/k400/train/aU1DolX_bkY_000063_000073.mp4,tapping pen,351
10613,data/k400/train/asgbvcHBrys_000002_000012.mp4,tapping pen,351
10614,data/k400/train/bvuLOrArD-k_000046_000056.mp4,tapping pen,351
10615,data/k400/train/f8D0WD94M1g_000084_000094.mp4,tapping pen,351
10616,data/k400/train/hKsj0-MEcrE_000068_000078.mp4,tapping pen,351
10617,data/k400/train/jv92BvnzauI_000132_000142.mp4,tapping pen,351
10618,data/k400/train/k_aiTu3kX7U_000052_000062.mp4,tapping pen,351
10619,data/k400/train/nqGmlWHbHwU_000048_000058.mp4,tapping pen,351
10620,data/k400/train/pc-a-gyr1jA_000060_000070.mp4,tapping pen,351
10621,data/k400/train/slJz7MLieSw_000107_000117.mp4,tapping pen,351
10622,data/k400/train/uoGOfqczu6Y_000048_000058.mp4,tapping pen,351
10623,data/k400/train/vZ560yhzYWU_000045_000055.mp4,tapping pen,351
10624,data/k400/train/xEEYoTf1Rgo_000112_000122.mp4,tapping pen,351
10625,data/k400/train/xIVx80EWRYs_000012_000022.mp4,tapping pen,351
10626,data/k400/train/xe4kbQXi1MQ_000020_000030.mp4,tapping pen,351
10627,data/k400/train/1zNdXTAHOzE_000042_000052.mp4,tasting beer,352
10628,data/k400/train/43NNZRBk37I_000351_000361.mp4,tasting beer,352
10629,data/k400/train/6wA22pvm4Fo_000047_000057.mp4,tasting beer,352
10630,data/k400/train/EkE1MaznPdQ_000025_000035.mp4,tasting beer,352
10631,data/k400/train/H_hcOn2OgWI_000525_000535.mp4,tasting beer,352
10632,data/k400/train/KVEXV-769_c_000052_000062.mp4,tasting beer,352
10633,data/k400/train/O4Zzhgbm-mY_000056_000066.mp4,tasting beer,352
10634,data/k400/train/TJRz6Lnodxs_000169_000179.mp4,tasting beer,352
10635,data/k400/train/Toa7VpEk99E_000027_000037.mp4,tasting beer,352
10636,data/k400/train/VrjIZ1fcsYg_000055_000065.mp4,tasting beer,352
10637,data/k400/train/edbeD2xTaHU_000000_000010.mp4,tasting beer,352
10638,data/k400/train/hvP45tFg5gA_000175_000185.mp4,tasting beer,352
10639,data/k400/train/kOSQlwx3xFE_000096_000106.mp4,tasting beer,352
10640,data/k400/train/mEsPurgxJes_000004_000014.mp4,tasting beer,352
10641,data/k400/train/mpmwf7A21XM_000122_000132.mp4,tasting beer,352
10642,data/k400/train/tlEDFzkmNuU_000084_000094.mp4,tasting beer,352
10643,data/k400/train/uHB2S4veY80_000195_000205.mp4,tasting beer,352
10644,data/k400/train/vPGFj7Scvvo_000949_000959.mp4,tasting beer,352
10645,data/k400/train/w06Q1x40jZw_000296_000306.mp4,tasting beer,352
10646,data/k400/train/zfL-26X-KFI_000318_000328.mp4,tasting beer,352
10647,data/k400/train/zn5KAon0qN0_000007_000017.mp4,tasting beer,352
10648,data/k400/train/058eaXieqqw_000216_000226.mp4,tasting food,353
10649,data/k400/train/28aUYQbaX1A_000113_000123.mp4,tasting food,353
10650,data/k400/train/2QWkw42iSv8_000236_000246.mp4,tasting food,353
10651,data/k400/train/3qkZVudpypQ_000597_000607.mp4,tasting food,353
10652,data/k400/train/ABHu14fYywo_000009_000019.mp4,tasting food,353
10653,data/k400/train/E4rblCRJ-Fo_000010_000020.mp4,tasting food,353
10654,data/k400/train/Fxu6Vo2iszQ_000010_000020.mp4,tasting food,353
10655,data/k400/train/HvKAl0chvBo_000008_000018.mp4,tasting food,353
10656,data/k400/train/Mcw1AHy6FcY_000386_000396.mp4,tasting food,353
10657,data/k400/train/PUoSjlHvg9s_000282_000292.mp4,tasting food,353
10658,data/k400/train/T8gjcW2KGzA_000050_000060.mp4,tasting food,353
10659,data/k400/train/TM1PKZGGaGI_000287_000297.mp4,tasting food,353
10660,data/k400/train/VjLk8FYvYI0_000189_000199.mp4,tasting food,353
10661,data/k400/train/XDKUTMlALb4_000200_000210.mp4,tasting food,353
10662,data/k400/train/XieUnn82MuA_000136_000146.mp4,tasting food,353
10663,data/k400/train/Y621NJjMH94_000104_000114.mp4,tasting food,353
10664,data/k400/train/e0ZCGDjciWg_000124_000134.mp4,tasting food,353
10665,data/k400/train/jjGhwRAM5Ec_000404_000414.mp4,tasting food,353
10666,data/k400/train/nZL--HGvqFc_000003_000013.mp4,tasting food,353
10667,data/k400/train/r_ZL7of8X6A_000095_000105.mp4,tasting food,353
10668,data/k400/train/t0Cgz5puIZI_000205_000215.mp4,tasting food,353
10669,data/k400/train/w63JT--HWWY_000025_000035.mp4,tasting food,353
10670,data/k400/train/wjI7NmFOF-o_000068_000078.mp4,tasting food,353
10671,data/k400/train/-FoTOgyrttQ_000019_000029.mp4,testifying,354
10672,data/k400/train/5d2RlEKburo_000201_000211.mp4,testifying,354
10673,data/k400/train/7shUaAfPLrY_000152_000162.mp4,testifying,354
10674,data/k400/train/B0AXMwVRRLM_000101_000111.mp4,testifying,354
10675,data/k400/train/BQb-IfPehyM_000035_000045.mp4,testifying,354
10676,data/k400/train/BegxIsc80yk_000041_000051.mp4,testifying,354
10677,data/k400/train/BmrPc_Pvddc_000001_000011.mp4,testifying,354
10678,data/k400/train/EIiBPjbQWCE_000056_000066.mp4,testifying,354
10679,data/k400/train/F54u_7rkxcc_000002_000012.mp4,testifying,354
10680,data/k400/train/JtBUH6O8P0U_000193_000203.mp4,testifying,354
10681,data/k400/train/LHCUBMUdvwU_000003_000013.mp4,testifying,354
10682,data/k400/train/PnshodTy8s8_000250_000260.mp4,testifying,354
10683,data/k400/train/S-jagFDFQvc_000139_000149.mp4,testifying,354
10684,data/k400/train/SfwFDVxca6o_000000_000010.mp4,testifying,354
10685,data/k400/train/ZZM9awTHoEg_000048_000058.mp4,testifying,354
10686,data/k400/train/bsFsTQmBo_o_000048_000058.mp4,testifying,354
10687,data/k400/train/btxBea-uYeg_001216_001226.mp4,testifying,354
10688,data/k400/train/oWV2B6OC3kQ_000000_000010.mp4,testifying,354
10689,data/k400/train/sTp6S0pKoK4_000011_000021.mp4,testifying,354
10690,data/k400/train/1pUq2ISa6D4_000033_000043.mp4,texting,355
10691,data/k400/train/5Ylqe-ZsbBc_000151_000161.mp4,texting,355
10692,data/k400/train/5sZ5rsPJA4A_000189_000199.mp4,texting,355
10693,data/k400/train/6KPf9zwaVCI_000076_000086.mp4,texting,355
10694,data/k400/train/7qh4GOREefY_000059_000069.mp4,texting,355
10695,data/k400/train/9Xbt980H-tA_000042_000052.mp4,texting,355
10696,data/k400/train/AcB95TspZZs_000049_000059.mp4,texting,355
10697,data/k400/train/BswOy2mbmJo_000050_000060.mp4,texting,355
10698,data/k400/train/CAPi7f_Fb10_000077_000087.mp4,texting,355
10699,data/k400/train/ClokKWgywGU_000130_000140.mp4,texting,355
10700,data/k400/train/GdG4ny5yr88_000022_000032.mp4,texting,355
10701,data/k400/train/MatjmzZwa-k_000029_000039.mp4,texting,355
10702,data/k400/train/Nw0kDsRSS3M_000045_000055.mp4,texting,355
10703,data/k400/train/Qe0xQin2LWM_000003_000013.mp4,texting,355
10704,data/k400/train/T7VWlkzrEyw_000116_000126.mp4,texting,355
10705,data/k400/train/VN4KuniY1YI_000001_000011.mp4,texting,355
10706,data/k400/train/YitfVgoqdno_000063_000073.mp4,texting,355
10707,data/k400/train/_555H6P8IAY_000523_000533.mp4,texting,355
10708,data/k400/train/c5eFuTB0yF4_000037_000047.mp4,texting,355
10709,data/k400/train/cANPlQ-hJmg_000075_000085.mp4,texting,355
10710,data/k400/train/dxWgBYarexM_000022_000032.mp4,texting,355
10711,data/k400/train/gFki-JW_WmU_000049_000059.mp4,texting,355
10712,data/k400/train/joVYxzYjQ4E_000022_000032.mp4,texting,355
10713,data/k400/train/lJFaN-9NejY_000000_000010.mp4,texting,355
10714,data/k400/train/mxM8LEOx25o_000066_000076.mp4,texting,355
10715,data/k400/train/oIQIWAE13WY_000031_000041.mp4,texting,355
10716,data/k400/train/q2Ex31CLj5I_000021_000031.mp4,texting,355
10717,data/k400/train/vWwEO1dyYRA_000104_000114.mp4,texting,355
10718,data/k400/train/xw3wPg9PuLk_000058_000068.mp4,texting,355
10719,data/k400/train/yS3SCHrSduk_000076_000086.mp4,texting,355
10720,data/k400/train/-9I-vPAfTGs_000003_000013.mp4,throwing axe,356
10721,data/k400/train/0s5ZSQCnP-Y_000091_000101.mp4,throwing axe,356
10722,data/k400/train/1QE_4ww1De0_000000_000010.mp4,throwing axe,356
10723,data/k400/train/3HWuglD7TpI_000006_000016.mp4,throwing axe,356
10724,data/k400/train/5Q2lXyq2eG4_000003_000013.mp4,throwing axe,356
10725,data/k400/train/7YYZj2Y8xI4_000025_000035.mp4,throwing axe,356
10726,data/k400/train/8sMbLzzK1i0_000011_000021.mp4,throwing axe,356
10727,data/k400/train/Bw0fa4p0UM8_000013_000023.mp4,throwing axe,356
10728,data/k400/train/ES8Xg6Mp2Sw_000025_000035.mp4,throwing axe,356
10729,data/k400/train/ElS_wZLy5Wk_000004_000014.mp4,throwing axe,356
10730,data/k400/train/H2dCmMbHJCw_000000_000010.mp4,throwing axe,356
10731,data/k400/train/HGCVqQ9mWkE_000016_000026.mp4,throwing axe,356
10732,data/k400/train/JBU25mfiMEk_000000_000010.mp4,throwing axe,356
10733,data/k400/train/Klt4B-LO62k_000002_000012.mp4,throwing axe,356
10734,data/k400/train/LuL9iGxxCXQ_000000_000010.mp4,throwing axe,356
10735,data/k400/train/LygPhuHq99o_000003_000013.mp4,throwing axe,356
10736,data/k400/train/N_235PGY6lI_000000_000010.mp4,throwing axe,356
10737,data/k400/train/R-xlyuUtP2c_000109_000119.mp4,throwing axe,356
10738,data/k400/train/SD5KQ_Dm8cI_000000_000010.mp4,throwing axe,356
10739,data/k400/train/SpqlSI4QKZs_000052_000062.mp4,throwing axe,356
10740,data/k400/train/TbS1uJCrSw4_000001_000011.mp4,throwing axe,356
10741,data/k400/train/Tj937SzrWm0_000019_000029.mp4,throwing axe,356
10742,data/k400/train/TlvMjSCeojA_000002_000012.mp4,throwing axe,356
10743,data/k400/train/WEa-8f-qxis_000001_000011.mp4,throwing axe,356
10744,data/k400/train/WduL8bcj6-c_000008_000018.mp4,throwing axe,356
10745,data/k400/train/YllEbk8Zv70_000000_000010.mp4,throwing axe,356
10746,data/k400/train/adlR-OxbU68_000014_000024.mp4,throwing axe,356
10747,data/k400/train/g719TsEfVVA_000003_000013.mp4,throwing axe,356
10748,data/k400/train/hq7p-coevTE_000017_000027.mp4,throwing axe,356
10749,data/k400/train/i3CD4GwqN8A_000021_000031.mp4,throwing axe,356
10750,data/k400/train/iFbAJMM75NE_000000_000010.mp4,throwing axe,356
10751,data/k400/train/k75NYv1p1x8_000001_000011.mp4,throwing axe,356
10752,data/k400/train/ktjJ9-uFUwA_000006_000016.mp4,throwing axe,356
10753,data/k400/train/nJlRRHHy1fA_000002_000012.mp4,throwing axe,356
10754,data/k400/train/q-B3aXDc5Sc_000001_000011.mp4,throwing axe,356
10755,data/k400/train/uFIBD8ISyS0_000001_000011.mp4,throwing axe,356
10756,data/k400/train/ubgWXnsUgJI_000001_000011.mp4,throwing axe,356
10757,data/k400/train/v1bAjps75eg_000003_000013.mp4,throwing axe,356
10758,data/k400/train/xhLzdx1TGPw_000003_000013.mp4,throwing axe,356
10759,data/k400/train/-NjZexbjl88_000004_000014.mp4,throwing ball,357
10760,data/k400/train/07j123viPv8_000000_000010.mp4,throwing ball,357
10761,data/k400/train/2CrF0Rqna0I_000008_000018.mp4,throwing ball,357
10762,data/k400/train/4euhr6iycEo_000000_000010.mp4,throwing ball,357
10763,data/k400/train/AHdXIq4MMsg_000006_000016.mp4,throwing ball,357
10764,data/k400/train/EwBTQs571tA_000000_000010.mp4,throwing ball,357
10765,data/k400/train/IOLbcPy4WFw_000027_000037.mp4,throwing ball,357
10766,data/k400/train/LvDj94-LwSc_000002_000012.mp4,throwing ball,357
10767,data/k400/train/MX9-1c1FG-Q_000000_000010.mp4,throwing ball,357
10768,data/k400/train/QCPJJPgUKgQ_000017_000027.mp4,throwing ball,357
10769,data/k400/train/QjMQSS_Xkqs_000005_000015.mp4,throwing ball,357
10770,data/k400/train/X2Rtstyvy7g_000107_000117.mp4,throwing ball,357
10771,data/k400/train/_0_JyHA21fI_000144_000154.mp4,throwing ball,357
10772,data/k400/train/_cPxY0LLjus_000016_000026.mp4,throwing ball,357
10773,data/k400/train/fn1-t-rlULY_000006_000016.mp4,throwing ball,357
10774,data/k400/train/hncL2B8PlGw_000004_000014.mp4,throwing ball,357
10775,data/k400/train/lx1Cd3l-Bps_000007_000017.mp4,throwing ball,357
10776,data/k400/train/mRRLi_IAuvo_000030_000040.mp4,throwing ball,357
10777,data/k400/train/nYIrPuxEgcs_000139_000149.mp4,throwing ball,357
10778,data/k400/train/xfDHbcOAFKE_000016_000026.mp4,throwing ball,357
10779,data/k400/train/y34QkMceptw_000014_000024.mp4,throwing ball,357
10780,data/k400/train/ytv55w039L0_000001_000011.mp4,throwing ball,357
10781,data/k400/train/-QG2i9zO1ds_000017_000027.mp4,throwing discus,358
10782,data/k400/train/-gi565z1KfM_000000_000010.mp4,throwing discus,358
10783,data/k400/train/0XolsaCpWtE_000001_000011.mp4,throwing discus,358
10784,data/k400/train/1k1NEMDVXiQ_000000_000010.mp4,throwing discus,358
10785,data/k400/train/1pvRymBwneY_000004_000014.mp4,throwing discus,358
10786,data/k400/train/3Vu64kHJi0M_000001_000011.mp4,throwing discus,358
10787,data/k400/train/3hxlB6AGmTg_000001_000011.mp4,throwing discus,358
10788,data/k400/train/8-vziG-s1fI_000002_000012.mp4,throwing discus,358
10789,data/k400/train/8K-s67nbxzI_000026_000036.mp4,throwing discus,358
10790,data/k400/train/8w1gnmGVLxc_000004_000014.mp4,throwing discus,358
10791,data/k400/train/A3snfvd_0eo_000003_000013.mp4,throwing discus,358
10792,data/k400/train/AQkpXGALj6k_000004_000014.mp4,throwing discus,358
10793,data/k400/train/Bt8dz8ulm60_000003_000013.mp4,throwing discus,358
10794,data/k400/train/D-FcOKeHmNk_000117_000127.mp4,throwing discus,358
10795,data/k400/train/DFY7WGobroQ_000000_000010.mp4,throwing discus,358
10796,data/k400/train/DRhBoiz1V5c_000002_000012.mp4,throwing discus,358
10797,data/k400/train/FRK0Raq6CY0_000001_000011.mp4,throwing discus,358
10798,data/k400/train/GqlAC-nL04o_000073_000083.mp4,throwing discus,358
10799,data/k400/train/HNJsCOH0QW8_000001_000011.mp4,throwing discus,358
10800,data/k400/train/HolURY0H638_000010_000020.mp4,throwing discus,358
10801,data/k400/train/I1fEphk9Efo_000001_000011.mp4,throwing discus,358
10802,data/k400/train/K9CethrBSAQ_000005_000015.mp4,throwing discus,358
10803,data/k400/train/P7IwTpffgzM_000007_000017.mp4,throwing discus,358
10804,data/k400/train/QnDOGOy6o-8_000008_000018.mp4,throwing discus,358
10805,data/k400/train/QxJvXvdBQGY_000003_000013.mp4,throwing discus,358
10806,data/k400/train/RxO6yp3kKbc_000003_000013.mp4,throwing discus,358
10807,data/k400/train/Vy5PyvTs9qM_000074_000084.mp4,throwing discus,358
10808,data/k400/train/acDnb-Z_0KI_000001_000011.mp4,throwing discus,358
10809,data/k400/train/cK0-WcGXacQ_000001_000011.mp4,throwing discus,358
10810,data/k400/train/fEffN4DiNYo_000003_000013.mp4,throwing discus,358
10811,data/k400/train/fhGcG2TCpaA_000004_000014.mp4,throwing discus,358
10812,data/k400/train/mcH7pzFit3I_000000_000010.mp4,throwing discus,358
10813,data/k400/train/n4EAEJ4xqpk_000001_000011.mp4,throwing discus,358
10814,data/k400/train/nuJ73_7WFGU_000001_000011.mp4,throwing discus,358
10815,data/k400/train/oMDCkEI6iHs_000007_000017.mp4,throwing discus,358
10816,data/k400/train/qeF3e77BN64_000002_000012.mp4,throwing discus,358
10817,data/k400/train/qgGqXmebH14_000000_000010.mp4,throwing discus,358
10818,data/k400/train/rzolM7ZeM7c_000114_000124.mp4,throwing discus,358
10819,data/k400/train/s3XpM7Zb3b8_000000_000010.mp4,throwing discus,358
10820,data/k400/train/sCJ3mynX0pk_000001_000011.mp4,throwing discus,358
10821,data/k400/train/tWY1lS4fiL8_000005_000015.mp4,throwing discus,358
10822,data/k400/train/wY78smb-0Ys_000002_000012.mp4,throwing discus,358
10823,data/k400/train/yWO2SJz8SPs_000003_000013.mp4,throwing discus,358
10824,data/k400/train/zOwzVCjN2mc_000004_000014.mp4,throwing discus,358
10825,data/k400/train/19RitXbRHv8_000055_000065.mp4,tickling,359
10826,data/k400/train/25Kv62xcdeA_000471_000481.mp4,tickling,359
10827,data/k400/train/4HFz8Q2DV8I_000011_000021.mp4,tickling,359
10828,data/k400/train/8mcnjP9Xopw_000068_000078.mp4,tickling,359
10829,data/k400/train/9yTV1kDJG1w_000187_000197.mp4,tickling,359
10830,data/k400/train/AqPbadA3M1Q_000488_000498.mp4,tickling,359
10831,data/k400/train/HT6RG1-1PEc_000026_000036.mp4,tickling,359
10832,data/k400/train/O5B-RuA-nJg_000109_000119.mp4,tickling,359
10833,data/k400/train/_wD6pbFhNqE_000045_000055.mp4,tickling,359
10834,data/k400/train/abQWdN5NYWk_000008_000018.mp4,tickling,359
10835,data/k400/train/bT14QoGuPcw_000058_000068.mp4,tickling,359
10836,data/k400/train/g4Uc5QXZt5w_000012_000022.mp4,tickling,359
10837,data/k400/train/lpz3pfVudw8_000028_000038.mp4,tickling,359
10838,data/k400/train/t88nYCWkIRE_000010_000020.mp4,tickling,359
10839,data/k400/train/vkNz1a5WRR8_000027_000037.mp4,tickling,359
10840,data/k400/train/y7_4qnI0BBE_000042_000052.mp4,tickling,359
10841,data/k400/train/yua0ERv5ZmI_000022_000032.mp4,tickling,359
10842,data/k400/train/0IZRsK_hWpc_000011_000021.mp4,tobogganing,360
10843,data/k400/train/1PhfetzbqFc_000011_000021.mp4,tobogganing,360
10844,data/k400/train/1r1yHtcZTvE_000003_000013.mp4,tobogganing,360
10845,data/k400/train/2Ji11QTtbaI_000052_000062.mp4,tobogganing,360
10846,data/k400/train/3JOLy8JULHk_000010_000020.mp4,tobogganing,360
10847,data/k400/train/5Ixt7HzRDjY_000001_000011.mp4,tobogganing,360
10848,data/k400/train/6GdD5oU257E_000030_000040.mp4,tobogganing,360
10849,data/k400/train/6GwepOvR-2I_000125_000135.mp4,tobogganing,360
10850,data/k400/train/6PuZ45Ow72s_000000_000010.mp4,tobogganing,360
10851,data/k400/train/AKO5xFQbqnU_000066_000076.mp4,tobogganing,360
10852,data/k400/train/Af73aAUw6O4_000004_000014.mp4,tobogganing,360
10853,data/k400/train/DLxUbCMEcBU_000000_000010.mp4,tobogganing,360
10854,data/k400/train/FKo04YaZ8-o_000002_000012.mp4,tobogganing,360
10855,data/k400/train/G0M22Pq9hjk_000001_000011.mp4,tobogganing,360
10856,data/k400/train/HPB4ZYPI7bE_000079_000089.mp4,tobogganing,360
10857,data/k400/train/JHI_hGVhl9U_000007_000017.mp4,tobogganing,360
10858,data/k400/train/JMEByqcJrO8_000030_000040.mp4,tobogganing,360
10859,data/k400/train/JySz2P__gA4_000084_000094.mp4,tobogganing,360
10860,data/k400/train/M0ies6eck9g_000003_000013.mp4,tobogganing,360
10861,data/k400/train/N7RKGUTTpIE_000015_000025.mp4,tobogganing,360
10862,data/k400/train/NaB542o0wNc_000002_000012.mp4,tobogganing,360
10863,data/k400/train/NbK1-3jnwYc_000002_000012.mp4,tobogganing,360
10864,data/k400/train/O_57TtBdy1I_000085_000095.mp4,tobogganing,360
10865,data/k400/train/Po5EGa8GQPc_000001_000011.mp4,tobogganing,360
10866,data/k400/train/QBiQLFcQF0A_000004_000014.mp4,tobogganing,360
10867,data/k400/train/QLNcly5s6Kk_000432_000442.mp4,tobogganing,360
10868,data/k400/train/R39IaxoXOKc_000010_000020.mp4,tobogganing,360
10869,data/k400/train/RG6UVogM6-Y_000105_000115.mp4,tobogganing,360
10870,data/k400/train/TYqhBqK07gs_000010_000020.mp4,tobogganing,360
10871,data/k400/train/U0Lq_S4yS9Y_000000_000010.mp4,tobogganing,360
10872,data/k400/train/UTfiY7jS2l8_000004_000014.mp4,tobogganing,360
10873,data/k400/train/VqEQ2f8VfUw_000004_000014.mp4,tobogganing,360
10874,data/k400/train/XTt8bE5fWzs_000001_000011.mp4,tobogganing,360
10875,data/k400/train/_o7scRi_sGg_000004_000014.mp4,tobogganing,360
10876,data/k400/train/adslCoIteYE_000002_000012.mp4,tobogganing,360
10877,data/k400/train/c8jC8h6w3O8_000023_000033.mp4,tobogganing,360
10878,data/k400/train/d1pr1WkK0uo_000000_000010.mp4,tobogganing,360
10879,data/k400/train/dDgRbglAcrU_000042_000052.mp4,tobogganing,360
10880,data/k400/train/eqLDgjsEdxY_000013_000023.mp4,tobogganing,360
10881,data/k400/train/f7DzBRWx9U0_000004_000014.mp4,tobogganing,360
10882,data/k400/train/gP80_KurABU_000015_000025.mp4,tobogganing,360
10883,data/k400/train/gupYKqdnmu0_000000_000010.mp4,tobogganing,360
10884,data/k400/train/iBVzEWIMAi4_000194_000204.mp4,tobogganing,360
10885,data/k400/train/jDXyxC9E5ns_000004_000014.mp4,tobogganing,360
10886,data/k400/train/jUJL7xki4qE_000004_000014.mp4,tobogganing,360
10887,data/k400/train/kZV31RZfxME_000000_000010.mp4,tobogganing,360
10888,data/k400/train/kpz4NDWEdwM_000010_000020.mp4,tobogganing,360
10889,data/k400/train/laHcxnTD0eM_000043_000053.mp4,tobogganing,360
10890,data/k400/train/oxRgKZtsPuc_000001_000011.mp4,tobogganing,360
10891,data/k400/train/r94ZNcy3MII_000002_000012.mp4,tobogganing,360
10892,data/k400/train/rGKgSATvjFE_000001_000011.mp4,tobogganing,360
10893,data/k400/train/rqdnagA7Dh4_000010_000020.mp4,tobogganing,360
10894,data/k400/train/sd5lxKcry_4_000001_000011.mp4,tobogganing,360
10895,data/k400/train/tAMoKWOvPRY_000001_000011.mp4,tobogganing,360
10896,data/k400/train/tgpSU__V7-o_000000_000010.mp4,tobogganing,360
10897,data/k400/train/uAVL811V6hI_000000_000010.mp4,tobogganing,360
10898,data/k400/train/vOmibBVWOc4_000000_000010.mp4,tobogganing,360
10899,data/k400/train/vs396mJIM7A_000002_000012.mp4,tobogganing,360
10900,data/k400/train/wQTM6dluds4_000031_000041.mp4,tobogganing,360
10901,data/k400/train/z3ZkpgqDkww_000006_000016.mp4,tobogganing,360
10902,data/k400/train/4511i67YSDM_000000_000010.mp4,tossing coin,361
10903,data/k400/train/IFlzrgG7oY8_000016_000026.mp4,tossing coin,361
10904,data/k400/train/OVDSlhWPdIg_000131_000141.mp4,tossing coin,361
10905,data/k400/train/XaAprmwGnDY_000000_000010.mp4,tossing coin,361
10906,data/k400/train/XhYcUbQQrzY_000013_000023.mp4,tossing coin,361
10907,data/k400/train/Yin4qRN0Bqg_000007_000017.mp4,tossing coin,361
10908,data/k400/train/ay3yzLooyFo_000004_000014.mp4,tossing coin,361
10909,data/k400/train/cU0liih_qNY_000014_000024.mp4,tossing coin,361
10910,data/k400/train/dXzCmX76lGs_000128_000138.mp4,tossing coin,361
10911,data/k400/train/h23yxP_rphg_000016_000026.mp4,tossing coin,361
10912,data/k400/train/yIAADVdIsjU_000001_000011.mp4,tossing coin,361
10913,data/k400/train/0Aju5sMS3RY_000626_000636.mp4,tossing salad,362
10914,data/k400/train/9kQhafyukec_000155_000165.mp4,tossing salad,362
10915,data/k400/train/AW8TiodMkec_000199_000209.mp4,tossing salad,362
10916,data/k400/train/B3gboF-1L6g_000145_000155.mp4,tossing salad,362
10917,data/k400/train/CHnkiSnQENM_000201_000211.mp4,tossing salad,362
10918,data/k400/train/DflmmH9GVXM_000269_000279.mp4,tossing salad,362
10919,data/k400/train/FYGU999dvqI_000109_000119.mp4,tossing salad,362
10920,data/k400/train/G2eLvOGl9O8_000102_000112.mp4,tossing salad,362
10921,data/k400/train/H5vMqXPgw9Q_000047_000057.mp4,tossing salad,362
10922,data/k400/train/IMdXEn_PsjI_000361_000371.mp4,tossing salad,362
10923,data/k400/train/LhrTNnckL64_000049_000059.mp4,tossing salad,362
10924,data/k400/train/M182cCHq9Zo_000081_000091.mp4,tossing salad,362
10925,data/k400/train/Oe_jNQiktAg_000130_000140.mp4,tossing salad,362
10926,data/k400/train/TJNAJhkHE4k_000094_000104.mp4,tossing salad,362
10927,data/k400/train/TnGzoLhoYXM_000352_000362.mp4,tossing salad,362
10928,data/k400/train/jf6dHnTOxYs_000547_000557.mp4,tossing salad,362
10929,data/k400/train/k2VUcm0oWWg_000002_000012.mp4,tossing salad,362
10930,data/k400/train/lhiU4gTfoXU_000193_000203.mp4,tossing salad,362
10931,data/k400/train/r33_N-F0RXo_000207_000217.mp4,tossing salad,362
10932,data/k400/train/rm-pj0TZz1o_000172_000182.mp4,tossing salad,362
10933,data/k400/train/wYI1mn7O_Kc_000012_000022.mp4,tossing salad,362
10934,data/k400/train/3oERY0un6Yo_000070_000080.mp4,training dog,363
10935,data/k400/train/Aqj0iloL1Ms_000027_000037.mp4,training dog,363
10936,data/k400/train/EJLBYDtKRo4_000112_000122.mp4,training dog,363
10937,data/k400/train/GvHbEJ5M0rU_000280_000290.mp4,training dog,363
10938,data/k400/train/HnbRXxHl-ZA_000014_000024.mp4,training dog,363
10939,data/k400/train/OdiQr5T7fCc_000066_000076.mp4,training dog,363
10940,data/k400/train/PHRtPT0aJBc_000056_000066.mp4,training dog,363
10941,data/k400/train/PLSORusqJuE_000192_000202.mp4,training dog,363
10942,data/k400/train/ZLu5VTQUR7s_000026_000036.mp4,training dog,363
10943,data/k400/train/_YDT3gHqjOU_000141_000151.mp4,training dog,363
10944,data/k400/train/exjUBs65gSs_000075_000085.mp4,training dog,363
10945,data/k400/train/hX8yr7KLBBE_000002_000012.mp4,training dog,363
10946,data/k400/train/rYvRX04d908_000247_000257.mp4,training dog,363
10947,data/k400/train/zBhfrHF5dIc_000000_000010.mp4,training dog,363
10948,data/k400/train/2FQnumC8Cnk_000002_000012.mp4,trapezing,364
10949,data/k400/train/48-Ys2IEYcA_000005_000015.mp4,trapezing,364
10950,data/k400/train/AYvrkRLgynQ_000061_000071.mp4,trapezing,364
10951,data/k400/train/AjxspFDDmzg_000045_000055.mp4,trapezing,364
10952,data/k400/train/BSW9pXSdaCk_000091_000101.mp4,trapezing,364
10953,data/k400/train/DtT4O6M4s1g_000174_000184.mp4,trapezing,364
10954,data/k400/train/EJHhlRS0Kss_000109_000119.mp4,trapezing,364
10955,data/k400/train/EKAYii2Sirs_000065_000075.mp4,trapezing,364
10956,data/k400/train/EKNS0kdf6T8_000000_000010.mp4,trapezing,364
10957,data/k400/train/EitMrGkVX4M_000175_000185.mp4,trapezing,364
10958,data/k400/train/JQQ5DmL6JFk_000005_000015.mp4,trapezing,364
10959,data/k400/train/MzoFuQULaDs_000000_000010.mp4,trapezing,364
10960,data/k400/train/NqRoON7KbTI_000016_000026.mp4,trapezing,364
10961,data/k400/train/PrcXs7eATtc_000001_000011.mp4,trapezing,364
10962,data/k400/train/SGigEg7JhSU_000000_000010.mp4,trapezing,364
10963,data/k400/train/STEgw8ymetY_000021_000031.mp4,trapezing,364
10964,data/k400/train/U-HK5S7Nfj4_000015_000025.mp4,trapezing,364
10965,data/k400/train/Y2EcN47cq2E_000072_000082.mp4,trapezing,364
10966,data/k400/train/_KIUZWc7wqY_000010_000020.mp4,trapezing,364
10967,data/k400/train/dpsrf8gpr_0_000020_000030.mp4,trapezing,364
10968,data/k400/train/gP52qu_He6g_000084_000094.mp4,trapezing,364
10969,data/k400/train/hfnzp2RtVfU_000015_000025.mp4,trapezing,364
10970,data/k400/train/lIppOO1E1xM_000021_000031.mp4,trapezing,364
10971,data/k400/train/m-dauIZR7oU_000212_000222.mp4,trapezing,364
10972,data/k400/train/oIx24HQrU7M_000213_000223.mp4,trapezing,364
10973,data/k400/train/r00tcUevilg_000029_000039.mp4,trapezing,364
10974,data/k400/train/rzXEqzthZos_000231_000241.mp4,trapezing,364
10975,data/k400/train/wL_ma0KQxSw_000015_000025.mp4,trapezing,364
10976,data/k400/train/-Cs_A62YTuI_000029_000039.mp4,trimming or shaving beard,365
10977,data/k400/train/18cqmqkY3uQ_000053_000063.mp4,trimming or shaving beard,365
10978,data/k400/train/2ytAtoQAxsU_000066_000076.mp4,trimming or shaving beard,365
10979,data/k400/train/40bln9mgras_000142_000152.mp4,trimming or shaving beard,365
10980,data/k400/train/5V7d9kIBeDk_000123_000133.mp4,trimming or shaving beard,365
10981,data/k400/train/7qH1gpIR4kA_000008_000018.mp4,trimming or shaving beard,365
10982,data/k400/train/AESyUDTPwAY_000394_000404.mp4,trimming or shaving beard,365
10983,data/k400/train/Av15gLtah3A_000116_000126.mp4,trimming or shaving beard,365
10984,data/k400/train/BMGP1IkM-qo_000178_000188.mp4,trimming or shaving beard,365
10985,data/k400/train/F3BSwemmPX4_000121_000131.mp4,trimming or shaving beard,365
10986,data/k400/train/F3OV15akJek_000155_000165.mp4,trimming or shaving beard,365
10987,data/k400/train/FsIArwC-658_000304_000314.mp4,trimming or shaving beard,365
10988,data/k400/train/GCGsJErmYFQ_000135_000145.mp4,trimming or shaving beard,365
10989,data/k400/train/GzjKAYsoVag_000254_000264.mp4,trimming or shaving beard,365
10990,data/k400/train/JyuG8sMVyQA_000070_000080.mp4,trimming or shaving beard,365
10991,data/k400/train/M89-kuATY54_000013_000023.mp4,trimming or shaving beard,365
10992,data/k400/train/MtG4YkeCEYA_000021_000031.mp4,trimming or shaving beard,365
10993,data/k400/train/QQRwv_YEr_s_000032_000042.mp4,trimming or shaving beard,365
10994,data/k400/train/RgiVa9GMYxE_000012_000022.mp4,trimming or shaving beard,365
10995,data/k400/train/SlheFbrlYzo_000118_000128.mp4,trimming or shaving beard,365
10996,data/k400/train/TDROfnEk0NQ_000121_000131.mp4,trimming or shaving beard,365
10997,data/k400/train/TV9wrFJTgWc_000239_000249.mp4,trimming or shaving beard,365
10998,data/k400/train/TdwK98kyrww_000012_000022.mp4,trimming or shaving beard,365
10999,data/k400/train/Tli-lYYFNFM_000460_000470.mp4,trimming or shaving beard,365
11000,data/k400/train/Tz-p5vxLH3E_000004_000014.mp4,trimming or shaving beard,365
11001,data/k400/train/WnrFVLttOww_000002_000012.mp4,trimming or shaving beard,365
11002,data/k400/train/aBDPi4glBCc_000013_000023.mp4,trimming or shaving beard,365
11003,data/k400/train/aMwqE0qd-i0_000045_000055.mp4,trimming or shaving beard,365
11004,data/k400/train/d3spxcGral4_000086_000096.mp4,trimming or shaving beard,365
11005,data/k400/train/fBcCz3Ls7D8_000689_000699.mp4,trimming or shaving beard,365
11006,data/k400/train/g2O_FHfSJZ0_000480_000490.mp4,trimming or shaving beard,365
11007,data/k400/train/gTuFkC5NAfY_000383_000393.mp4,trimming or shaving beard,365
11008,data/k400/train/nPxafS80Dhk_000030_000040.mp4,trimming or shaving beard,365
11009,data/k400/train/qGadnEefXvM_000023_000033.mp4,trimming or shaving beard,365
11010,data/k400/train/rUsE9TIUMl0_000314_000324.mp4,trimming or shaving beard,365
11011,data/k400/train/s1-Sp7ZKnHY_000195_000205.mp4,trimming or shaving beard,365
11012,data/k400/train/tlp-RXrwHmg_000172_000182.mp4,trimming or shaving beard,365
11013,data/k400/train/wqYf007z4EE_000039_000049.mp4,trimming or shaving beard,365
11014,data/k400/train/xBtydVn3MVI_000079_000089.mp4,trimming or shaving beard,365
11015,data/k400/train/xRbhiIb2jlY_000023_000033.mp4,trimming or shaving beard,365
11016,data/k400/train/xY7KY6QrhvA_000057_000067.mp4,trimming or shaving beard,365
11017,data/k400/train/1HzXjRq6tP8_000013_000023.mp4,trimming trees,366
11018,data/k400/train/1XaWllTcGNE_001335_001345.mp4,trimming trees,366
11019,data/k400/train/3Zo0cGD-PhU_000024_000034.mp4,trimming trees,366
11020,data/k400/train/8Th1Y4uNaOA_000471_000481.mp4,trimming trees,366
11021,data/k400/train/ExQg288lBrI_000000_000010.mp4,trimming trees,366
11022,data/k400/train/EznAANfDL5c_000022_000032.mp4,trimming trees,366
11023,data/k400/train/FsohiksKkxQ_000049_000059.mp4,trimming trees,366
11024,data/k400/train/KJtAdooTje0_000017_000027.mp4,trimming trees,366
11025,data/k400/train/LxZvNR_N3kQ_000075_000085.mp4,trimming trees,366
11026,data/k400/train/VyJpAIH0STk_000020_000030.mp4,trimming trees,366
11027,data/k400/train/c6_oWXwsQ4A_000019_000029.mp4,trimming trees,366
11028,data/k400/train/cJ9JuQ2l4jY_000055_000065.mp4,trimming trees,366
11029,data/k400/train/iAAWiaeBn_M_000065_000075.mp4,trimming trees,366
11030,data/k400/train/om6kYahkDo4_000047_000057.mp4,trimming trees,366
11031,data/k400/train/wwSor97PnmQ_000002_000012.mp4,trimming trees,366
11032,data/k400/train/xLBg3VBtgOI_000065_000075.mp4,trimming trees,366
11033,data/k400/train/xNWAjJuUX3g_000004_000014.mp4,trimming trees,366
11034,data/k400/train/zWgllfioyMg_000004_000014.mp4,trimming trees,366
11035,data/k400/train/14tFRtg2J4Y_000000_000010.mp4,triple jump,367
11036,data/k400/train/18x8_ohsWTE_000044_000054.mp4,triple jump,367
11037,data/k400/train/2-LUHN5_qgc_000003_000013.mp4,triple jump,367
11038,data/k400/train/2UxrvsURNms_000058_000068.mp4,triple jump,367
11039,data/k400/train/41R_6WANEgk_000004_000014.mp4,triple jump,367
11040,data/k400/train/4FZi6db0iUs_000003_000013.mp4,triple jump,367
11041,data/k400/train/8xBQ3Ml2DcE_000000_000010.mp4,triple jump,367
11042,data/k400/train/EOFUDFxMZtA_000000_000010.mp4,triple jump,367
11043,data/k400/train/F6dHpIG2vL8_000002_000012.mp4,triple jump,367
11044,data/k400/train/H9UJkEyyJB8_000006_000016.mp4,triple jump,367
11045,data/k400/train/HtCgMBUsHA4_000001_000011.mp4,triple jump,367
11046,data/k400/train/IkL5Qw43xw4_000021_000031.mp4,triple jump,367
11047,data/k400/train/JxEPuDB0BnY_000004_000014.mp4,triple jump,367
11048,data/k400/train/Lhdc8b1MJkc_000007_000017.mp4,triple jump,367
11049,data/k400/train/ODDRWZ3Sl_k_000016_000026.mp4,triple jump,367
11050,data/k400/train/Pp11CKtJaSU_000046_000056.mp4,triple jump,367
11051,data/k400/train/Qen2ShiwnWo_000001_000011.mp4,triple jump,367
11052,data/k400/train/RxnaUpszPas_000006_000016.mp4,triple jump,367
11053,data/k400/train/SBPYiIMVbc8_000001_000011.mp4,triple jump,367
11054,data/k400/train/SKj0uLe5ejs_000001_000011.mp4,triple jump,367
11055,data/k400/train/VtFFuajPlds_000004_000014.mp4,triple jump,367
11056,data/k400/train/YSJ50XwUzKs_000002_000012.mp4,triple jump,367
11057,data/k400/train/_BOWywBBCuM_000005_000015.mp4,triple jump,367
11058,data/k400/train/dwIYSDjXnQY_000004_000014.mp4,triple jump,367
11059,data/k400/train/hEqg4ec5aQA_000004_000014.mp4,triple jump,367
11060,data/k400/train/iEUn6PWzWO0_000000_000010.mp4,triple jump,367
11061,data/k400/train/kZm3yabiYcE_000004_000014.mp4,triple jump,367
11062,data/k400/train/pU4shiIMc9s_000002_000012.mp4,triple jump,367
11063,data/k400/train/qrveUULakrU_000009_000019.mp4,triple jump,367
11064,data/k400/train/r2GXK_eOTBE_000000_000010.mp4,triple jump,367
11065,data/k400/train/vdw3liBklqU_000000_000010.mp4,triple jump,367
11066,data/k400/train/w03_wCxEX3U_000224_000234.mp4,triple jump,367
11067,data/k400/train/w21qPjd6Mpw_000003_000013.mp4,triple jump,367
11068,data/k400/train/wtL_QMnKvTI_000001_000011.mp4,triple jump,367
11069,data/k400/train/yMZ2SDtv-qc_000001_000011.mp4,triple jump,367
11070,data/k400/train/FCDvHaXFyHc_000099_000109.mp4,tying bow tie,368
11071,data/k400/train/KnxUZj0-__0_000009_000019.mp4,tying bow tie,368
11072,data/k400/train/LVnAQ3IUW6s_000209_000219.mp4,tying bow tie,368
11073,data/k400/train/N-fWJNRt8UU_000026_000036.mp4,tying bow tie,368
11074,data/k400/train/YHV3DAZDtII_000145_000155.mp4,tying bow tie,368
11075,data/k400/train/ZE2VyEdOvAM_000043_000053.mp4,tying bow tie,368
11076,data/k400/train/dLxLNqSFOoQ_000019_000029.mp4,tying bow tie,368
11077,data/k400/train/oChkiqHfsmM_000101_000111.mp4,tying bow tie,368
11078,data/k400/train/01Q2INe8JuY_000132_000142.mp4,tying knot (not on a tie),369
11079,data/k400/train/0IGqNcUyIVI_000254_000264.mp4,tying knot (not on a tie),369
11080,data/k400/train/0_jaO1sfF2Y_000023_000033.mp4,tying knot (not on a tie),369
11081,data/k400/train/1ralQKlG-ks_000002_000012.mp4,tying knot (not on a tie),369
11082,data/k400/train/3bI-MWoCHd0_000017_000027.mp4,tying knot (not on a tie),369
11083,data/k400/train/87Gf4evWa0g_000313_000323.mp4,tying knot (not on a tie),369
11084,data/k400/train/CMLVSFQSg4g_000016_000026.mp4,tying knot (not on a tie),369
11085,data/k400/train/CYRjBDkB59I_000001_000011.mp4,tying knot (not on a tie),369
11086,data/k400/train/DijO84gNBTA_000027_000037.mp4,tying knot (not on a tie),369
11087,data/k400/train/IQak0eIj3vM_000086_000096.mp4,tying knot (not on a tie),369
11088,data/k400/train/JpohUSWylv0_000289_000299.mp4,tying knot (not on a tie),369
11089,data/k400/train/NLzbfJMNU28_000002_000012.mp4,tying knot (not on a tie),369
11090,data/k400/train/Rj9I4j0Jj9c_000009_000019.mp4,tying knot (not on a tie),369
11091,data/k400/train/Xh0eZ_N3NZI_000140_000150.mp4,tying knot (not on a tie),369
11092,data/k400/train/aTQNKrcJChY_000058_000068.mp4,tying knot (not on a tie),369
11093,data/k400/train/elmXUTdG5w4_000328_000338.mp4,tying knot (not on a tie),369
11094,data/k400/train/gzQQcOvQ9uE_000051_000061.mp4,tying knot (not on a tie),369
11095,data/k400/train/hgOLsfHr7IU_000146_000156.mp4,tying knot (not on a tie),369
11096,data/k400/train/j-mK6PfiULM_000029_000039.mp4,tying knot (not on a tie),369
11097,data/k400/train/o9ILqh710_E_000042_000052.mp4,tying knot (not on a tie),369
11098,data/k400/train/plWiMa1hla0_000101_000111.mp4,tying knot (not on a tie),369
11099,data/k400/train/qGjbY-2HCMA_000011_000021.mp4,tying knot (not on a tie),369
11100,data/k400/train/qsmskYBcltY_000029_000039.mp4,tying knot (not on a tie),369
11101,data/k400/train/rL3UZr-v_VA_000032_000042.mp4,tying knot (not on a tie),369
11102,data/k400/train/s-r0yQagmDk_000069_000079.mp4,tying knot (not on a tie),369
11103,data/k400/train/uEBABNzb7EE_000030_000040.mp4,tying knot (not on a tie),369
11104,data/k400/train/w04ndFDTjHk_000007_000017.mp4,tying knot (not on a tie),369
11105,data/k400/train/zZMUsPvOKsc_000114_000124.mp4,tying knot (not on a tie),369
11106,data/k400/train/zntpwTqd2q8_000030_000040.mp4,tying knot (not on a tie),369
11107,data/k400/train/0DUa5O58Z1E_000094_000104.mp4,tying tie,370
11108,data/k400/train/0EO13FILDb4_000054_000064.mp4,tying tie,370
11109,data/k400/train/4yUm3PX_Kko_000071_000081.mp4,tying tie,370
11110,data/k400/train/8IEiYv2LWBE_000333_000343.mp4,tying tie,370
11111,data/k400/train/EJMRQfPvwWs_000202_000212.mp4,tying tie,370
11112,data/k400/train/EJPgVjGMft8_000033_000043.mp4,tying tie,370
11113,data/k400/train/FRx1F0VjG4s_000072_000082.mp4,tying tie,370
11114,data/k400/train/H7qdyZlMXfE_000043_000053.mp4,tying tie,370
11115,data/k400/train/NsLzAvovmJE_000035_000045.mp4,tying tie,370
11116,data/k400/train/TbXuHtv_utQ_000024_000034.mp4,tying tie,370
11117,data/k400/train/VL4NA952aHc_000108_000118.mp4,tying tie,370
11118,data/k400/train/WVT92YmRgHM_000000_000010.mp4,tying tie,370
11119,data/k400/train/ZBhTpmrAlUY_000069_000079.mp4,tying tie,370
11120,data/k400/train/ZydLtc5LhmQ_000014_000024.mp4,tying tie,370
11121,data/k400/train/aZaTjM3R4Qw_000023_000033.mp4,tying tie,370
11122,data/k400/train/ejfbw7DEml4_000130_000140.mp4,tying tie,370
11123,data/k400/train/hVkRYz7vEDg_000001_000011.mp4,tying tie,370
11124,data/k400/train/jfiTkoFBR7Q_000057_000067.mp4,tying tie,370
11125,data/k400/train/o-icipeZ8gQ_000093_000103.mp4,tying tie,370
11126,data/k400/train/reNvXMZY7DI_000046_000056.mp4,tying tie,370
11127,data/k400/train/tciKxJwAvgU_000057_000067.mp4,tying tie,370
11128,data/k400/train/tp74zBJDz_M_000030_000040.mp4,tying tie,370
11129,data/k400/train/-2gL5FducRk_000019_000029.mp4,unboxing,371
11130,data/k400/train/-Sc5LrF0pzY_000115_000125.mp4,unboxing,371
11131,data/k400/train/1E-rNmzbBZo_000740_000750.mp4,unboxing,371
11132,data/k400/train/3yMVdS2Yk6g_000005_000015.mp4,unboxing,371
11133,data/k400/train/5xBjrn4803o_000277_000287.mp4,unboxing,371
11134,data/k400/train/6BiE8iWXA9Q_000220_000230.mp4,unboxing,371
11135,data/k400/train/FfaHa7gPlbY_000089_000099.mp4,unboxing,371
11136,data/k400/train/GKGhYKKfrSc_000081_000091.mp4,unboxing,371
11137,data/k400/train/KAS4VcdKuyY_000178_000188.mp4,unboxing,371
11138,data/k400/train/LnWfEYxRGlE_000201_000211.mp4,unboxing,371
11139,data/k400/train/MaEKZ1NbQBM_000031_000041.mp4,unboxing,371
11140,data/k400/train/OKlpEN3YNoE_000001_000011.mp4,unboxing,371
11141,data/k400/train/ONA6Z9ZHjUQ_000156_000166.mp4,unboxing,371
11142,data/k400/train/OUtyjcrytWE_000397_000407.mp4,unboxing,371
11143,data/k400/train/OVM98G8wD-o_000257_000267.mp4,unboxing,371
11144,data/k400/train/QJH5pvC5lxA_000123_000133.mp4,unboxing,371
11145,data/k400/train/UJQAq4nsaS0_000340_000350.mp4,unboxing,371
11146,data/k400/train/UuSElGWQUvk_000053_000063.mp4,unboxing,371
11147,data/k400/train/VmM3NvZ8cHI_000116_000126.mp4,unboxing,371
11148,data/k400/train/Xaa7CDAPrsU_000015_000025.mp4,unboxing,371
11149,data/k400/train/YIdqjpcHLbY_000067_000077.mp4,unboxing,371
11150,data/k400/train/YYw716zxFs4_000503_000513.mp4,unboxing,371
11151,data/k400/train/Yk3WmOBto3g_000076_000086.mp4,unboxing,371
11152,data/k400/train/_mufe6RK9e8_000311_000321.mp4,unboxing,371
11153,data/k400/train/bssst2OW9AY_000160_000170.mp4,unboxing,371
11154,data/k400/train/gnMuLyDZsQk_000164_000174.mp4,unboxing,371
11155,data/k400/train/kZGTpTBBSZw_000137_000147.mp4,unboxing,371
11156,data/k400/train/mLAhjK4Vnxk_000007_000017.mp4,unboxing,371
11157,data/k400/train/nJDCUHKOKh0_000069_000079.mp4,unboxing,371
11158,data/k400/train/ncR6Fjta88s_000033_000043.mp4,unboxing,371
11159,data/k400/train/oAhMYcExxgI_000002_000012.mp4,unboxing,371
11160,data/k400/train/pv6_ybDrPms_000026_000036.mp4,unboxing,371
11161,data/k400/train/sVty2ryKnKk_000258_000268.mp4,unboxing,371
11162,data/k400/train/vBlG0mC0mv0_000019_000029.mp4,unboxing,371
11163,data/k400/train/vHQ4zr5LWto_000037_000047.mp4,unboxing,371
11164,data/k400/train/vkjcRkjizCY_000329_000339.mp4,unboxing,371
11165,data/k400/train/w7Rj42R4xh8_000048_000058.mp4,unboxing,371
11166,data/k400/train/wM3X4Hesfq8_000675_000685.mp4,unboxing,371
11167,data/k400/train/ymOCP_vAyOM_000057_000067.mp4,unboxing,371
11168,data/k400/train/zGuJDtD_OL0_000037_000047.mp4,unboxing,371
11169,data/k400/train/CMJvKPKvMsg_000025_000035.mp4,unloading truck,372
11170,data/k400/train/FqIJR5bOUXA_000027_000037.mp4,unloading truck,372
11171,data/k400/train/IEceMobIt0U_000004_000014.mp4,unloading truck,372
11172,data/k400/train/N9JpLuMRPR4_000118_000128.mp4,unloading truck,372
11173,data/k400/train/P5DC6_-bqUs_000009_000019.mp4,unloading truck,372
11174,data/k400/train/QBdRF3IEn7U_000003_000013.mp4,unloading truck,372
11175,data/k400/train/ZRPXk4DYals_000001_000011.mp4,unloading truck,372
11176,data/k400/train/cA0MakMZjWc_000003_000013.mp4,unloading truck,372
11177,data/k400/train/c_t1twr3eT0_000117_000127.mp4,unloading truck,372
11178,data/k400/train/clnmuJWjnCY_000058_000068.mp4,unloading truck,372
11179,data/k400/train/d1xPjIGqJC0_000043_000053.mp4,unloading truck,372
11180,data/k400/train/hSzhBYSJGIc_000010_000020.mp4,unloading truck,372
11181,data/k400/train/i03WXMSvY7E_000003_000013.mp4,unloading truck,372
11182,data/k400/train/kEjNF0IoIf4_000030_000040.mp4,unloading truck,372
11183,data/k400/train/sjNYz4zk3MA_000062_000072.mp4,unloading truck,372
11184,data/k400/train/z09wqsO9Z74_000245_000255.mp4,unloading truck,372
11185,data/k400/train/5Me1J35FJ7Y_000000_000010.mp4,using computer,373
11186,data/k400/train/5UwKHjynRJ4_000293_000303.mp4,using computer,373
11187,data/k400/train/6jg9TmGlbLo_000002_000012.mp4,using computer,373
11188,data/k400/train/73kaxdG7OIc_000061_000071.mp4,using computer,373
11189,data/k400/train/9D4MWvt9WJY_000001_000011.mp4,using computer,373
11190,data/k400/train/9obe2uzQuLw_000031_000041.mp4,using computer,373
11191,data/k400/train/Bfb7UUpyoOk_000049_000059.mp4,using computer,373
11192,data/k400/train/C5GKPRL342E_000264_000274.mp4,using computer,373
11193,data/k400/train/Ccyv7wuGSak_000222_000232.mp4,using computer,373
11194,data/k400/train/GIUeUdtEs5k_000064_000074.mp4,using computer,373
11195,data/k400/train/KpBvE0BzEPA_000000_000010.mp4,using computer,373
11196,data/k400/train/MDbB6KeUov8_000022_000032.mp4,using computer,373
11197,data/k400/train/OFORWRlvAWg_000077_000087.mp4,using computer,373
11198,data/k400/train/Tsyfcereplo_000008_000018.mp4,using computer,373
11199,data/k400/train/WQHlqTwLgus_000059_000069.mp4,using computer,373
11200,data/k400/train/XwUcH51dXYc_000020_000030.mp4,using computer,373
11201,data/k400/train/_XcUgwYW9pI_000038_000048.mp4,using computer,373
11202,data/k400/train/a_ImmlHKLqY_000019_000029.mp4,using computer,373
11203,data/k400/train/b5CeNunbHto_000019_000029.mp4,using computer,373
11204,data/k400/train/bL-H5va6ty0_000000_000010.mp4,using computer,373
11205,data/k400/train/dQa0O6_E9Ww_000126_000136.mp4,using computer,373
11206,data/k400/train/e6knPRich_k_000053_000063.mp4,using computer,373
11207,data/k400/train/e7MT8cHYxls_000016_000026.mp4,using computer,373
11208,data/k400/train/jPQ0j1UP1GM_000140_000150.mp4,using computer,373
11209,data/k400/train/jwQWqv_jmBw_000140_000150.mp4,using computer,373
11210,data/k400/train/kVztC6jU14s_000093_000103.mp4,using computer,373
11211,data/k400/train/kgUPoZpQa_Y_000058_000068.mp4,using computer,373
11212,data/k400/train/mCIaJyxDwfg_000006_000016.mp4,using computer,373
11213,data/k400/train/oimBJOnBHoA_000024_000034.mp4,using computer,373
11214,data/k400/train/r5QnpZrqF_8_000056_000066.mp4,using computer,373
11215,data/k400/train/tGtqiGWJQRY_000071_000081.mp4,using computer,373
11216,data/k400/train/tUkrrQawX7Y_000158_000168.mp4,using computer,373
11217,data/k400/train/v7Bh3oFg4cg_000019_000029.mp4,using computer,373
11218,data/k400/train/vJ_Cf8Mb8xQ_000183_000193.mp4,using computer,373
11219,data/k400/train/wUYqdEB-tac_000632_000642.mp4,using computer,373
11220,data/k400/train/ww-rZq7ZJpI_000011_000021.mp4,using computer,373
11221,data/k400/train/ypWL2LoB9Hw_000022_000032.mp4,using computer,373
11222,data/k400/train/15zppr_OrDI_000056_000066.mp4,using remote controller (not gaming),374
11223,data/k400/train/5o6Z_YyfZXQ_000052_000062.mp4,using remote controller (not gaming),374
11224,data/k400/train/AQdPCjWyEd8_000040_000050.mp4,using remote controller (not gaming),374
11225,data/k400/train/CartLKJ41WU_000001_000011.mp4,using remote controller (not gaming),374
11226,data/k400/train/ExEVq2ZjCF4_000032_000042.mp4,using remote controller (not gaming),374
11227,data/k400/train/IKr0UiTuLtM_000067_000077.mp4,using remote controller (not gaming),374
11228,data/k400/train/PBWBA9VG45o_000020_000030.mp4,using remote controller (not gaming),374
11229,data/k400/train/aLX5o7mxkDE_000021_000031.mp4,using remote controller (not gaming),374
11230,data/k400/train/dAt1gVt-yPY_000044_000054.mp4,using remote controller (not gaming),374
11231,data/k400/train/ee-cHhH7r_g_000036_000046.mp4,using remote controller (not gaming),374
11232,data/k400/train/g_tVx8Jng5o_000010_000020.mp4,using remote controller (not gaming),374
11233,data/k400/train/hNqJCIwHgpU_000011_000021.mp4,using remote controller (not gaming),374
11234,data/k400/train/iQCpaY2OlJk_000067_000077.mp4,using remote controller (not gaming),374
11235,data/k400/train/kWJTFxq7klA_000004_000014.mp4,using remote controller (not gaming),374
11236,data/k400/train/qKK34fMwtcA_000066_000076.mp4,using remote controller (not gaming),374
11237,data/k400/train/vbcryImWz0g_000036_000046.mp4,using remote controller (not gaming),374
11238,data/k400/train/vnvRj-mK2ZY_000012_000022.mp4,using remote controller (not gaming),374
11239,data/k400/train/wSklXDcnKtA_000090_000100.mp4,using remote controller (not gaming),374
11240,data/k400/train/zB4ck41PO5E_000155_000165.mp4,using remote controller (not gaming),374
11241,data/k400/train/6Lnz-s6V0cU_000064_000074.mp4,using segway,375
11242,data/k400/train/6u6nYPxkO7c_000033_000043.mp4,using segway,375
11243,data/k400/train/8HPlg-RhRtA_000240_000250.mp4,using segway,375
11244,data/k400/train/Pv_GIhLsHAQ_000022_000032.mp4,using segway,375
11245,data/k400/train/QMlYzd2uvRU_000008_000018.mp4,using segway,375
11246,data/k400/train/a44Ypwft9E8_000001_000011.mp4,using segway,375
11247,data/k400/train/eojtKR8NP4o_000009_000019.mp4,using segway,375
11248,data/k400/train/i0Tf8PZygZs_000014_000024.mp4,using segway,375
11249,data/k400/train/uy_GNKLLh8Q_000160_000170.mp4,using segway,375
11250,data/k400/train/wTuNEDXlDb4_000150_000160.mp4,using segway,375
11251,data/k400/train/x-VEatzfamM_000023_000033.mp4,using segway,375
11252,data/k400/train/zWLBVGcAOow_000053_000063.mp4,using segway,375
11253,data/k400/train/0dKAG9Mfg4c_000008_000018.mp4,vault,376
11254,data/k400/train/2-EKiIT4YTM_000004_000014.mp4,vault,376
11255,data/k400/train/515gOuF1uis_000001_000011.mp4,vault,376
11256,data/k400/train/6oEyuWMLJWo_000011_000021.mp4,vault,376
11257,data/k400/train/C_uDwFmDgpo_000016_000026.mp4,vault,376
11258,data/k400/train/FPh8g1ekv1I_000001_000011.mp4,vault,376
11259,data/k400/train/KERhE082fZ8_000127_000137.mp4,vault,376
11260,data/k400/train/LfJEEv9NneA_000006_000016.mp4,vault,376
11261,data/k400/train/Ofl8s6knLnI_000006_000016.mp4,vault,376
11262,data/k400/train/P4FAq_ad2ws_000002_000012.mp4,vault,376
11263,data/k400/train/RJS9koTMzak_000004_000014.mp4,vault,376
11264,data/k400/train/Yd0eD5yI8T0_000000_000010.mp4,vault,376
11265,data/k400/train/YuxQhQxvICQ_000020_000030.mp4,vault,376
11266,data/k400/train/ZdZPTVKpZ0k_000004_000014.mp4,vault,376
11267,data/k400/train/eJOiild9gHs_000121_000131.mp4,vault,376
11268,data/k400/train/fCNG5VGEWO0_000045_000055.mp4,vault,376
11269,data/k400/train/fU8-CudA27Q_000001_000011.mp4,vault,376
11270,data/k400/train/m4vag9CuxpM_000001_000011.mp4,vault,376
11271,data/k400/train/pMTgENW8dd0_000027_000037.mp4,vault,376
11272,data/k400/train/w3IjgblIIYI_000000_000010.mp4,vault,376
11273,data/k400/train/-lLr4lromdo_000040_000050.mp4,waiting in line,377
11274,data/k400/train/0UiI4v3KdRo_000003_000013.mp4,waiting in line,377
11275,data/k400/train/3d7yfIHuFh0_000004_000014.mp4,waiting in line,377
11276,data/k400/train/8Tt5QVG17oU_000080_000090.mp4,waiting in line,377
11277,data/k400/train/9PNKCsuqGnE_000078_000088.mp4,waiting in line,377
11278,data/k400/train/BapbwwnqI_4_000018_000028.mp4,waiting in line,377
11279,data/k400/train/MhuIX_0a_sc_000014_000024.mp4,waiting in line,377
11280,data/k400/train/Ty-md8SkWDY_000007_000017.mp4,waiting in line,377
11281,data/k400/train/XEbb60-ewWQ_000019_000029.mp4,waiting in line,377
11282,data/k400/train/XzF9j9DAhLw_000000_000010.mp4,waiting in line,377
11283,data/k400/train/_G1FilX2qvQ_000010_000020.mp4,waiting in line,377
11284,data/k400/train/cVkdqLeRiR0_000007_000017.mp4,waiting in line,377
11285,data/k400/train/d_P2hbAb2b0_000076_000086.mp4,waiting in line,377
11286,data/k400/train/kixAbnFCahg_000001_000011.mp4,waiting in line,377
11287,data/k400/train/mCrGRxCacao_000001_000011.mp4,waiting in line,377
11288,data/k400/train/rILk4qWWPXw_000002_000012.mp4,waiting in line,377
11289,data/k400/train/w917xZTSmTQ_000053_000063.mp4,waiting in line,377
11290,data/k400/train/yZY8gRDukIo_000039_000049.mp4,waiting in line,377
11291,data/k400/train/2BPmiJCwtqQ_000015_000025.mp4,walking the dog,378
11292,data/k400/train/2GwPFPrm78g_000028_000038.mp4,walking the dog,378
11293,data/k400/train/2uEb95JWE8U_000058_000068.mp4,walking the dog,378
11294,data/k400/train/3I5rNEbZkzw_000009_000019.mp4,walking the dog,378
11295,data/k400/train/53xp4pnZP0M_000026_000036.mp4,walking the dog,378
11296,data/k400/train/5DoHSvxdcvs_000011_000021.mp4,walking the dog,378
11297,data/k400/train/5QaGvO1iF2c_000009_000019.mp4,walking the dog,378
11298,data/k400/train/5lE9TBNMj6k_000001_000011.mp4,walking the dog,378
11299,data/k400/train/7WuoKRGOQks_000000_000010.mp4,walking the dog,378
11300,data/k400/train/8jpKoEdTV08_000017_000027.mp4,walking the dog,378
11301,data/k400/train/8ttvdhUx0Qk_000039_000049.mp4,walking the dog,378
11302,data/k400/train/9ebaoXFXQ00_000006_000016.mp4,walking the dog,378
11303,data/k400/train/Amk4vidmN1Q_000007_000017.mp4,walking the dog,378
11304,data/k400/train/BAf4O5ke4z0_000093_000103.mp4,walking the dog,378
11305,data/k400/train/EKHRIfcx42I_000078_000088.mp4,walking the dog,378
11306,data/k400/train/FWx0ndbnZE4_000044_000054.mp4,walking the dog,378
11307,data/k400/train/HgTA2qcrhHs_000002_000012.mp4,walking the dog,378
11308,data/k400/train/Hk1Oy_qUXe4_000001_000011.mp4,walking the dog,378
11309,data/k400/train/LkCvch_KD5U_000128_000138.mp4,walking the dog,378
11310,data/k400/train/MXdpckfJ1D0_000017_000027.mp4,walking the dog,378
11311,data/k400/train/OaFqLjetyv4_000031_000041.mp4,walking the dog,378
11312,data/k400/train/QfrBj4Xmok8_000025_000035.mp4,walking the dog,378
11313,data/k400/train/SE5zqHtFDLY_000179_000189.mp4,walking the dog,378
11314,data/k400/train/Spvb9FXCfDM_000006_000016.mp4,walking the dog,378
11315,data/k400/train/T0-otarEj-I_000023_000033.mp4,walking the dog,378
11316,data/k400/train/TwmeySaVSWc_000016_000026.mp4,walking the dog,378
11317,data/k400/train/UUyRkC9ttNs_000003_000013.mp4,walking the dog,378
11318,data/k400/train/Uu7WpWmLhpg_000002_000012.mp4,walking the dog,378
11319,data/k400/train/Z62qAzwWIJM_000176_000186.mp4,walking the dog,378
11320,data/k400/train/bu2k9MoOE_U_000042_000052.mp4,walking the dog,378
11321,data/k400/train/lhyUJWEvPyM_000028_000038.mp4,walking the dog,378
11322,data/k400/train/lyEaAMk8_Sc_000064_000074.mp4,walking the dog,378
11323,data/k400/train/m5bsFbDfz_c_000309_000319.mp4,walking the dog,378
11324,data/k400/train/mbYzK6DiiJQ_000002_000012.mp4,walking the dog,378
11325,data/k400/train/mmgru-eII9o_000055_000065.mp4,walking the dog,378
11326,data/k400/train/pvDRSUNXUkM_000064_000074.mp4,walking the dog,378
11327,data/k400/train/uVZnztSRl3o_000046_000056.mp4,walking the dog,378
11328,data/k400/train/w5s3_GDB9Z8_000108_000118.mp4,walking the dog,378
11329,data/k400/train/xbyYdS2akac_000002_000012.mp4,walking the dog,378
11330,data/k400/train/xx48lwNoNmQ_000031_000041.mp4,walking the dog,378
11331,data/k400/train/-Y5LoJ4_ivY_000014_000024.mp4,washing dishes,379
11332,data/k400/train/1iIGGHOjD2Q_000019_000029.mp4,washing dishes,379
11333,data/k400/train/2Ys7uOuAkv4_000360_000370.mp4,washing dishes,379
11334,data/k400/train/3M4BMNIfYIY_000003_000013.mp4,washing dishes,379
11335,data/k400/train/4G_b7m33lic_000111_000121.mp4,washing dishes,379
11336,data/k400/train/4X14kis6Dk0_000001_000011.mp4,washing dishes,379
11337,data/k400/train/5YV-4hqujUY_000021_000031.mp4,washing dishes,379
11338,data/k400/train/73nrOkGSlk0_000022_000032.mp4,washing dishes,379
11339,data/k400/train/Ba1arlyPybk_000128_000138.mp4,washing dishes,379
11340,data/k400/train/BoyTgfjF16U_000005_000015.mp4,washing dishes,379
11341,data/k400/train/DBT-HbsO_58_000044_000054.mp4,washing dishes,379
11342,data/k400/train/DOZfclCLm2g_000250_000260.mp4,washing dishes,379
11343,data/k400/train/FBuVFqpU0co_000065_000075.mp4,washing dishes,379
11344,data/k400/train/GTYbwSAks4g_000018_000028.mp4,washing dishes,379
11345,data/k400/train/HT8lb6nv7NA_000004_000014.mp4,washing dishes,379
11346,data/k400/train/I1V11dutvYw_000026_000036.mp4,washing dishes,379
11347,data/k400/train/Iik0TCKpsh0_000007_000017.mp4,washing dishes,379
11348,data/k400/train/IzQG-K_lr9M_000036_000046.mp4,washing dishes,379
11349,data/k400/train/LKno-MGvX6c_000393_000403.mp4,washing dishes,379
11350,data/k400/train/Olsk25qh1wI_000041_000051.mp4,washing dishes,379
11351,data/k400/train/PFyCVWZ6dTs_000006_000016.mp4,washing dishes,379
11352,data/k400/train/Q1k42FiNNGk_000014_000024.mp4,washing dishes,379
11353,data/k400/train/TLoksxdH0Zg_000011_000021.mp4,washing dishes,379
11354,data/k400/train/UJgRw_cXmak_000041_000051.mp4,washing dishes,379
11355,data/k400/train/Ur3LpRtyCvs_000024_000034.mp4,washing dishes,379
11356,data/k400/train/WbfTs6v4Sxk_000004_000014.mp4,washing dishes,379
11357,data/k400/train/WhqXkV7dH8M_000097_000107.mp4,washing dishes,379
11358,data/k400/train/X5XdJ3Jsqa4_000010_000020.mp4,washing dishes,379
11359,data/k400/train/Y_nyVFn70Lk_000045_000055.mp4,washing dishes,379
11360,data/k400/train/YcSHYbopRQw_000008_000018.mp4,washing dishes,379
11361,data/k400/train/YfDGo8w8Wq8_000010_000020.mp4,washing dishes,379
11362,data/k400/train/_T78_CtOZs4_000014_000024.mp4,washing dishes,379
11363,data/k400/train/bIul3a3AdXM_000075_000085.mp4,washing dishes,379
11364,data/k400/train/bsj_bN94CDw_000169_000179.mp4,washing dishes,379
11365,data/k400/train/cuyGvhyYUGU_000020_000030.mp4,washing dishes,379
11366,data/k400/train/f1dO8UGAq7A_000195_000205.mp4,washing dishes,379
11367,data/k400/train/facoAQ8bRj8_000012_000022.mp4,washing dishes,379
11368,data/k400/train/ivLKjrGF_r4_000003_000013.mp4,washing dishes,379
11369,data/k400/train/ixUSq1dgptA_000011_000021.mp4,washing dishes,379
11370,data/k400/train/jwXhXI0qIiM_000164_000174.mp4,washing dishes,379
11371,data/k400/train/rLeFwkicztU_000042_000052.mp4,washing dishes,379
11372,data/k400/train/v2eqIlJaHeA_000036_000046.mp4,washing dishes,379
11373,data/k400/train/vCxeTMFBi7o_000071_000081.mp4,washing dishes,379
11374,data/k400/train/yJwHkVGkfEs_000002_000012.mp4,washing dishes,379
11375,data/k400/train/zKHP6SowkMY_000008_000018.mp4,washing dishes,379
11376,data/k400/train/-AR-hLSb2Bk_000028_000038.mp4,washing feet,380
11377,data/k400/train/-J-DV0OBshM_000118_000128.mp4,washing feet,380
11378,data/k400/train/0LtA3gUO5vM_000000_000010.mp4,washing feet,380
11379,data/k400/train/1t-SLopaMuw_001437_001447.mp4,washing feet,380
11380,data/k400/train/4Uq8bGb1zSE_000095_000105.mp4,washing feet,380
11381,data/k400/train/5PP6Ab5jMBo_000083_000093.mp4,washing feet,380
11382,data/k400/train/61Nlk7YKdPU_000500_000510.mp4,washing feet,380
11383,data/k400/train/8xmZaq4owIg_000226_000236.mp4,washing feet,380
11384,data/k400/train/9VRNSHQmni8_000113_000123.mp4,washing feet,380
11385,data/k400/train/Bpg1jowDueY_000347_000357.mp4,washing feet,380
11386,data/k400/train/CSf7tpaJktM_000302_000312.mp4,washing feet,380
11387,data/k400/train/Ff84bWyqhCY_000165_000175.mp4,washing feet,380
11388,data/k400/train/GemEgQkYKJ8_000183_000193.mp4,washing feet,380
11389,data/k400/train/IdbHAm3BB-M_000052_000062.mp4,washing feet,380
11390,data/k400/train/J-uDlEdIFqY_000151_000161.mp4,washing feet,380
11391,data/k400/train/JR551BJs1zA_000118_000128.mp4,washing feet,380
11392,data/k400/train/MlpTZzdb5nQ_000180_000190.mp4,washing feet,380
11393,data/k400/train/NRgkqLltr5k_000302_000312.mp4,washing feet,380
11394,data/k400/train/OtG8IJ4oF1Y_000113_000123.mp4,washing feet,380
11395,data/k400/train/RADjacBqHEY_000234_000244.mp4,washing feet,380
11396,data/k400/train/RHr05X7iBgE_000020_000030.mp4,washing feet,380
11397,data/k400/train/V--l39gsWHM_000063_000073.mp4,washing feet,380
11398,data/k400/train/YcTXgLaS4ow_000356_000366.mp4,washing feet,380
11399,data/k400/train/aas7rlGRcKo_002788_002798.mp4,washing feet,380
11400,data/k400/train/bBImnpGclro_000137_000147.mp4,washing feet,380
11401,data/k400/train/eUtFIPRfcd0_000149_000159.mp4,washing feet,380
11402,data/k400/train/eh5NtDt_jhs_000518_000528.mp4,washing feet,380
11403,data/k400/train/fxhArffcXZM_000076_000086.mp4,washing feet,380
11404,data/k400/train/iIZAVI8pKFI_000191_000201.mp4,washing feet,380
11405,data/k400/train/lQaQ3PC04CY_000706_000716.mp4,washing feet,380
11406,data/k400/train/lmllAX_KHNY_000137_000147.mp4,washing feet,380
11407,data/k400/train/mPCeP5kMtfI_000010_000020.mp4,washing feet,380
11408,data/k400/train/mrfMN_PAbdA_000018_000028.mp4,washing feet,380
11409,data/k400/train/rUNj8iIeLYI_004660_004670.mp4,washing feet,380
11410,data/k400/train/rUYravs57uc_000027_000037.mp4,washing feet,380
11411,data/k400/train/sYQCTc7J1x0_000112_000122.mp4,washing feet,380
11412,data/k400/train/t2m2CZNhQm8_000032_000042.mp4,washing feet,380
11413,data/k400/train/vNvGSixeXZ0_005426_005436.mp4,washing feet,380
11414,data/k400/train/voOVWz0p6fI_000195_000205.mp4,washing feet,380
11415,data/k400/train/zZYerV3my2E_000057_000067.mp4,washing feet,380
11416,data/k400/train/zwojAMytFyo_000358_000368.mp4,washing feet,380
11417,data/k400/train/62OwndnYiFc_000033_000043.mp4,washing hair,381
11418,data/k400/train/8ke3iDdYOO0_000278_000288.mp4,washing hair,381
11419,data/k400/train/DaW7Z_DGl6k_000089_000099.mp4,washing hair,381
11420,data/k400/train/LKW8RRgmzew_000176_000186.mp4,washing hair,381
11421,data/k400/train/M8WcTpFr0QI_000666_000676.mp4,washing hair,381
11422,data/k400/train/bvXt2auJvJA_000152_000162.mp4,washing hair,381
11423,data/k400/train/gIn6UXxNivc_000048_000058.mp4,washing hair,381
11424,data/k400/train/1lxCJQ56yWA_000000_000010.mp4,washing hands,382
11425,data/k400/train/1mvG5NP1ZgI_000004_000014.mp4,washing hands,382
11426,data/k400/train/35HFCWhI-f8_000010_000020.mp4,washing hands,382
11427,data/k400/train/5BZ2J3z41EI_000000_000010.mp4,washing hands,382
11428,data/k400/train/61DhaE9kdOc_000000_000010.mp4,washing hands,382
11429,data/k400/train/6G5RK7SA4n8_000021_000031.mp4,washing hands,382
11430,data/k400/train/6wVZUF-Vh5Y_000008_000018.mp4,washing hands,382
11431,data/k400/train/9HUbkryFPaM_000020_000030.mp4,washing hands,382
11432,data/k400/train/AVhFbNpoW9o_000008_000018.mp4,washing hands,382
11433,data/k400/train/C6SPwbLCtc0_000178_000188.mp4,washing hands,382
11434,data/k400/train/CX3-wDV8BdE_000004_000014.mp4,washing hands,382
11435,data/k400/train/Cwmphwgr7k0_000051_000061.mp4,washing hands,382
11436,data/k400/train/DBIUDDnLgBs_000036_000046.mp4,washing hands,382
11437,data/k400/train/DUoJHOj5ng8_000004_000014.mp4,washing hands,382
11438,data/k400/train/F6RKD-bAIXA_000008_000018.mp4,washing hands,382
11439,data/k400/train/GBNK1aMSwoE_000030_000040.mp4,washing hands,382
11440,data/k400/train/I_rIn1G59kw_000060_000070.mp4,washing hands,382
11441,data/k400/train/MrTl0ENbE-4_000009_000019.mp4,washing hands,382
11442,data/k400/train/Nq4y56AWs48_000096_000106.mp4,washing hands,382
11443,data/k400/train/OIPxwfrCruw_000105_000115.mp4,washing hands,382
11444,data/k400/train/TuwYfnf2j5Y_000111_000121.mp4,washing hands,382
11445,data/k400/train/XCZ8k3tVxew_000001_000011.mp4,washing hands,382
11446,data/k400/train/YQiX5OeW3t4_000003_000013.mp4,washing hands,382
11447,data/k400/train/YyK7v5LeYRE_000010_000020.mp4,washing hands,382
11448,data/k400/train/_1CULjve7R0_000092_000102.mp4,washing hands,382
11449,data/k400/train/crreZcM2USU_000060_000070.mp4,washing hands,382
11450,data/k400/train/hbpEz0Xlbhg_000066_000076.mp4,washing hands,382
11451,data/k400/train/iatZ-lybSbY_000012_000022.mp4,washing hands,382
11452,data/k400/train/jW4h4gdHRbM_000159_000169.mp4,washing hands,382
11453,data/k400/train/kVjqwKTso9o_000306_000316.mp4,washing hands,382
11454,data/k400/train/lpqeHlR4-cg_000040_000050.mp4,washing hands,382
11455,data/k400/train/qiMb7qCFD8M_000001_000011.mp4,washing hands,382
11456,data/k400/train/va-6ioOQry0_000004_000014.mp4,washing hands,382
11457,data/k400/train/wQVdnTbnUeA_000099_000109.mp4,washing hands,382
11458,data/k400/train/wWrHUx4OGdg_000047_000057.mp4,washing hands,382
11459,data/k400/train/wdkFZ-alikg_000084_000094.mp4,washing hands,382
11460,data/k400/train/wfR3hqeHWhw_000005_000015.mp4,washing hands,382
11461,data/k400/train/xRoLUvJYHR4_000206_000216.mp4,washing hands,382
11462,data/k400/train/yXDQo0mF1AY_000007_000017.mp4,washing hands,382
11463,data/k400/train/zy4GyvCVFBA_000049_000059.mp4,washing hands,382
11464,data/k400/train/1qaUq9KmqOE_000210_000220.mp4,water skiing,383
11465,data/k400/train/1rT2qCi3paM_000012_000022.mp4,water skiing,383
11466,data/k400/train/3oXoWRVO5_Y_000010_000020.mp4,water skiing,383
11467,data/k400/train/55W6XDKGMK8_000004_000014.mp4,water skiing,383
11468,data/k400/train/6W52qqE5vgM_000007_000017.mp4,water skiing,383
11469,data/k400/train/8-Fgv53ohrQ_000059_000069.mp4,water skiing,383
11470,data/k400/train/8XtZRwiQEOE_000003_000013.mp4,water skiing,383
11471,data/k400/train/9dizKnndaRA_000023_000033.mp4,water skiing,383
11472,data/k400/train/AESxtE0CU04_000001_000011.mp4,water skiing,383
11473,data/k400/train/CtWkQa1JUNc_000004_000014.mp4,water skiing,383
11474,data/k400/train/EUseCu5kw_k_000313_000323.mp4,water skiing,383
11475,data/k400/train/JiIkqzb1uWs_000195_000205.mp4,water skiing,383
11476,data/k400/train/JuVvWXURAEs_000001_000011.mp4,water skiing,383
11477,data/k400/train/MJQaE_G4-6Q_000008_000018.mp4,water skiing,383
11478,data/k400/train/PPHGhVFfLyQ_000117_000127.mp4,water skiing,383
11479,data/k400/train/Pt7HHA9ZaA4_000073_000083.mp4,water skiing,383
11480,data/k400/train/QBGLD-CEsgI_000097_000107.mp4,water skiing,383
11481,data/k400/train/QpZmr4LlYUo_000013_000023.mp4,water skiing,383
11482,data/k400/train/Ru8abAG2mf4_000165_000175.mp4,water skiing,383
11483,data/k400/train/V-shFPyBi0c_000002_000012.mp4,water skiing,383
11484,data/k400/train/V3Cle_UdbPo_000039_000049.mp4,water skiing,383
11485,data/k400/train/Vbp4HrQS9UQ_000007_000017.mp4,water skiing,383
11486,data/k400/train/Wq3886x5jms_000080_000090.mp4,water skiing,383
11487,data/k400/train/ZLYsCoesdUc_000077_000087.mp4,water skiing,383
11488,data/k400/train/ZVNd1B8fnkI_000147_000157.mp4,water skiing,383
11489,data/k400/train/a4Ur9_bL3Wc_000001_000011.mp4,water skiing,383
11490,data/k400/train/brLLL8ezpc8_000018_000028.mp4,water skiing,383
11491,data/k400/train/c1kC-J8IjNs_000002_000012.mp4,water skiing,383
11492,data/k400/train/eNDyHoBN7Xg_000004_000014.mp4,water skiing,383
11493,data/k400/train/fTYNfiXKaaE_000366_000376.mp4,water skiing,383
11494,data/k400/train/fgqtTN5xTus_000067_000077.mp4,water skiing,383
11495,data/k400/train/ldkcfn5t-KU_000041_000051.mp4,water skiing,383
11496,data/k400/train/oWMtpYTz0nU_000153_000163.mp4,water skiing,383
11497,data/k400/train/rR4ArNj8v1A_000043_000053.mp4,water skiing,383
11498,data/k400/train/u6KbZw0wqGA_000266_000276.mp4,water skiing,383
11499,data/k400/train/ufTk4Nj24Vc_000016_000026.mp4,water skiing,383
11500,data/k400/train/x398_6fckEw_000125_000135.mp4,water skiing,383
11501,data/k400/train/xRAqrtoWzqI_001440_001450.mp4,water skiing,383
11502,data/k400/train/zcJyVKkXgJc_000000_000010.mp4,water skiing,383
11503,data/k400/train/0e_dwOfB_bU_000022_000032.mp4,water sliding,384
11504,data/k400/train/28EtkKMIWq0_000018_000028.mp4,water sliding,384
11505,data/k400/train/4K4INiZvx1M_000057_000067.mp4,water sliding,384
11506,data/k400/train/8C5kfz0aTZM_000003_000013.mp4,water sliding,384
11507,data/k400/train/8xV6gpc6amk_000002_000012.mp4,water sliding,384
11508,data/k400/train/9zQLsiyprWw_000019_000029.mp4,water sliding,384
11509,data/k400/train/Ic3DYAqUWV8_000050_000060.mp4,water sliding,384
11510,data/k400/train/JDKFellhPF4_000001_000011.mp4,water sliding,384
11511,data/k400/train/Pln1NQ8I7U8_000003_000013.mp4,water sliding,384
11512,data/k400/train/Q3vu8xM2JQw_000042_000052.mp4,water sliding,384
11513,data/k400/train/RJ-5Dhe_i8s_000000_000010.mp4,water sliding,384
11514,data/k400/train/f8kzPmeVMQA_000011_000021.mp4,water sliding,384
11515,data/k400/train/jAhTSOcb8cE_000008_000018.mp4,water sliding,384
11516,data/k400/train/jmncHDwqsbQ_000004_000014.mp4,water sliding,384
11517,data/k400/train/ta0WDnZHtfA_000078_000088.mp4,water sliding,384
11518,data/k400/train/05Ru2KOKSy8_000003_000013.mp4,watering plants,385
11519,data/k400/train/0DZE5Xg22gY_000021_000031.mp4,watering plants,385
11520,data/k400/train/1O4cGpXF88c_000044_000054.mp4,watering plants,385
11521,data/k400/train/AVCbJggOodY_000380_000390.mp4,watering plants,385
11522,data/k400/train/COQuGsR2_3M_000054_000064.mp4,watering plants,385
11523,data/k400/train/DkE52Unrc6w_000072_000082.mp4,watering plants,385
11524,data/k400/train/EQvfER0Iz8M_000112_000122.mp4,watering plants,385
11525,data/k400/train/HW0g8pI50N0_000228_000238.mp4,watering plants,385
11526,data/k400/train/ILoJPHIr6NY_000001_000011.mp4,watering plants,385
11527,data/k400/train/IUebDDqcmnY_000003_000013.mp4,watering plants,385
11528,data/k400/train/LGNn_bNGem4_000251_000261.mp4,watering plants,385
11529,data/k400/train/LPqPZi8e6SY_000047_000057.mp4,watering plants,385
11530,data/k400/train/O7iE69mQ_Vc_000015_000025.mp4,watering plants,385
11531,data/k400/train/OP8bY8gTiEU_000024_000034.mp4,watering plants,385
11532,data/k400/train/Op6oiIf29eQ_000026_000036.mp4,watering plants,385
11533,data/k400/train/P5aXsobM65A_000250_000260.mp4,watering plants,385
11534,data/k400/train/UcrRJOGQHQI_000004_000014.mp4,watering plants,385
11535,data/k400/train/b2QyqOmWpFw_000046_000056.mp4,watering plants,385
11536,data/k400/train/d_XiADj0Awk_000115_000125.mp4,watering plants,385
11537,data/k400/train/e8qNHCLMo8Q_000062_000072.mp4,watering plants,385
11538,data/k400/train/fWI2nrwbGWg_000004_000014.mp4,watering plants,385
11539,data/k400/train/fmQnEd05y6Q_000018_000028.mp4,watering plants,385
11540,data/k400/train/nOWM2xYTmRQ_000059_000069.mp4,watering plants,385
11541,data/k400/train/oIn2DmDQc_U_000011_000021.mp4,watering plants,385
11542,data/k400/train/qzmbKw62mmU_000000_000010.mp4,watering plants,385
11543,data/k400/train/u690S1LQI5g_000086_000096.mp4,watering plants,385
11544,data/k400/train/xuvIeIeOeG8_000042_000052.mp4,watering plants,385
11545,data/k400/train/y93X4qBjElQ_000006_000016.mp4,watering plants,385
11546,data/k400/train/3N9bGKKpDas_000002_000012.mp4,waxing back,386
11547,data/k400/train/BQQmUuChlg4_000055_000065.mp4,waxing back,386
11548,data/k400/train/EjXPaJfXBgo_000012_000022.mp4,waxing back,386
11549,data/k400/train/HKR5h2zpX0Y_000113_000123.mp4,waxing back,386
11550,data/k400/train/O4xYGgy6nkg_000017_000027.mp4,waxing back,386
11551,data/k400/train/OeqJtLCDuKg_000019_000029.mp4,waxing back,386
11552,data/k400/train/Sj9Gl9Pgd1o_000134_000144.mp4,waxing back,386
11553,data/k400/train/Swfy_p13kjM_000129_000139.mp4,waxing back,386
11554,data/k400/train/VGwlM8_qLHA_000318_000328.mp4,waxing back,386
11555,data/k400/train/VHd53zBt1Ac_000191_000201.mp4,waxing back,386
11556,data/k400/train/Xty2FthodIo_000026_000036.mp4,waxing back,386
11557,data/k400/train/coa-kGGqXIo_001913_001923.mp4,waxing back,386
11558,data/k400/train/eGwx7AO7EuU_000019_000029.mp4,waxing back,386
11559,data/k400/train/em20wKtPZ3E_000000_000010.mp4,waxing back,386
11560,data/k400/train/iABRQEBqr14_000000_000010.mp4,waxing back,386
11561,data/k400/train/iQYoF_obhc4_000035_000045.mp4,waxing back,386
11562,data/k400/train/j2gTQXN25Us_000330_000340.mp4,waxing back,386
11563,data/k400/train/jM5HuBrpssM_000777_000787.mp4,waxing back,386
11564,data/k400/train/lPo6EALCB8M_000003_000013.mp4,waxing back,386
11565,data/k400/train/oZq8-tB8f4M_000033_000043.mp4,waxing back,386
11566,data/k400/train/r2zeQfOTkDA_000202_000212.mp4,waxing back,386
11567,data/k400/train/rG85c_SkDHk_000334_000344.mp4,waxing back,386
11568,data/k400/train/tQgdNbQqz0o_000119_000129.mp4,waxing back,386
11569,data/k400/train/vSLYrtWOAHU_000018_000028.mp4,waxing back,386
11570,data/k400/train/02nEfEmVX-s_000193_000203.mp4,waxing chest,387
11571,data/k400/train/2XXZqbOCKIQ_000013_000023.mp4,waxing chest,387
11572,data/k400/train/4b37LMYC3JE_000217_000227.mp4,waxing chest,387
11573,data/k400/train/6gkbkpRvKRQ_000093_000103.mp4,waxing chest,387
11574,data/k400/train/8MnnK8fYqk0_000006_000016.mp4,waxing chest,387
11575,data/k400/train/8VIe7G6Zxhw_000160_000170.mp4,waxing chest,387
11576,data/k400/train/9EymMUqd4RI_000003_000013.mp4,waxing chest,387
11577,data/k400/train/AKRqdgFIrMc_000003_000013.mp4,waxing chest,387
11578,data/k400/train/BazpKwwe2Oo_000008_000018.mp4,waxing chest,387
11579,data/k400/train/FyoNC7uhjzM_000015_000025.mp4,waxing chest,387
11580,data/k400/train/Itj-zLmAg1o_000013_000023.mp4,waxing chest,387
11581,data/k400/train/Qks4yuCjc-E_000306_000316.mp4,waxing chest,387
11582,data/k400/train/SHpo9v_nsko_000385_000395.mp4,waxing chest,387
11583,data/k400/train/TzNherAl2F4_000359_000369.mp4,waxing chest,387
11584,data/k400/train/VSaEMT9JsB4_000109_000119.mp4,waxing chest,387
11585,data/k400/train/W3Bedxgnr5A_000004_000014.mp4,waxing chest,387
11586,data/k400/train/XaqiAQyju0A_000002_000012.mp4,waxing chest,387
11587,data/k400/train/Y5NMHj5QUUM_000014_000024.mp4,waxing chest,387
11588,data/k400/train/cGdyHN-BWPU_000049_000059.mp4,waxing chest,387
11589,data/k400/train/dS1gCc5KRG8_000276_000286.mp4,waxing chest,387
11590,data/k400/train/iueiyPIHR-I_000026_000036.mp4,waxing chest,387
11591,data/k400/train/kt_rgXL1SYo_000009_000019.mp4,waxing chest,387
11592,data/k400/train/nvvP85LvCJE_000007_000017.mp4,waxing chest,387
11593,data/k400/train/pIS7K4BmJKE_000002_000012.mp4,waxing chest,387
11594,data/k400/train/sqQ-5ToebiM_000114_000124.mp4,waxing chest,387
11595,data/k400/train/vzpGsRtGBok_000014_000024.mp4,waxing chest,387
11596,data/k400/train/5pYDbonDZ18_000032_000042.mp4,waxing eyebrows,388
11597,data/k400/train/6w8vYOldRXk_000029_000039.mp4,waxing eyebrows,388
11598,data/k400/train/9NEBQprJ_M0_000119_000129.mp4,waxing eyebrows,388
11599,data/k400/train/Af5ANMUYYa4_000274_000284.mp4,waxing eyebrows,388
11600,data/k400/train/BDWX4sg91Sw_000028_000038.mp4,waxing eyebrows,388
11601,data/k400/train/BGJjtWQkT-Y_000172_000182.mp4,waxing eyebrows,388
11602,data/k400/train/C5sozWCC20E_000000_000010.mp4,waxing eyebrows,388
11603,data/k400/train/Ek2EG7Z4ZeA_000024_000034.mp4,waxing eyebrows,388
11604,data/k400/train/G2nJNq1jcbc_000402_000412.mp4,waxing eyebrows,388
11605,data/k400/train/GJ7P7454V9Q_000090_000100.mp4,waxing eyebrows,388
11606,data/k400/train/IKbFWXNA-qo_000004_000014.mp4,waxing eyebrows,388
11607,data/k400/train/RxsLeMXuWmw_000062_000072.mp4,waxing eyebrows,388
11608,data/k400/train/S46XtqO3B0s_000046_000056.mp4,waxing eyebrows,388
11609,data/k400/train/Yk7_uNDLg8o_000042_000052.mp4,waxing eyebrows,388
11610,data/k400/train/YlWkkhJGDkM_000093_000103.mp4,waxing eyebrows,388
11611,data/k400/train/ZSGQSVmJOBM_000072_000082.mp4,waxing eyebrows,388
11612,data/k400/train/_XZJlTRO_nY_000010_000020.mp4,waxing eyebrows,388
11613,data/k400/train/aTXt4VlP2OE_000277_000287.mp4,waxing eyebrows,388
11614,data/k400/train/eAzgrTJwvOg_000081_000091.mp4,waxing eyebrows,388
11615,data/k400/train/h1rtfjSHubg_000265_000275.mp4,waxing eyebrows,388
11616,data/k400/train/nsBik1_-A6M_000081_000091.mp4,waxing eyebrows,388
11617,data/k400/train/oDcZ7uKZJ-U_000041_000051.mp4,waxing eyebrows,388
11618,data/k400/train/qCbVOH-YXPc_000067_000077.mp4,waxing eyebrows,388
11619,data/k400/train/sqUqlQAQyU4_000025_000035.mp4,waxing eyebrows,388
11620,data/k400/train/ugJtU1k-nHw_000233_000243.mp4,waxing eyebrows,388
11621,data/k400/train/uxDbM9ba9Ec_000178_000188.mp4,waxing eyebrows,388
11622,data/k400/train/yq62jnxNBIA_000077_000087.mp4,waxing eyebrows,388
11623,data/k400/train/-cGkTtq8_qA_000056_000066.mp4,waxing legs,389
11624,data/k400/train/1j9oLquOy3g_000113_000123.mp4,waxing legs,389
11625,data/k400/train/2X84KUz1z4o_000295_000305.mp4,waxing legs,389
11626,data/k400/train/2bYUxSrkKr8_001994_002004.mp4,waxing legs,389
11627,data/k400/train/2g4lxBqsfRo_000020_000030.mp4,waxing legs,389
11628,data/k400/train/3AvIrYRldfo_000078_000088.mp4,waxing legs,389
11629,data/k400/train/5aX7fUK_M-A_000049_000059.mp4,waxing legs,389
11630,data/k400/train/5zqB7Cw5d78_000039_000049.mp4,waxing legs,389
11631,data/k400/train/6sCoYkELTmM_000001_000011.mp4,waxing legs,389
11632,data/k400/train/7Ao_v1PpgsI_000443_000453.mp4,waxing legs,389
11633,data/k400/train/7mDTufWbNtw_000052_000062.mp4,waxing legs,389
11634,data/k400/train/8Qen2-J6qxg_000269_000279.mp4,waxing legs,389
11635,data/k400/train/8u0mX7EBpIE_000013_000023.mp4,waxing legs,389
11636,data/k400/train/ALKxt135Jiw_000438_000448.mp4,waxing legs,389
11637,data/k400/train/BL_oQlkGaFU_000001_000011.mp4,waxing legs,389
11638,data/k400/train/DazIHoxKIqE_000160_000170.mp4,waxing legs,389
11639,data/k400/train/FCLp6buOy90_000397_000407.mp4,waxing legs,389
11640,data/k400/train/JO7o-fGOdJQ_000023_000033.mp4,waxing legs,389
11641,data/k400/train/LXKe5AIJYtI_000014_000024.mp4,waxing legs,389
11642,data/k400/train/MYfNJgRviSI_000124_000134.mp4,waxing legs,389
11643,data/k400/train/OrOUbhNidq0_000034_000044.mp4,waxing legs,389
11644,data/k400/train/P_JCi2VMjyo_000015_000025.mp4,waxing legs,389
11645,data/k400/train/Q1vI6r6S-Bo_000173_000183.mp4,waxing legs,389
11646,data/k400/train/RKWdyjLFcig_000005_000015.mp4,waxing legs,389
11647,data/k400/train/RbaMph7DsrY_000000_000010.mp4,waxing legs,389
11648,data/k400/train/Sk95btLpoAY_000026_000036.mp4,waxing legs,389
11649,data/k400/train/Svaud1VwDcM_000006_000016.mp4,waxing legs,389
11650,data/k400/train/U5lkP6JyMnY_000097_000107.mp4,waxing legs,389
11651,data/k400/train/UJYi3A6e8qY_000092_000102.mp4,waxing legs,389
11652,data/k400/train/VdJWHNzHp7M_000014_000024.mp4,waxing legs,389
11653,data/k400/train/VloTTm8VHF4_000170_000180.mp4,waxing legs,389
11654,data/k400/train/XwZvjh6RAmo_000092_000102.mp4,waxing legs,389
11655,data/k400/train/YvQRRyvxWLI_000069_000079.mp4,waxing legs,389
11656,data/k400/train/_5bGz7IbgX8_000000_000010.mp4,waxing legs,389
11657,data/k400/train/_LR1u_eLAoE_000032_000042.mp4,waxing legs,389
11658,data/k400/train/_rtzfdYeAvY_000164_000174.mp4,waxing legs,389
11659,data/k400/train/cxpfjVgEEYY_000041_000051.mp4,waxing legs,389
11660,data/k400/train/ds5wVzBuqFM_000001_000011.mp4,waxing legs,389
11661,data/k400/train/e-Qo1Ug8PHA_000001_000011.mp4,waxing legs,389
11662,data/k400/train/eH34pUNtXFc_000000_000010.mp4,waxing legs,389
11663,data/k400/train/fPe3JAMzqXI_000023_000033.mp4,waxing legs,389
11664,data/k400/train/g8O32GWgM9A_000594_000604.mp4,waxing legs,389
11665,data/k400/train/gOniW-yEZ0k_000007_000017.mp4,waxing legs,389
11666,data/k400/train/gy8lrT93ozM_000004_000014.mp4,waxing legs,389
11667,data/k400/train/hXHuSpq5Gt4_000282_000292.mp4,waxing legs,389
11668,data/k400/train/jMHgkHdfpRA_000193_000203.mp4,waxing legs,389
11669,data/k400/train/kk7Ej3jn9EU_000034_000044.mp4,waxing legs,389
11670,data/k400/train/nzuOwSxI8xE_000353_000363.mp4,waxing legs,389
11671,data/k400/train/omJMvf5Th10_000146_000156.mp4,waxing legs,389
11672,data/k400/train/pqCYLPMaC9o_000120_000130.mp4,waxing legs,389
11673,data/k400/train/q1LRIvpFNBE_000020_000030.mp4,waxing legs,389
11674,data/k400/train/qzy0trnqFHw_000019_000029.mp4,waxing legs,389
11675,data/k400/train/t8Sk84GUIuc_000071_000081.mp4,waxing legs,389
11676,data/k400/train/xrh3n6SHuMs_000208_000218.mp4,waxing legs,389
11677,data/k400/train/zdEbLDSAudY_000122_000132.mp4,waxing legs,389
11678,data/k400/train/zuVewCJW_3s_000014_000024.mp4,waxing legs,389
11679,data/k400/train/-EpXU6PfMzY_000246_000256.mp4,weaving basket,390
11680,data/k400/train/3BqZfqHUj4k_000016_000026.mp4,weaving basket,390
11681,data/k400/train/5PRxaL1RANM_000247_000257.mp4,weaving basket,390
11682,data/k400/train/66aNg_YU0dQ_000111_000121.mp4,weaving basket,390
11683,data/k400/train/AeEx2aD4wmQ_000260_000270.mp4,weaving basket,390
11684,data/k400/train/Gi192JtLrdE_000615_000625.mp4,weaving basket,390
11685,data/k400/train/Jl17mwtlE80_000009_000019.mp4,weaving basket,390
11686,data/k400/train/JmBQNGHZQAk_000233_000243.mp4,weaving basket,390
11687,data/k400/train/NoQpaAbltHo_001186_001196.mp4,weaving basket,390
11688,data/k400/train/QR7g2DZquUM_000035_000045.mp4,weaving basket,390
11689,data/k400/train/RIK2m4IJF8c_000000_000010.mp4,weaving basket,390
11690,data/k400/train/SjtuG0wnhzE_000132_000142.mp4,weaving basket,390
11691,data/k400/train/UG8SrBHg9zc_000673_000683.mp4,weaving basket,390
11692,data/k400/train/ZC6PmSMP-AA_000000_000010.mp4,weaving basket,390
11693,data/k400/train/cbPH5swAPAY_000302_000312.mp4,weaving basket,390
11694,data/k400/train/gXXlF_c5qEs_000120_000130.mp4,weaving basket,390
11695,data/k400/train/mHdfM-1JX4g_000023_000033.mp4,weaving basket,390
11696,data/k400/train/oBydJW-Aclw_000266_000276.mp4,weaving basket,390
11697,data/k400/train/tCrd3D3LPHw_000066_000076.mp4,weaving basket,390
11698,data/k400/train/vQl_JSM63es_000922_000932.mp4,weaving basket,390
11699,data/k400/train/-KS4TcXps5o_000391_000401.mp4,welding,391
11700,data/k400/train/-a3UohTW8Rw_000044_000054.mp4,welding,391
11701,data/k400/train/0_uCAYQJCag_000070_000080.mp4,welding,391
11702,data/k400/train/4VwlP-JVy1g_000057_000067.mp4,welding,391
11703,data/k400/train/7GUd5xLfJUY_000000_000010.mp4,welding,391
11704,data/k400/train/7r7YrNHdUlE_000010_000020.mp4,welding,391
11705,data/k400/train/8WbAS3yK9Ao_000325_000335.mp4,welding,391
11706,data/k400/train/8Z_4ppzkbbg_000003_000013.mp4,welding,391
11707,data/k400/train/9enOGiIQ-eQ_000003_000013.mp4,welding,391
11708,data/k400/train/9iWUg_usVZs_000002_000012.mp4,welding,391
11709,data/k400/train/A_1LhoS_Lys_000000_000010.mp4,welding,391
11710,data/k400/train/CSAJY3JyumM_000003_000013.mp4,welding,391
11711,data/k400/train/E16fbrTEmwQ_000048_000058.mp4,welding,391
11712,data/k400/train/GbGiPQb0OQM_000085_000095.mp4,welding,391
11713,data/k400/train/I37lwykTbIo_000069_000079.mp4,welding,391
11714,data/k400/train/Ku6LGc1fLiY_000138_000148.mp4,welding,391
11715,data/k400/train/M7bdGo2Lr-0_000593_000603.mp4,welding,391
11716,data/k400/train/Ov59U1ZX0p0_000011_000021.mp4,welding,391
11717,data/k400/train/Q4gZD-LkS1s_000450_000460.mp4,welding,391
11718,data/k400/train/TtlbaKMfZ1c_000263_000273.mp4,welding,391
11719,data/k400/train/UTe0FOUeURk_000000_000010.mp4,welding,391
11720,data/k400/train/XC14ll3TFcI_000159_000169.mp4,welding,391
11721,data/k400/train/XeXAsSj22yo_000024_000034.mp4,welding,391
11722,data/k400/train/_g4CL8z-HwY_000171_000181.mp4,welding,391
11723,data/k400/train/dAQKeP316lI_000001_000011.mp4,welding,391
11724,data/k400/train/f38Ey5bUp5c_000019_000029.mp4,welding,391
11725,data/k400/train/g5I7TVDAvcc_000013_000023.mp4,welding,391
11726,data/k400/train/lSokX03byoI_000011_000021.mp4,welding,391
11727,data/k400/train/lX4pMRAIws8_000248_000258.mp4,welding,391
11728,data/k400/train/lsPHSiJh05I_000397_000407.mp4,welding,391
11729,data/k400/train/mllffD6FMCk_000100_000110.mp4,welding,391
11730,data/k400/train/nok-MHK5AgI_000002_000012.mp4,welding,391
11731,data/k400/train/otqM10fTuR8_000387_000397.mp4,welding,391
11732,data/k400/train/qZRpA_5N9A0_000228_000238.mp4,welding,391
11733,data/k400/train/qw-1Tb_NLV4_000012_000022.mp4,welding,391
11734,data/k400/train/rpqE9SQTkkc_000339_000349.mp4,welding,391
11735,data/k400/train/sZR82_W7CsI_000045_000055.mp4,welding,391
11736,data/k400/train/u3bx2EaxouY_000003_000013.mp4,welding,391
11737,data/k400/train/uw_ixFz4SE8_000026_000036.mp4,welding,391
11738,data/k400/train/xhU1zESeR14_000028_000038.mp4,welding,391
11739,data/k400/train/4Iv4f3UAET0_000040_000050.mp4,whistling,392
11740,data/k400/train/IWxlWrfpk_g_000047_000057.mp4,whistling,392
11741,data/k400/train/NR8lVjtgDJk_000011_000021.mp4,whistling,392
11742,data/k400/train/QiIj2gDzaNI_000289_000299.mp4,whistling,392
11743,data/k400/train/Sn9_jkHCNS0_000045_000055.mp4,whistling,392
11744,data/k400/train/czVxpVEmbag_000167_000177.mp4,whistling,392
11745,data/k400/train/hDvw_Vwunxo_000002_000012.mp4,whistling,392
11746,data/k400/train/kHaTl3UD1Xo_000051_000061.mp4,whistling,392
11747,data/k400/train/mGDZLXe-blU_000126_000136.mp4,whistling,392
11748,data/k400/train/ntksmFXynbs_000085_000095.mp4,whistling,392
11749,data/k400/train/t5t-nB2w7I8_000010_000020.mp4,whistling,392
11750,data/k400/train/-5HemBLbCrQ_000078_000088.mp4,windsurfing,393
11751,data/k400/train/-A-YeDNl78o_000009_000019.mp4,windsurfing,393
11752,data/k400/train/-hJSyonK-Bg_000024_000034.mp4,windsurfing,393
11753,data/k400/train/0PQIRt7u1Q8_000292_000302.mp4,windsurfing,393
11754,data/k400/train/0SnHUioIZTE_000018_000028.mp4,windsurfing,393
11755,data/k400/train/5zHm_eJ0R_Y_000088_000098.mp4,windsurfing,393
11756,data/k400/train/7FT-ENmRufg_000264_000274.mp4,windsurfing,393
11757,data/k400/train/A4kMemVpdkA_000233_000243.mp4,windsurfing,393
11758,data/k400/train/BaouGNoIGZc_000333_000343.mp4,windsurfing,393
11759,data/k400/train/BrjUkSTTIic_000007_000017.mp4,windsurfing,393
11760,data/k400/train/FTTSFuJ9lv4_000020_000030.mp4,windsurfing,393
11761,data/k400/train/Fsjut5mx5dQ_000340_000350.mp4,windsurfing,393
11762,data/k400/train/HhZrKyLPQks_000199_000209.mp4,windsurfing,393
11763,data/k400/train/I7oQBXqp1Sk_000057_000067.mp4,windsurfing,393
11764,data/k400/train/IUDzd2bqKhM_000094_000104.mp4,windsurfing,393
11765,data/k400/train/Jn3A7JFF8X0_000227_000237.mp4,windsurfing,393
11766,data/k400/train/KgdUwGEwt0A_000003_000013.mp4,windsurfing,393
11767,data/k400/train/LrrxtzmBDt4_000241_000251.mp4,windsurfing,393
11768,data/k400/train/NDBXhApErY0_000395_000405.mp4,windsurfing,393
11769,data/k400/train/NU7iurGOryo_000085_000095.mp4,windsurfing,393
11770,data/k400/train/NiOkL2MTexY_000059_000069.mp4,windsurfing,393
11771,data/k400/train/NjjU3pEIrKk_000079_000089.mp4,windsurfing,393
11772,data/k400/train/NlMVAmzOSJY_000232_000242.mp4,windsurfing,393
11773,data/k400/train/ODNxn04f-NQ_000086_000096.mp4,windsurfing,393
11774,data/k400/train/Q21AABXRVcQ_000061_000071.mp4,windsurfing,393
11775,data/k400/train/RtlAuK8Z554_000007_000017.mp4,windsurfing,393
11776,data/k400/train/SDy-rCMu6BM_000061_000071.mp4,windsurfing,393
11777,data/k400/train/TB9XKmIQ0Uo_000050_000060.mp4,windsurfing,393
11778,data/k400/train/TEWieNywUQ8_000172_000182.mp4,windsurfing,393
11779,data/k400/train/Ttk92rbqMyg_000027_000037.mp4,windsurfing,393
11780,data/k400/train/U76fodPz9H4_000084_000094.mp4,windsurfing,393
11781,data/k400/train/UNUYkffGD5g_000006_000016.mp4,windsurfing,393
11782,data/k400/train/W5HGF745Ecg_000000_000010.mp4,windsurfing,393
11783,data/k400/train/ZKvyiy2Q6AU_000241_000251.mp4,windsurfing,393
11784,data/k400/train/_tNSWTrNtYw_000081_000091.mp4,windsurfing,393
11785,data/k400/train/bHNHI7SETO4_000216_000226.mp4,windsurfing,393
11786,data/k400/train/bg2qZcW4Ajk_000004_000014.mp4,windsurfing,393
11787,data/k400/train/dn-obfflN_0_000030_000040.mp4,windsurfing,393
11788,data/k400/train/eEYPhhvXu7A_000225_000235.mp4,windsurfing,393
11789,data/k400/train/eSssVnTs0gw_000004_000014.mp4,windsurfing,393
11790,data/k400/train/ejlnRtG2nmg_000130_000140.mp4,windsurfing,393
11791,data/k400/train/fF9b1gCN_B4_000183_000193.mp4,windsurfing,393
11792,data/k400/train/hUcr76IB5Ls_000004_000014.mp4,windsurfing,393
11793,data/k400/train/k6DLVZdQHN8_000226_000236.mp4,windsurfing,393
11794,data/k400/train/kaFvr9h1wiw_000047_000057.mp4,windsurfing,393
11795,data/k400/train/o5oKXwjh7vk_000004_000014.mp4,windsurfing,393
11796,data/k400/train/os-srG0sVVc_000133_000143.mp4,windsurfing,393
11797,data/k400/train/p5WN9LTaGuE_000126_000136.mp4,windsurfing,393
11798,data/k400/train/qRUsxGml9bA_000126_000136.mp4,windsurfing,393
11799,data/k400/train/rPTgVS2lfgg_000084_000094.mp4,windsurfing,393
11800,data/k400/train/rxEHLL_BaTc_000194_000204.mp4,windsurfing,393
11801,data/k400/train/tV4_vi83ph0_000023_000033.mp4,windsurfing,393
11802,data/k400/train/uYd_KZ1yoyM_000474_000484.mp4,windsurfing,393
11803,data/k400/train/wFUIlUG76-0_000008_000018.mp4,windsurfing,393
11804,data/k400/train/x7u7u0hoiEg_000000_000010.mp4,windsurfing,393
11805,data/k400/train/zzdlWsN5x64_000051_000061.mp4,windsurfing,393
11806,data/k400/train/-ff8k7ezmv0_000379_000389.mp4,wrapping present,394
11807,data/k400/train/0PLaN0hmMDY_000162_000172.mp4,wrapping present,394
11808,data/k400/train/1N5e1bYo63g_000293_000303.mp4,wrapping present,394
11809,data/k400/train/1Ve41j9BnP8_000027_000037.mp4,wrapping present,394
11810,data/k400/train/2NpGusPVzpE_000099_000109.mp4,wrapping present,394
11811,data/k400/train/2llZOwFtrIM_000383_000393.mp4,wrapping present,394
11812,data/k400/train/6FZPGXXkaus_000149_000159.mp4,wrapping present,394
11813,data/k400/train/9ZBwBGN2fXQ_000214_000224.mp4,wrapping present,394
11814,data/k400/train/AMkyUP8U6go_000018_000028.mp4,wrapping present,394
11815,data/k400/train/BE5Dxmhuj4Q_000051_000061.mp4,wrapping present,394
11816,data/k400/train/CAB-4KfX8x0_000304_000314.mp4,wrapping present,394
11817,data/k400/train/Ck8IHfV7J28_000033_000043.mp4,wrapping present,394
11818,data/k400/train/Eaqf6cekoZ4_000030_000040.mp4,wrapping present,394
11819,data/k400/train/GAxdwT067oc_000320_000330.mp4,wrapping present,394
11820,data/k400/train/HKSkqf63Bok_000207_000217.mp4,wrapping present,394
11821,data/k400/train/HscLLuC-PQs_000003_000013.mp4,wrapping present,394
11822,data/k400/train/LFKKmqV70y0_000015_000025.mp4,wrapping present,394
11823,data/k400/train/M-3Wsn0_8xA_000168_000178.mp4,wrapping present,394
11824,data/k400/train/QTzZzvk2lkk_000108_000118.mp4,wrapping present,394
11825,data/k400/train/RTIUTvYTNb8_000016_000026.mp4,wrapping present,394
11826,data/k400/train/V4h6zztGkQI_000216_000226.mp4,wrapping present,394
11827,data/k400/train/YdGEu8nCsus_000343_000353.mp4,wrapping present,394
11828,data/k400/train/ZMq_t38cf3g_000136_000146.mp4,wrapping present,394
11829,data/k400/train/_rt1URAVraI_000076_000086.mp4,wrapping present,394
11830,data/k400/train/cjhT7Yo5p4k_000153_000163.mp4,wrapping present,394
11831,data/k400/train/eHbUZNWNUvQ_000201_000211.mp4,wrapping present,394
11832,data/k400/train/ebw_LZCT2DA_000045_000055.mp4,wrapping present,394
11833,data/k400/train/fmnGO1chfGM_000053_000063.mp4,wrapping present,394
11834,data/k400/train/kDXmJs9v-AI_000164_000174.mp4,wrapping present,394
11835,data/k400/train/kgRQuCo1t-g_000135_000145.mp4,wrapping present,394
11836,data/k400/train/ljWQJvYiGC8_000000_000010.mp4,wrapping present,394
11837,data/k400/train/pkPKmVEVSv0_000195_000205.mp4,wrapping present,394
11838,data/k400/train/q9SGMHvtbj4_000042_000052.mp4,wrapping present,394
11839,data/k400/train/uEU5N9cVxBE_000183_000193.mp4,wrapping present,394
11840,data/k400/train/z5ySZpfcO4Q_000056_000066.mp4,wrapping present,394
11841,data/k400/train/zTG8IRKTZBE_000064_000074.mp4,wrapping present,394
11842,data/k400/train/zaXs2e2tBL4_000050_000060.mp4,wrapping present,394
11843,data/k400/train/2v-o8mX_b3I_000000_000010.mp4,wrestling,395
11844,data/k400/train/35S_2xiMV-g_000367_000377.mp4,wrestling,395
11845,data/k400/train/6PJa5Put4x4_000004_000014.mp4,wrestling,395
11846,data/k400/train/9vK87i_4HaI_000094_000104.mp4,wrestling,395
11847,data/k400/train/QbXo6P_ETT4_000005_000015.mp4,wrestling,395
11848,data/k400/train/UP6GyIajyEc_000011_000021.mp4,wrestling,395
11849,data/k400/train/YKi1xrPUe4M_000091_000101.mp4,wrestling,395
11850,data/k400/train/YsEgb0QaliA_000049_000059.mp4,wrestling,395
11851,data/k400/train/_UThO52kNjU_000053_000063.mp4,wrestling,395
11852,data/k400/train/aRUwcvsBLkk_000035_000045.mp4,wrestling,395
11853,data/k400/train/bN4hA2qlJ_k_000241_000251.mp4,wrestling,395
11854,data/k400/train/c0omPTrqaec_000018_000028.mp4,wrestling,395
11855,data/k400/train/qlR-TG7veA4_000015_000025.mp4,wrestling,395
11856,data/k400/train/v_Xiz3Vr25M_000045_000055.mp4,wrestling,395
11857,data/k400/train/xxDEuPYBZ3I_000429_000439.mp4,wrestling,395
11858,data/k400/train/zekx7htGJoY_000681_000691.mp4,wrestling,395
11859,data/k400/train/0vBcF691jaU_000220_000230.mp4,writing,396
11860,data/k400/train/4fLK84GgO9E_000452_000462.mp4,writing,396
11861,data/k400/train/88FSaSWqZ5E_000073_000083.mp4,writing,396
11862,data/k400/train/8NtygAGbs9U_000714_000724.mp4,writing,396
11863,data/k400/train/9IsnGhnRsMQ_000020_000030.mp4,writing,396
11864,data/k400/train/EMqALISep_s_000249_000259.mp4,writing,396
11865,data/k400/train/G6GwMKb0aI8_000078_000088.mp4,writing,396
11866,data/k400/train/GCVN6wY3398_000595_000605.mp4,writing,396
11867,data/k400/train/Gd-SfEFmeIA_000045_000055.mp4,writing,396
11868,data/k400/train/K7e4QBxtCl8_000162_000172.mp4,writing,396
11869,data/k400/train/KOt3h7L-ENs_000315_000325.mp4,writing,396
11870,data/k400/train/LXgzGahBWY4_000079_000089.mp4,writing,396
11871,data/k400/train/Pb1x0fvDQkI_000141_000151.mp4,writing,396
11872,data/k400/train/RLgNS8oI0Rs_000083_000093.mp4,writing,396
11873,data/k400/train/RW3A5Ror-UI_000072_000082.mp4,writing,396
11874,data/k400/train/SVZLrRFzjlo_000230_000240.mp4,writing,396
11875,data/k400/train/TL112a6B0F0_000214_000224.mp4,writing,396
11876,data/k400/train/Tk8hOR6_dRU_000507_000517.mp4,writing,396
11877,data/k400/train/YvraA4qFHEc_000410_000420.mp4,writing,396
11878,data/k400/train/ZIxUtwO29r8_000122_000132.mp4,writing,396
11879,data/k400/train/ZdPxHvGB1Xo_000111_000121.mp4,writing,396
11880,data/k400/train/iouoFMFO-kM_000026_000036.mp4,writing,396
11881,data/k400/train/jZdU-wK-Wuo_000494_000504.mp4,writing,396
11882,data/k400/train/m4EoEeV1ICo_000174_000184.mp4,writing,396
11883,data/k400/train/oHth-WiIFYc_000067_000077.mp4,writing,396
11884,data/k400/train/p-M6O_BIh-k_000032_000042.mp4,writing,396
11885,data/k400/train/qJWZ3kVipdo_000107_000117.mp4,writing,396
11886,data/k400/train/qu_5XX2_aJI_000083_000093.mp4,writing,396
11887,data/k400/train/vXppH8bPvTQ_001157_001167.mp4,writing,396
11888,data/k400/train/wP0038m8bSg_000069_000079.mp4,writing,396
11889,data/k400/train/wudGVAqvor0_000311_000321.mp4,writing,396
11890,data/k400/train/yleZHUcryPc_000071_000081.mp4,writing,396
11891,data/k400/train/AjUfad2-QoA_000004_000014.mp4,yawning,397
11892,data/k400/train/E5ql8fqwvxQ_000006_000016.mp4,yawning,397
11893,data/k400/train/KBU_SFNLuAo_000004_000014.mp4,yawning,397
11894,data/k400/train/NYwjUgUJ_FE_000004_000014.mp4,yawning,397
11895,data/k400/train/PPElje45tts_000008_000018.mp4,yawning,397
11896,data/k400/train/RweVZMDFK2I_000005_000015.mp4,yawning,397
11897,data/k400/train/gAu9zxCKHtc_000004_000014.mp4,yawning,397
11898,data/k400/train/oPWMFvwm_uY_000012_000022.mp4,yawning,397
11899,data/k400/train/qWj4ES2Z3bw_000024_000034.mp4,yawning,397
11900,data/k400/train/vzGei32aQI0_000056_000066.mp4,yawning,397
11901,data/k400/train/xls73iKj3mI_000010_000020.mp4,yawning,397
11902,data/k400/train/14tkt-psylg_000000_000010.mp4,yoga,398
11903,data/k400/train/24mbfHUfYhE_000216_000226.mp4,yoga,398
11904,data/k400/train/2VGFcJ84qeo_000026_000036.mp4,yoga,398
11905,data/k400/train/2gCnE_T_yMM_000086_000096.mp4,yoga,398
11906,data/k400/train/2y6wWTIFK-s_000036_000046.mp4,yoga,398
11907,data/k400/train/6m9HTPcOoN8_000099_000109.mp4,yoga,398
11908,data/k400/train/8bvGuq9qXTQ_000156_000166.mp4,yoga,398
11909,data/k400/train/B_Z_y0K31og_000166_000176.mp4,yoga,398
11910,data/k400/train/Cfy8vMX21Fk_000022_000032.mp4,yoga,398
11911,data/k400/train/EkNNfFqC6JE_000012_000022.mp4,yoga,398
11912,data/k400/train/M6mvafZiaKk_000029_000039.mp4,yoga,398
11913,data/k400/train/MrImTqqSEdQ_000043_000053.mp4,yoga,398
11914,data/k400/train/OnFzN5jpT9w_000022_000032.mp4,yoga,398
11915,data/k400/train/RwUnxM9f5KI_000002_000012.mp4,yoga,398
11916,data/k400/train/RxQWqJF2taY_000627_000637.mp4,yoga,398
11917,data/k400/train/TFnmgc_H-5o_000219_000229.mp4,yoga,398
11918,data/k400/train/T_2yTg1dZ6Y_000006_000016.mp4,yoga,398
11919,data/k400/train/UkPk-vmLDKg_000010_000020.mp4,yoga,398
11920,data/k400/train/V4X4DEa_zX0_000089_000099.mp4,yoga,398
11921,data/k400/train/VStU43AjmXc_000151_000161.mp4,yoga,398
11922,data/k400/train/YaH5U2m2R44_000027_000037.mp4,yoga,398
11923,data/k400/train/Ygov7rDebJ4_000301_000311.mp4,yoga,398
11924,data/k400/train/YnMMMWcB8mw_000234_000244.mp4,yoga,398
11925,data/k400/train/ZGt3UK2iVGE_000019_000029.mp4,yoga,398
11926,data/k400/train/_efndh2U3Ng_000026_000036.mp4,yoga,398
11927,data/k400/train/_sY9edSWqGE_000093_000103.mp4,yoga,398
11928,data/k400/train/a3DzU4EPAj8_000511_000521.mp4,yoga,398
11929,data/k400/train/arCM6lribhY_000165_000175.mp4,yoga,398
11930,data/k400/train/bMMlzQsQPk4_000053_000063.mp4,yoga,398
11931,data/k400/train/brFK6C0nqos_000045_000055.mp4,yoga,398
11932,data/k400/train/cnnA38NZ77k_000015_000025.mp4,yoga,398
11933,data/k400/train/e4fjXb0XHtE_000043_000053.mp4,yoga,398
11934,data/k400/train/ef-3w-ljyfk_000172_000182.mp4,yoga,398
11935,data/k400/train/fZkxt-VrerU_000014_000024.mp4,yoga,398
11936,data/k400/train/g-D_4USE8Nw_000298_000308.mp4,yoga,398
11937,data/k400/train/knDxbWJIcjI_000074_000084.mp4,yoga,398
11938,data/k400/train/n0qnu4aV-ZA_000084_000094.mp4,yoga,398
11939,data/k400/train/nk54aOX2XTw_000050_000060.mp4,yoga,398
11940,data/k400/train/oYJMEoDGsXY_000009_000019.mp4,yoga,398
11941,data/k400/train/pgVj-aoATrc_000276_000286.mp4,yoga,398
11942,data/k400/train/pnfXUhvGQEM_000001_000011.mp4,yoga,398
11943,data/k400/train/ri1X4YlNRLU_001532_001542.mp4,yoga,398
11944,data/k400/train/s3tjZG60oHM_000081_000091.mp4,yoga,398
11945,data/k400/train/s5Euu7Fwvrc_000343_000353.mp4,yoga,398
11946,data/k400/train/t1kFeg7-cYw_000022_000032.mp4,yoga,398
11947,data/k400/train/twesbQYbSnM_000110_000120.mp4,yoga,398
11948,data/k400/train/uWyLAfkSQvU_000218_000228.mp4,yoga,398
11949,data/k400/train/v7hapgiuUsM_000107_000117.mp4,yoga,398
11950,data/k400/train/vBEfl41a7fw_000008_000018.mp4,yoga,398
11951,data/k400/train/vBIj2oaKTLE_000005_000015.mp4,yoga,398
11952,data/k400/train/vl90BceStfs_000015_000025.mp4,yoga,398
11953,data/k400/train/wAhNFc7FQXM_000013_000023.mp4,yoga,398
11954,data/k400/train/xVBYM-kC7u0_000061_000071.mp4,yoga,398
11955,data/k400/train/xVV_1EtDDrE_000194_000204.mp4,yoga,398
11956,data/k400/train/xnBxmiHWJC4_000004_000014.mp4,yoga,398
11957,data/k400/train/ySdWqoacDiA_000001_000011.mp4,yoga,398
11958,data/k400/train/zE-0p6dGfSI_000083_000093.mp4,yoga,398
11959,data/k400/train/zvqScmcr2ig_000017_000027.mp4,yoga,398
11960,data/k400/train/-Uw55I6B6s0_000123_000133.mp4,zumba,399
11961,data/k400/train/25I55xFMbc4_000005_000015.mp4,zumba,399
11962,data/k400/train/4T1wRPtF-Y0_000066_000076.mp4,zumba,399
11963,data/k400/train/8VNn_AQy7c0_000090_000100.mp4,zumba,399
11964,data/k400/train/ADGARq1OMGE_000150_000160.mp4,zumba,399
11965,data/k400/train/BfV2X95r_Es_000029_000039.mp4,zumba,399
11966,data/k400/train/E2W2LejTYsk_000148_000158.mp4,zumba,399
11967,data/k400/train/F66I1nc-bbQ_000146_000156.mp4,zumba,399
11968,data/k400/train/HOlcjt-BBtY_000002_000012.mp4,zumba,399
11969,data/k400/train/HjAWLkq6efY_000042_000052.mp4,zumba,399
11970,data/k400/train/JlpftPMLz88_000210_000220.mp4,zumba,399
11971,data/k400/train/Ml39p8ez3g8_000003_000013.mp4,zumba,399
11972,data/k400/train/NVfCh0rnguQ_000062_000072.mp4,zumba,399
11973,data/k400/train/Nc1jK_VpawE_000031_000041.mp4,zumba,399
11974,data/k400/train/OFsFSZSlduQ_000084_000094.mp4,zumba,399
11975,data/k400/train/OrKPemEVdCo_000022_000032.mp4,zumba,399
11976,data/k400/train/Y4-5vdrQ2Y0_000121_000131.mp4,zumba,399
11977,data/k400/train/bLa_qowhhf4_000144_000154.mp4,zumba,399
11978,data/k400/train/gBh0xoecKMM_000215_000225.mp4,zumba,399
11979,data/k400/train/hMobrnvAbnU_000096_000106.mp4,zumba,399
11980,data/k400/train/h_wK0nCdMAA_000002_000012.mp4,zumba,399
11981,data/k400/train/jiVWnkILljo_000028_000038.mp4,zumba,399
11982,data/k400/train/kszQX1bAImY_000074_000084.mp4,zumba,399
11983,data/k400/train/lPMl_HHx_a8_000019_000029.mp4,zumba,399
11984,data/k400/train/mqK3dY0pZ68_000147_000157.mp4,zumba,399
11985,data/k400/train/o6r7Gr6wlMA_000010_000020.mp4,zumba,399
11986,data/k400/train/oVd5sCKTPyQ_000007_000017.mp4,zumba,399
11987,data/k400/train/p1nxNCRfr-4_000078_000088.mp4,zumba,399
11988,data/k400/train/pWPZVkEnPKw_000018_000028.mp4,zumba,399
11989,data/k400/train/pZ3yzg60HG0_000009_000019.mp4,zumba,399
11990,data/k400/train/q-EaoZU-kL4_000065_000075.mp4,zumba,399
11991,data/k400/train/rOnPN9k8JSk_000009_000019.mp4,zumba,399
11992,data/k400/train/rUl9aTeToNM_000030_000040.mp4,zumba,399
11993,data/k400/train/shbhPO7w5Po_000010_000020.mp4,zumba,399
11994,data/k400/train/t-CY09RijQ0_000000_000010.mp4,zumba,399
11995,data/k400/train/udLJro2aAbs_000031_000041.mp4,zumba,399
11996,data/k400/train/vCiz1cB0t0o_000151_000161.mp4,zumba,399
11997,data/k400/train/vRaY7utnTts_000012_000022.mp4,zumba,399
11998,data/k400/train/wZ4d4ZVM1iM_000073_000083.mp4,zumba,399
11999,data/k400/train/yKfDJW8H8Vs_000135_000145.mp4,zumba,399
